-- phpMyAdmin SQL Dump
-- version 5.2.1
-- https://www.phpmyadmin.net/
--
-- Host: localhost
-- Generation Time: 28 فبراير 2026 الساعة 13:38
-- إصدار الخادم: 10.4.28-MariaDB
-- PHP Version: 8.2.4

SET SQL_MODE = "NO_AUTO_VALUE_ON_ZERO";
START TRANSACTION;
SET time_zone = "+00:00";


/*!40101 SET @OLD_CHARACTER_SET_CLIENT=@@CHARACTER_SET_CLIENT */;
/*!40101 SET @OLD_CHARACTER_SET_RESULTS=@@CHARACTER_SET_RESULTS */;
/*!40101 SET @OLD_COLLATION_CONNECTION=@@COLLATION_CONNECTION */;
/*!40101 SET NAMES utf8mb4 */;

--
-- Database: `pe_smart_school`
--

-- --------------------------------------------------------

--
-- بنية الجدول `activity_log`
--

CREATE TABLE `activity_log` (
  `id` int(10) UNSIGNED NOT NULL,
  `school_id` int(10) UNSIGNED DEFAULT NULL,
  `user_id` int(10) UNSIGNED DEFAULT NULL,
  `action` varchar(50) NOT NULL,
  `entity_type` varchar(50) DEFAULT NULL,
  `entity_id` int(10) UNSIGNED DEFAULT NULL,
  `details` text DEFAULT NULL,
  `ip_address` varchar(45) DEFAULT NULL,
  `created_at` timestamp NULL DEFAULT current_timestamp()
) ENGINE=InnoDB DEFAULT CHARSET=utf8mb4 COLLATE=utf8mb4_unicode_ci;

--
-- إرجاع أو استيراد بيانات الجدول `activity_log`
--

INSERT INTO `activity_log` (`id`, `school_id`, `user_id`, `action`, `entity_type`, `entity_id`, `details`, `ip_address`, `created_at`) VALUES
(3, 1, 1, 'start', 'tournament', 4, NULL, '188.49.112.189', '2026-02-14 03:54:47'),
(4, 1, 1, 'match_result', 'match', 153, '1 - 0', '188.49.112.189', '2026-02-14 03:55:12'),
(5, 1, 1, 'match_result', 'match', 154, '1 - 0', '188.49.112.189', '2026-02-14 03:55:17'),
(6, 1, 1, 'match_result', 'match', 155, '0 - 1', '188.49.112.189', '2026-02-14 03:55:27'),
(7, 1, 1, 'match_result', 'match', 157, '0 - 1', '188.49.112.189', '2026-02-14 03:55:36'),
(8, 1, 1, 'complete', 'tournament', 1, NULL, '188.49.112.189', '2026-02-14 03:56:00'),
(9, 1, 1, 'create', 'tournament', 5, 'تجربةي', '188.49.112.189', '2026-02-14 03:56:31'),
(10, 1, 1, 'add_teams', 'tournament', 5, 'Added 7 classes', '188.49.112.189', '2026-02-14 03:56:51'),
(11, 1, 1, 'match_result', 'match', 162, '1 - 0', '188.49.112.189', '2026-02-14 03:57:05'),
(12, 1, 1, 'match_result', 'match', 163, '1 - 0', '188.49.112.189', '2026-02-14 03:57:27'),
(13, 1, 1, 'match_result', 'match', 164, '1 - 0', '188.49.112.189', '2026-02-14 03:57:41'),
(14, 1, 1, 'match_result', 'match', 166, '0 - 1', '188.49.112.189', '2026-02-14 03:58:03'),
(15, 1, 1, 'match_result', 'match', 167, '1 - 0', '188.49.112.189', '2026-02-14 03:58:10'),
(16, 1, 1, 'match_result', 'match', 168, '1 - 0', '188.49.112.189', '2026-02-14 03:58:20'),
(17, 1, 1, 'match_result', 'match', 176, '1 - 0', '188.49.112.189', '2026-02-14 04:06:40'),
(18, 1, 1, 'match_result', 'match', 177, '1 - 0', '188.49.112.189', '2026-02-14 04:06:45'),
(19, 1, 1, 'match_result', 'match', 178, '1 - 0', '188.49.112.189', '2026-02-14 04:06:52'),
(20, 1, 1, 'match_result', 'match', 180, '1 - 0', '188.49.112.189', '2026-02-14 04:07:03'),
(21, 1, 1, 'match_result', 'match', 181, '1 - 0', '188.49.112.189', '2026-02-14 04:07:12'),
(22, 1, 1, 'match_result', 'match', 182, '1 - 0', '188.49.112.189', '2026-02-14 04:07:19'),
(23, 1, 1, 'update', 'tournament', 5, NULL, '188.49.112.189', '2026-02-14 04:07:40'),
(24, 1, 1, 'match_result', 'match', 267, '1 - 0', '188.49.112.189', '2026-02-14 04:14:12'),
(25, 1, 1, 'match_result', 'match', 268, '1 - 0', '188.49.112.189', '2026-02-14 04:14:20'),
(26, 1, 1, 'match_result', 'match', 269, '1 - 0', '188.49.112.189', '2026-02-14 04:14:28'),
(27, 1, 1, 'match_result', 'match', 271, '1 - 0', '188.49.112.189', '2026-02-14 04:14:47'),
(28, 1, 1, 'match_result', 'match', 272, '1 - 0', '188.49.112.189', '2026-02-14 04:15:05'),
(29, 1, 1, 'match_result', 'match', 274, '1 - 0', '188.49.112.189', '2026-02-14 04:15:15'),
(30, 1, 1, 'match_result', 'match', 276, '1 - 0', '188.49.112.189', '2026-02-14 04:15:29'),
(31, 1, 1, 'match_result', 'match', 273, '1 - 0', '188.49.112.189', '2026-02-14 04:15:55'),
(32, 1, 1, 'match_result', 'match', 281, '1 - 0', '188.49.112.189', '2026-02-14 04:23:41'),
(33, 1, 1, 'match_result', 'match', 282, '1 - 0', '188.49.112.189', '2026-02-14 04:23:47'),
(34, 1, 1, 'match_result', 'match', 283, '1 - 0', '188.49.112.189', '2026-02-14 04:23:51'),
(35, 1, 1, 'match_result', 'match', 285, '1 - 0', '188.49.112.189', '2026-02-14 04:24:03'),
(36, 1, 1, 'match_result', 'match', 295, '1 - 0', '188.49.112.189', '2026-02-14 04:25:13'),
(37, 1, 1, 'match_result', 'match', 296, '1 - 0', '188.49.112.189', '2026-02-14 04:25:35'),
(38, 1, 1, 'match_result', 'match', 297, '1 - 0', '188.49.112.189', '2026-02-14 04:25:47'),
(39, 1, 1, 'match_result', 'match', 299, '1 - 0', '188.49.112.189', '2026-02-14 04:26:07'),
(40, 1, 1, 'login', 'user', 1, NULL, '2a02:cb80:4144:bab1:6ce5:e2e:cbb2:6a8d', '2026-02-14 14:41:16'),
(41, 1, 1, 'match_result', 'match', 309, '1 - 0', '2a02:cb80:4144:bab1:6ce5:e2e:cbb2:6a8d', '2026-02-14 14:41:40'),
(42, 1, 1, 'match_result', 'match', 310, '1 - 0', '2a02:cb80:4144:bab1:6ce5:e2e:cbb2:6a8d', '2026-02-14 14:42:02'),
(43, 1, 1, 'match_result', 'match', 311, '0 - 1', '2a02:cb80:4144:bab1:6ce5:e2e:cbb2:6a8d', '2026-02-14 14:43:23'),
(44, 1, 1, 'login', 'user', 1, NULL, '2001:16a2:c091:2a5:3955:e93c:964f:afd0', '2026-02-14 15:21:50'),
(45, 1, 1, 'login', 'user', 1, NULL, '46.153.169.14', '2026-02-14 16:18:55'),
(46, 1, 1, 'logout', 'user', 1, NULL, '46.153.169.14', '2026-02-14 17:13:16'),
(47, 1, 2, 'login', 'user', 2, NULL, '46.153.169.14', '2026-02-14 17:13:30'),
(48, 1, 1, 'login', 'user', 1, NULL, '46.153.169.14', '2026-02-14 17:23:51'),
(49, 1, 1, 'login', 'user', 1, NULL, '2a02:cb80:4144:bab1:6ce5:e2e:cbb2:6a8d', '2026-02-14 17:56:33'),
(50, 1, 1, 'login', 'user', 1, NULL, '2a02:cb80:4144:bab1:6ce5:e2e:cbb2:6a8d', '2026-02-14 18:40:21'),
(51, 1, 1, 'login', 'user', 1, NULL, '2a02:cb80:4144:bab1:7986:665b:f41:ee32', '2026-02-14 19:42:19'),
(52, 1, 1, 'login', 'user', 1, NULL, '2a02:cb80:4144:bab1:7986:665b:f41:ee32', '2026-02-14 19:54:12'),
(53, 1, 1, 'login', 'user', 1, NULL, '188.49.112.189', '2026-02-14 20:20:44'),
(54, 1, 1, 'logout', 'user', 1, NULL, '188.49.112.189', '2026-02-14 20:21:29'),
(55, 1, 1, 'login', 'user', 1, NULL, '188.49.112.189', '2026-02-14 20:21:37'),
(56, 1, 1, 'match_result', 'match', 323, '1 - 0', '188.49.112.189', '2026-02-14 21:04:40'),
(57, 1, 1, 'match_result', 'match', 324, '1 - 0', '188.49.112.189', '2026-02-14 21:04:53'),
(58, 1, 1, 'match_result', 'match', 325, '1 - 0', '188.49.112.189', '2026-02-14 21:05:10'),
(59, 1, 1, 'match_result', 'match', 327, '1 - 0', '188.49.112.189', '2026-02-14 21:05:20'),
(60, 1, 1, 'match_result', 'match', 328, '1 - 0', '188.49.112.189', '2026-02-14 21:05:33'),
(61, 1, 1, 'match_result', 'match', 329, '1 - 0', '188.49.112.189', '2026-02-14 21:05:49'),
(62, 1, 1, 'match_result', 'match', 353, '0 - 1', '188.49.112.189', '2026-02-14 21:08:53'),
(63, 1, 1, 'match_result', 'match', 368, '0 - 1', '188.49.112.189', '2026-02-14 21:12:05'),
(64, 1, 1, 'update', 'tournament', 5, NULL, '188.49.112.189', '2026-02-14 21:22:02'),
(65, 1, 1, 'match_result', 'match', 396, '1 - 0', '188.49.112.189', '2026-02-14 21:22:34'),
(66, 1, 1, 'update', 'tournament', 5, NULL, '188.49.112.189', '2026-02-14 21:24:16'),
(67, 1, 1, 'update', 'tournament', 5, NULL, '188.49.112.189', '2026-02-14 21:25:07'),
(68, 1, 1, 'update', 'tournament', 5, NULL, '188.49.112.189', '2026-02-14 21:36:25'),
(69, 1, 1, 'match_result', 'match', 439, '1 - 0', '188.49.112.189', '2026-02-14 21:36:42'),
(70, 1, 1, 'login', 'user', 1, NULL, '46.153.169.14', '2026-02-15 04:41:03'),
(71, 1, 1, 'save_fitness', 'student_fitness', 1, 'Records: 3', '46.153.169.14', '2026-02-15 04:43:29'),
(72, 1, 1, 'update', 'tournament', 5, NULL, '46.153.169.14', '2026-02-15 04:44:04'),
(73, 1, 1, 'login', 'user', 1, NULL, '46.153.169.14', '2026-02-15 05:44:12'),
(74, 1, 1, 'login', 'user', 1, NULL, '46.153.169.14', '2026-02-15 05:45:23'),
(75, 1, 1, 'login', 'user', 1, NULL, '46.153.169.14', '2026-02-15 06:28:34'),
(76, 1, 1, 'login', 'user', 1, NULL, '46.153.169.14', '2026-02-15 06:38:00'),
(77, 1, 1, 'logout', 'user', 1, NULL, '46.153.169.14', '2026-02-15 06:45:48'),
(78, 1, 1, 'login', 'user', 1, NULL, '46.153.169.14', '2026-02-15 06:45:56'),
(79, 1, 1, 'login', 'user', 1, NULL, '46.153.169.14', '2026-02-15 06:53:39'),
(80, 1, 1, 'login', 'user', 1, NULL, '46.153.169.14', '2026-02-15 06:54:26'),
(81, 1, 1, 'login', 'user', 1, NULL, '46.153.169.14', '2026-02-15 07:03:31'),
(82, 1, 1, 'update', 'tournament', 5, NULL, '46.153.169.14', '2026-02-15 07:38:13'),
(83, 1, 1, 'update', 'tournament', 5, NULL, '46.153.169.14', '2026-02-15 07:41:58'),
(84, 1, 1, 'add_teams', 'tournament', 5, 'Added 7 classes', '46.153.169.14', '2026-02-15 07:43:39'),
(85, 1, 1, 'start', 'tournament', 5, NULL, '46.153.169.14', '2026-02-15 07:43:57'),
(86, 1, 1, 'match_result', 'match', 518, '1 - 0', '46.153.169.14', '2026-02-15 07:44:07'),
(87, 1, 1, 'match_result', 'match', 519, '0 - 1', '46.153.169.14', '2026-02-15 07:44:22'),
(88, 1, 1, 'match_result', 'match', 520, '1 - 0', '46.153.169.14', '2026-02-15 07:44:36'),
(89, 1, 1, 'match_result', 'match', 522, '1 - 0', '46.153.169.14', '2026-02-15 07:45:13'),
(90, 1, 1, 'match_result', 'match', 523, '1 - 0', '46.153.169.14', '2026-02-15 07:45:18'),
(91, 1, 1, 'match_result', 'match', 524, '1 - 0', '46.153.169.14', '2026-02-15 07:45:26'),
(92, 1, 1, 'create', 'tournament', 6, 'تجربة خروج المغلوب من مباراتين', '46.153.169.14', '2026-02-15 07:46:48'),
(93, 1, 1, 'add_teams', 'tournament', 6, 'Added 7 classes', '46.153.169.14', '2026-02-15 07:46:59'),
(94, 1, 1, 'start', 'tournament', 6, NULL, '46.153.169.14', '2026-02-15 07:55:29'),
(95, 1, 1, 'match_result', 'match', 539, '1 - 2', '46.153.169.14', '2026-02-15 07:55:40'),
(96, 1, 1, 'match_result', 'match', 540, '1 - 0', '46.153.169.14', '2026-02-15 07:56:24'),
(97, 1, 1, 'match_result', 'match', 541, '1 - 0', '46.153.169.14', '2026-02-15 07:56:30'),
(98, 1, 1, 'match_result', 'match', 543, '1 - 0', '46.153.169.14', '2026-02-15 07:56:55'),
(99, 1, 1, 'match_result', 'match', 544, '1 - 0', '46.153.169.14', '2026-02-15 07:57:01'),
(100, 1, 1, 'match_result', 'match', 545, '1 - 0', '46.153.169.14', '2026-02-15 07:57:17'),
(101, 1, 1, 'create', 'tournament', 7, 'بطولة خروج المغلوب من مرتين تجربة (2)', '46.153.169.14', '2026-02-15 08:40:08'),
(102, 1, 1, 'add_teams', 'tournament', 7, 'Added 7 classes', '46.153.169.14', '2026-02-15 08:40:15'),
(103, 1, 1, 'start', 'tournament', 7, NULL, '46.153.169.14', '2026-02-15 08:42:18'),
(104, 1, 1, 'match_result', 'match', 553, '1 - 0', '46.153.169.14', '2026-02-15 08:42:22'),
(105, 1, 1, 'match_result', 'match', 554, '1 - 0', '46.153.169.14', '2026-02-15 08:42:46'),
(106, 1, 1, 'login', 'user', 1, NULL, '46.153.169.14', '2026-02-15 08:49:24'),
(107, 1, 1, 'login', 'user', 1, NULL, '46.153.169.14', '2026-02-15 08:54:04'),
(108, 1, 1, 'login', 'user', 1, NULL, '46.153.169.14', '2026-02-15 09:49:35'),
(109, 1, 1, 'delete', 'class', 3, NULL, '46.153.169.14', '2026-02-15 10:21:53'),
(110, 1, 1, 'update', 'class', 8, '3/3', '46.153.169.14', '2026-02-15 10:22:05'),
(111, 1, 1, 'update', 'class', 9, '2/3', '46.153.169.14', '2026-02-15 10:22:13'),
(112, 1, 1, 'delete', 'student', 10, NULL, '46.153.169.14', '2026-02-15 10:22:23'),
(113, 1, 1, 'delete', 'student', 9, NULL, '46.153.169.14', '2026-02-15 10:22:27'),
(114, 1, 1, 'delete', 'student', 2, NULL, '46.153.169.14', '2026-02-15 10:22:29'),
(115, 1, 1, 'delete', 'student', 40, NULL, '46.153.169.14', '2026-02-15 10:22:32'),
(116, 1, 1, 'delete', 'student', 31, NULL, '46.153.169.14', '2026-02-15 10:22:34'),
(117, 1, 1, 'delete', 'student', 17, NULL, '46.153.169.14', '2026-02-15 10:22:37'),
(118, 1, 1, 'login', 'user', 1, NULL, '2a02:cb80:4072:6cdb:9854:9206:906e:1a05', '2026-02-15 15:58:35'),
(119, 1, 1, 'login', 'user', 1, NULL, '2a02:cb80:4072:6cdb:991a:5957:35ed:5e27', '2026-02-15 16:09:00'),
(120, 1, 1, 'import_students', 'students', NULL, 'Imported: 118, Updated: 0, Skipped: 0', '2a02:cb80:4072:6cdb:991a:5957:35ed:5e27', '2026-02-15 17:34:00'),
(121, 1, 1, 'logout', 'user', 1, NULL, '2a02:cb80:4072:6cdb:991a:5957:35ed:5e27', '2026-02-15 17:40:01'),
(122, 1, 2, 'login', 'user', 2, NULL, '2a02:cb80:4072:6cdb:991a:5957:35ed:5e27', '2026-02-15 17:40:11'),
(123, 1, 2, 'logout', 'user', 2, NULL, '2a02:cb80:4072:6cdb:991a:5957:35ed:5e27', '2026-02-15 17:42:12'),
(124, 1, 1, 'login', 'user', 1, NULL, '2a02:cb80:4072:6cdb:991a:5957:35ed:5e27', '2026-02-15 17:42:19'),
(125, 1, 1, 'update', 'user', 2, 'إسماعيل البساوي', '2a02:cb80:4072:6cdb:991a:5957:35ed:5e27', '2026-02-15 17:42:40'),
(126, 1, 1, 'update', 'user', 3, 'مدير المدرسة', '2a02:cb80:4072:6cdb:991a:5957:35ed:5e27', '2026-02-15 17:43:04'),
(127, 1, 1, 'logout', 'user', 1, NULL, '2a02:cb80:4072:6cdb:991a:5957:35ed:5e27', '2026-02-15 17:43:19'),
(128, 1, 3, 'login', 'user', 3, NULL, '2a02:cb80:4072:6cdb:991a:5957:35ed:5e27', '2026-02-15 17:43:27'),
(129, 1, 3, 'logout', 'user', 3, NULL, '2a02:cb80:4072:6cdb:991a:5957:35ed:5e27', '2026-02-15 18:40:18'),
(130, 1, 2, 'login', 'user', 2, NULL, '2a02:cb80:4072:6cdb:991a:5957:35ed:5e27', '2026-02-15 18:40:33'),
(131, 1, 2, 'logout', 'user', 2, NULL, '2a02:cb80:4072:6cdb:991a:5957:35ed:5e27', '2026-02-15 19:01:13'),
(132, 1, 1, 'login', 'user', 1, NULL, '2a02:cb80:4072:6cdb:991a:5957:35ed:5e27', '2026-02-15 19:01:17'),
(133, 1, 1, 'update', 'user', 4, 'أيمن محمد', '2a02:cb80:4072:6cdb:991a:5957:35ed:5e27', '2026-02-15 19:01:56'),
(134, 1, 1, 'logout', 'user', 1, NULL, '2a02:cb80:4072:6cdb:991a:5957:35ed:5e27', '2026-02-15 19:02:19'),
(135, 1, 4, 'login', 'user', 4, NULL, '2a02:cb80:4072:6cdb:991a:5957:35ed:5e27', '2026-02-15 19:02:34'),
(136, 1, 1, 'login', 'user', 1, NULL, '2a02:cb80:4072:6cdb:991a:5957:35ed:5e27', '2026-02-15 19:36:50'),
(137, 1, 1, 'login', 'user', 1, NULL, '46.153.169.14', '2026-02-16 03:50:26'),
(138, 1, 1, 'save_attendance', 'attendance', NULL, 'Date: 2026-02-16, Records: 22', '46.153.169.14', '2026-02-16 03:51:54'),
(139, 1, 1, 'login', 'user', 1, NULL, '46.153.169.14', '2026-02-16 05:58:18'),
(140, 1, 1, 'login', 'user', 1, NULL, '2001:16a4:19:aa65:cc52:5dd0:bac7:1096', '2026-02-18 09:26:17'),
(141, 1, 1, 'login', 'user', 1, NULL, '::1', '2026-02-20 19:38:13'),
(142, 1, 1, 'login', 'user', 1, NULL, '::1', '2026-02-20 19:38:45'),
(143, 1, 1, 'create', 'tournament', 8, 'تجربة خروج المغلوب من مرتين', '::1', '2026-02-20 20:03:11'),
(144, 1, 1, 'add_teams', 'tournament', 8, 'Added 8 classes', '::1', '2026-02-20 20:03:29'),
(145, 1, 1, 'login', 'user', 1, NULL, '::1', '2026-02-20 20:10:29'),
(146, 1, 1, 'create', 'tournament', 9, 'Test Double Elimination', '::1', '2026-02-20 20:11:26'),
(147, 1, 1, 'update', 'tournament', 9, NULL, '::1', '2026-02-20 20:15:59'),
(148, 1, 1, 'match_result', 'match', 555, '2 - 0', '::1', '2026-02-20 20:31:21'),
(149, 1, 1, 'create', 'tournament', 10, 'Final Test DE', '::1', '2026-02-20 20:39:49'),
(150, 1, 1, 'create', 'tournament', 11, 'New DE Test', '::1', '2026-02-20 20:47:35'),
(151, 1, 1, 'start', 'tournament', 9, NULL, '::1', '2026-02-20 21:01:42'),
(152, 1, 1, 'match_result', 'match', 581, '1 - 0', '::1', '2026-02-20 21:01:48'),
(153, 1, 1, 'match_result', 'match', 582, '1 - 0', '::1', '2026-02-20 21:01:52'),
(154, 1, 1, 'match_result', 'match', 584, '1 - 0', '::1', '2026-02-20 21:02:21'),
(155, 1, 1, 'match_result', 'match', 583, '1 - 0', '::1', '2026-02-20 21:02:43'),
(156, 1, 1, 'match_result', 'match', 585, '0 - 1', '::1', '2026-02-20 21:03:15'),
(157, 1, 1, 'match_result', 'match', 586, '0 - 1', '::1', '2026-02-20 21:04:00'),
(158, 1, 1, 'match_result', 'match', 587, '0 - 1', '::1', '2026-02-20 21:04:19'),
(159, 1, 1, 'create', 'tournament', 12, 'Double Elimination Test', '::1', '2026-02-20 21:14:54'),
(160, 1, 1, 'delete', 'tournament', 12, NULL, '::1', '2026-02-20 21:34:43'),
(161, 1, 1, 'logout', 'user', 1, NULL, '::1', '2026-02-20 21:59:24'),
(162, 1, 1, 'login', 'user', 1, NULL, '::1', '2026-02-20 21:59:58'),
(163, 1, 1, 'create', 'sports_team', 1, 'فصل ١ / ١', '::1', '2026-02-20 22:09:21'),
(164, 1, 1, 'create', 'sports_team', 2, 'منتخب كرة القدم بالمدرسة', '::1', '2026-02-20 22:11:40'),
(165, 1, 1, 'lottery_create', 'sports_team', 3, 'فريق البراكين', '::1', '2026-02-20 22:41:17'),
(166, 1, 1, 'lottery_create', 'sports_team', 4, 'فريق الدروع', '::1', '2026-02-20 22:41:17'),
(167, 1, 1, 'lottery_create', 'sports_team', 5, 'فريق الأسود', '::1', '2026-02-20 22:41:17'),
(168, 1, 1, 'lottery_create', 'sports_team', 6, 'فريق النسور', '::1', '2026-02-20 22:41:17'),
(169, 1, 1, 'lottery_create', 'sports_team', 7, 'فريق الثيران', '::1', '2026-02-20 22:41:17'),
(170, 1, 1, 'lottery_create', 'sports_team', 8, 'فريق النمور', '::1', '2026-02-20 22:41:17'),
(171, 1, 1, 'lottery_create', 'sports_team', 9, 'فريق السيوف', '::1', '2026-02-20 22:41:17'),
(172, 1, 1, 'lottery_create', 'sports_team', 10, 'فريق الصقور', '::1', '2026-02-20 22:41:17'),
(173, 1, 1, 'create', 'tournament', 13, 'تجربة خروج المغلوب من مرتين', '::1', '2026-02-20 22:41:59'),
(174, 1, 1, 'delete', 'sports_team', 5, NULL, '::1', '2026-02-20 22:43:11'),
(175, 1, 1, 'delete', 'sports_team', 3, NULL, '::1', '2026-02-20 22:43:18'),
(176, 1, 1, 'delete', 'sports_team', 7, NULL, '::1', '2026-02-20 22:43:23'),
(177, 1, 1, 'update', 'sports_team', 4, 'فريق الأشبال', '::1', '2026-02-20 22:43:38'),
(178, 1, 1, 'delete', 'sports_team', 4, NULL, '::1', '2026-02-20 22:43:44'),
(179, 1, 1, 'delete', 'sports_team', 9, NULL, '::1', '2026-02-20 22:43:51'),
(180, 1, 1, 'delete', 'sports_team', 10, NULL, '::1', '2026-02-20 22:43:56'),
(181, 1, 1, 'delete', 'sports_team', 8, NULL, '::1', '2026-02-20 22:44:01'),
(182, 1, 1, 'logout', 'user', 1, NULL, '::1', '2026-02-20 23:22:22'),
(183, 1, 2, 'login', 'user', 2, NULL, '::1', '2026-02-20 23:22:43'),
(184, 1, 1, 'logout', 'user', 1, NULL, '::1', '2026-02-20 23:25:08'),
(185, 1, 2, 'login', 'user', 2, NULL, '::1', '2026-02-20 23:25:22'),
(186, 1, 2, 'logout', 'user', 2, NULL, '::1', '2026-02-20 23:25:49'),
(187, 1, 1, 'login', 'user', 1, NULL, '::1', '2026-02-20 23:25:53'),
(188, 1, 1, 'login', 'user', 1, NULL, '::1', '2026-02-20 23:30:30'),
(189, 1, 1, 'delete', 'tournament', 10, NULL, '::1', '2026-02-20 23:35:38'),
(190, 1, 1, 'delete', 'tournament', 11, NULL, '::1', '2026-02-20 23:35:47'),
(191, 1, 1, 'update', 'user', 8, 'Test', '::1', '2026-02-20 23:36:38'),
(192, 1, 1, 'login', 'user', 1, NULL, '127.0.0.1', '2026-02-20 23:50:33'),
(193, 1, 1, 'logout', 'user', 1, NULL, '::1', '2026-02-20 23:51:16'),
(194, 1, 1, 'login', 'user', 1, NULL, '::1', '2026-02-20 23:51:28'),
(195, 1, 1, 'update', 'class', 10, '1/4', '127.0.0.1', '2026-02-20 23:58:53'),
(196, 1, 1, 'logout', 'user', 1, NULL, '::1', '2026-02-21 00:05:31'),
(197, 1, 1, 'login', 'user', 1, NULL, '::1', '2026-02-21 00:05:39'),
(198, 1, 1, 'logout', 'user', 1, NULL, '::1', '2026-02-21 00:05:45'),
(199, 1, 1, 'login', 'user', 1, NULL, '::1', '2026-02-21 00:07:27'),
(200, 1, 1, 'unassign_class', 'teacher_classes', 2, 'Class: 8', '::1', '2026-02-21 00:09:09'),
(201, 1, 1, 'unassign_class', 'teacher_classes', 2, 'Class: 7', '::1', '2026-02-21 00:09:12'),
(202, 1, 1, 'unassign_class', 'teacher_classes', 2, 'Class: 6', '::1', '2026-02-21 00:09:15'),
(203, 1, 1, 'assign_class', 'teacher_classes', 4, 'Class: 6, Temp: 0', '::1', '2026-02-21 00:09:48'),
(204, 1, 1, 'assign_class', 'teacher_classes', 4, 'Class: 7, Temp: 0', '::1', '2026-02-21 00:09:53'),
(205, 1, 1, 'assign_class', 'teacher_classes', 4, 'Class: 8, Temp: 0', '::1', '2026-02-21 00:09:56'),
(206, 1, 1, 'assign_class', 'teacher_classes', 8, 'Class: 1, Temp: 0', '::1', '2026-02-21 00:10:12'),
(207, 1, 1, 'logout', 'user', 1, NULL, '::1', '2026-02-21 00:10:56'),
(208, 1, 2, 'login', 'user', 2, NULL, '::1', '2026-02-21 00:11:15'),
(209, 1, 2, 'logout', 'user', 2, NULL, '::1', '2026-02-21 00:12:35'),
(210, 1, 1, 'login', 'user', 1, NULL, '::1', '2026-02-21 00:12:44'),
(211, 1, 1, 'logout', 'user', 1, NULL, '::1', '2026-02-21 00:23:52'),
(212, 1, 1, 'logout', 'user', 1, NULL, '::1', '2026-02-21 00:24:08'),
(213, 1, 2, 'login', 'user', 2, NULL, '::1', '2026-02-21 00:24:26'),
(214, 1, 1, 'login', 'user', 1, NULL, '::1', '2026-02-21 00:24:35'),
(215, 1, 1, 'update', 'user', 9, 'Supervisor Test', '::1', '2026-02-21 00:29:08'),
(216, 1, 1, 'logout', 'user', 1, NULL, '::1', '2026-02-21 00:32:42'),
(217, 1, NULL, 'login_failed', 'user', NULL, 'Username: testusersuper1', '::1', '2026-02-21 00:33:17'),
(218, 1, NULL, 'login_failed', 'user', NULL, 'Username: testusersuper1admin', '::1', '2026-02-21 00:33:54'),
(219, 1, NULL, 'login_failed', 'user', NULL, 'Username: testusersuper1adminadmin', '::1', '2026-02-21 00:34:44'),
(220, 1, 1, 'login', 'user', 1, NULL, '::1', '2026-02-21 00:35:14'),
(221, 1, 1, 'update', 'user', 10, 'Marwan Supervisor', '::1', '2026-02-21 00:37:40'),
(222, 1, 1, 'update', 'user', 10, 'Marwan Supervisor', '::1', '2026-02-21 00:38:22'),
(223, 1, 2, 'update_profile', 'user', 2, NULL, '::1', '2026-02-21 00:44:42'),
(224, 1, 2, 'update_profile', 'user', 2, NULL, '::1', '2026-02-21 00:45:01'),
(225, 1, 2, 'logout', 'user', 2, NULL, '::1', '2026-02-21 00:46:17'),
(226, 1, 1, 'login', 'user', 1, NULL, '::1', '2026-02-21 00:46:27'),
(227, 1, 1, 'delete', 'class', 10, NULL, '::1', '2026-02-21 00:46:36'),
(228, 1, 1, 'update_profile', 'user', 1, NULL, '::1', '2026-02-21 00:47:37'),
(229, 1, 1, 'update', 'user', 9, 'Supervisor Test', '::1', '2026-02-21 00:48:08'),
(230, 1, 1, 'delete', 'user', 10, NULL, '::1', '2026-02-21 00:48:30'),
(231, 1, 1, 'logout', 'user', 1, NULL, '::1', '2026-02-21 01:59:05'),
(232, 1, 1, 'login', 'user', 1, NULL, '::1', '2026-02-21 01:59:23'),
(233, 1, 1, 'login', 'user', 1, NULL, '127.0.0.1', '2026-02-21 02:19:10'),
(234, 1, 1, 'logout', 'user', 1, NULL, '127.0.0.1', '2026-02-21 02:21:08'),
(235, 1, NULL, 'login_failed', 'user', NULL, 'Username: 1146521727', '127.0.0.1', '2026-02-21 02:21:31'),
(236, 1, NULL, 'login_failed', 'user', NULL, 'Username: admin123', '127.0.0.1', '2026-02-21 02:21:56'),
(237, 1, 1, 'login', 'user', 1, NULL, '127.0.0.1', '2026-02-21 02:22:22'),
(238, 1, 1, 'logout', 'user', 1, NULL, '127.0.0.1', '2026-02-21 02:29:29'),
(239, 1, NULL, 'login_failed', 'user', NULL, 'Username: 1146521727', '127.0.0.1', '2026-02-21 02:30:02'),
(240, 1, 1, 'logout', 'user', 1, NULL, '::1', '2026-02-21 02:32:41'),
(241, 1, NULL, 'login_failed', 'user', NULL, 'Username: 1001', '::1', '2026-02-21 02:32:59'),
(242, 1, NULL, 'login_failed', 'user', NULL, 'Username: 1001', '::1', '2026-02-21 02:33:06'),
(243, 1, 1, 'login', 'user', 1, NULL, '127.0.0.1', '2026-02-21 02:33:22'),
(244, 1, 1, 'login', 'user', 1, NULL, '::1', '2026-02-21 02:34:34'),
(245, 1, 1, 'logout', 'user', 1, NULL, '127.0.0.1', '2026-02-21 02:35:48'),
(246, 1, 1, 'logout', 'user', 1, NULL, '::1', '2026-02-21 02:36:00'),
(247, 1, NULL, 'login_failed', 'user', NULL, 'Username: 1001', '::1', '2026-02-21 02:36:10'),
(248, 1, NULL, 'login_failed', 'user', NULL, 'Username: 1001', '::1', '2026-02-21 02:36:19'),
(249, 1, NULL, 'login_failed', 'user', NULL, 'Username: 1001', '::1', '2026-02-21 02:36:21'),
(250, 1, NULL, 'login_failed', 'user', NULL, 'Username: 1146521727', '127.0.0.1', '2026-02-21 02:36:39'),
(251, 1, NULL, 'login_failed', 'user', NULL, 'Username: 1001', '::1', '2026-02-21 02:37:30'),
(252, 1, NULL, 'login_failed', 'user', NULL, 'Username: 1001', '::1', '2026-02-21 02:37:33'),
(253, 1, 1, 'login', 'user', 1, NULL, '127.0.0.1', '2026-02-21 02:37:34'),
(254, 1, NULL, 'login_failed', 'user', NULL, 'Username: 1001', '::1', '2026-02-21 02:38:15'),
(255, 1, NULL, 'login_failed', 'user', NULL, 'Username: 1001', '::1', '2026-02-21 02:38:17'),
(256, 1, NULL, 'login_failed', 'user', NULL, 'Username: 1001', '::1', '2026-02-21 02:38:25'),
(257, 1, NULL, 'login_failed', 'user', NULL, 'Username: 1002', '::1', '2026-02-21 02:38:47'),
(258, 1, NULL, 'login_failed', 'user', NULL, 'Username: 1001', '::1', '2026-02-21 02:38:52'),
(259, 1, NULL, 'login_failed', 'user', NULL, 'Username: 1146521727', '::1', '2026-02-21 02:40:07'),
(260, 1, NULL, 'login_failed', 'user', NULL, 'Username: 1146521727', '::1', '2026-02-21 02:40:59'),
(261, 1, NULL, 'login_failed', 'user', NULL, 'Username: 1146521727', '::1', '2026-02-21 02:41:02'),
(262, 1, NULL, 'login_failed', 'user', NULL, 'Username: 1146521727', '::1', '2026-02-21 02:41:25'),
(263, 1, 1, 'logout', 'user', 1, NULL, '127.0.0.1', '2026-02-21 02:41:54'),
(264, 1, NULL, 'login_failed', 'user', NULL, 'Username: 1146521727', '127.0.0.1', '2026-02-21 02:42:49'),
(265, 1, NULL, 'login_failed', 'user', NULL, 'Username: 1146521727', '127.0.0.1', '2026-02-21 02:45:13'),
(271, 1, 1, 'login', 'user', 1, NULL, '127.0.0.1', '2026-02-21 02:48:28'),
(272, 1, 1, 'logout', 'user', 1, NULL, '::1', '2026-02-21 02:54:47'),
(286, 1, 1, 'login', 'user', 1, NULL, '::1', '2026-02-21 03:25:04'),
(287, 1, NULL, 'logout', 'user', NULL, NULL, '::1', '2026-02-21 07:24:21'),
(288, 1, NULL, 'login_failed', 'auth', NULL, 'Input: 1001', '::1', '2026-02-21 07:24:32'),
(289, 1, NULL, 'login_failed', 'auth', NULL, 'Input: 1001', '::1', '2026-02-21 07:24:37'),
(290, 1, NULL, 'login_failed', 'auth', NULL, 'Input: 1001', '::1', '2026-02-21 07:24:41'),
(291, 1, NULL, 'login_failed', 'auth', NULL, 'Input: 1006', '::1', '2026-02-21 07:25:02'),
(292, 1, NULL, 'login_failed', 'auth', NULL, 'Input: 1006', '::1', '2026-02-21 07:25:10'),
(293, 1, NULL, 'login_failed', 'auth', NULL, 'Input: 1011', '::1', '2026-02-21 07:26:19'),
(294, 1, NULL, 'login_failed', 'auth', NULL, 'Input: 1011', '::1', '2026-02-21 07:26:25'),
(295, 1, 1, 'login', 'user', 1, NULL, '::1', '2026-02-21 07:26:37'),
(296, 1, 1, 'logout', 'user', 1, NULL, '::1', '2026-02-21 07:27:21'),
(299, 1, NULL, 'logout', 'user', NULL, NULL, '::1', '2026-02-21 10:27:15'),
(300, 1, NULL, 'login_failed', 'auth', NULL, 'Input: 1001', '::1', '2026-02-21 10:27:29'),
(301, 1, NULL, 'login_failed', 'auth', NULL, 'Input: 1018', '::1', '2026-02-21 10:27:36'),
(302, 1, NULL, 'login_failed', 'auth', NULL, 'Input: 1018', '::1', '2026-02-21 10:27:38'),
(303, 1, NULL, 'login_failed', 'auth', NULL, 'Input: 1018', '::1', '2026-02-21 10:27:40'),
(304, 1, NULL, 'login_failed', 'auth', NULL, 'Input: 1018', '::1', '2026-02-21 10:27:49'),
(305, 1, 1, 'login', 'user', 1, NULL, '::1', '2026-02-21 10:28:16'),
(306, 1, 1, 'import_students', 'students', NULL, 'Imported: 0, Updated: 2, Skipped: 1', '::1', '2026-02-21 10:32:45'),
(307, 1, 1, 'import_students', 'students', NULL, 'Imported: 0, Updated: 2, Skipped: 1', '::1', '2026-02-21 10:51:09'),
(308, 1, 1, 'import_students', 'students', NULL, 'Imported: 0, Updated: 2, Skipped: 1', '::1', '2026-02-21 10:51:30'),
(309, 1, 1, 'import_students', 'students', NULL, 'Imported: 0, Updated: 152, Skipped: 7', '::1', '2026-02-21 10:56:36'),
(310, 1, 1, 'login_failed', 'auth', NULL, 'Input: 1018', '::1', '2026-02-21 10:59:51'),
(311, 1, 1, 'login_failed', 'auth', NULL, 'Input: 1153670979', '::1', '2026-02-21 11:00:08'),
(312, 1, 1, 'login_failed', 'auth', NULL, 'Input: 1153670979', '::1', '2026-02-21 11:00:10'),
(313, 1, 1, 'login_failed', 'auth', NULL, 'Input: 1153670979', '::1', '2026-02-21 11:00:11'),
(314, 1, 1, 'login_failed', 'auth', NULL, 'Input: adim', '::1', '2026-02-21 11:00:33'),
(315, 1, 1, 'login_failed', 'auth', NULL, 'Input: adim', '::1', '2026-02-21 11:00:35'),
(316, 1, 1, 'login_failed', 'auth', NULL, 'Input: adim', '::1', '2026-02-21 11:00:36'),
(317, 1, 1, 'login', 'user', 1, NULL, '::1', '2026-02-21 11:00:45'),
(318, 1, NULL, 'login_failed', 'auth', NULL, 'Input: 1153670979', '::1', '2026-02-21 11:02:08'),
(321, 1, NULL, 'login_failed', 'auth', NULL, 'Input: 1001', '::1', '2026-02-21 11:03:56'),
(322, 1, 1, 'import_students', 'students', NULL, 'Imported: 0, Updated: 2, Skipped: 1', '::1', '2026-02-21 11:06:20'),
(323, 1, 1, 'import_students', 'students', NULL, 'Imported: 0, Updated: 2, Skipped: 1', '::1', '2026-02-21 11:09:34'),
(324, 1, 1, 'import_students', 'students', NULL, 'Imported: 0, Updated: 3, Skipped: 0', '::1', '2026-02-21 11:11:52'),
(325, 1, NULL, 'login_failed', 'auth', NULL, 'Input: 1002', '::1', '2026-02-21 11:12:31'),
(326, 1, NULL, 'login_failed', 'auth', NULL, 'Input: 1002', '::1', '2026-02-21 11:12:33'),
(327, 1, 2, 'student_login', 'student', 2, NULL, '::1', '2026-02-21 11:17:55'),
(328, 1, 1, 'logout', 'user', 1, NULL, '::1', '2026-02-21 11:35:36'),
(329, 1, 1, 'login', 'user', 1, NULL, '::1', '2026-02-21 11:35:46'),
(330, 1, NULL, 'login_failed', 'auth', NULL, 'Input: parent_test', '::1', '2026-02-21 11:38:06'),
(331, 1, 2, 'logout', 'user', 2, NULL, '::1', '2026-02-21 11:38:33'),
(332, 1, NULL, 'login_failed', 'auth', NULL, 'Input: parent_test', '::1', '2026-02-21 11:38:52'),
(333, 1, NULL, 'login', 'user', 12, NULL, '::1', '2026-02-21 11:38:59'),
(334, 1, NULL, 'login', 'user', 12, NULL, '::1', '2026-02-21 11:39:06'),
(335, 1, NULL, 'login', 'user', 13, NULL, '::1', '2026-02-21 11:44:45'),
(336, 1, NULL, 'login', 'user', 13, NULL, '::1', '2026-02-21 11:45:21'),
(337, 1, 1, 'parent_login', 'parent', 1, NULL, '::1', '2026-02-21 12:07:40'),
(338, 1, 1, 'logout', 'user', 1, NULL, '::1', '2026-02-21 12:13:44'),
(339, 1, 1, 'login', 'user', 1, NULL, '::1', '2026-02-21 12:14:16'),
(340, 1, 1, 'login', 'user', 1, NULL, '::1', '2026-02-21 12:25:12'),
(341, 1, 1, 'login', 'user', 1, NULL, '::1', '2026-02-21 12:27:16'),
(342, 1, 1, 'login', 'user', 1, NULL, '::1', '2026-02-21 12:29:44'),
(343, 1, 1, 'login', 'user', 1, NULL, '::1', '2026-02-21 12:34:52'),
(344, 1, 1, 'login', 'user', 1, NULL, '::1', '2026-02-21 12:35:32'),
(345, 1, 1, 'login', 'user', 1, NULL, '::1', '2026-02-21 13:18:42'),
(346, 1, 2, 'login', 'user', 2, NULL, '::1', '2026-02-21 13:19:02'),
(347, 1, 1, 'login', 'user', 1, NULL, '::1', '2026-02-21 13:20:55'),
(348, 1, 1, 'login', 'user', 1, NULL, '::1', '2026-02-21 13:22:07'),
(349, 1, 1, 'login_failed', 'auth', NULL, 'Input: parent_testadmin', '::1', '2026-02-21 13:24:04'),
(350, 1, 1, 'login_failed', 'auth', NULL, 'Input: adminparent_testadmin', '::1', '2026-02-21 13:24:28'),
(351, 1, 1, 'login', 'user', 1, NULL, '::1', '2026-02-21 13:24:58'),
(352, 1, 1, 'login', 'user', 1, NULL, '::1', '2026-02-21 13:26:35'),
(353, 1, 1, 'logout', 'user', 1, NULL, '::1', '2026-02-21 13:29:07'),
(354, 1, 1, 'login', 'user', 1, NULL, '::1', '2026-02-21 13:29:35'),
(355, 1, 1, 'create_parent', 'parents', 2, 'محمد العنزي', '::1', '2026-02-21 13:29:54'),
(356, 1, 1, 'link_parent_student', 'parent_students', 2, 'Student: 11', '::1', '2026-02-21 13:30:15'),
(357, 1, 2, 'parent_login', 'parent', 2, NULL, '::1', '2026-02-21 13:31:33'),
(358, 1, 1, 'save_health', 'student_health', 13, NULL, '::1', '2026-02-21 13:32:20'),
(359, 1, 1, 'logout', 'user', 1, NULL, '::1', '2026-02-21 13:33:14'),
(360, 1, 1, 'save_attendance', 'attendance', NULL, 'Date: 2026-02-21, Records: 25', '::1', '2026-02-21 13:33:38'),
(361, 1, 1, 'login', 'user', 1, NULL, '::1', '2026-02-21 13:33:54'),
(362, 1, 1, 'logout', 'user', 1, NULL, '::1', '2026-02-21 13:42:36'),
(363, 1, NULL, 'login_failed', 'auth', NULL, 'Input: parent_test', '::1', '2026-02-21 13:43:01'),
(364, 1, NULL, 'login_failed', 'auth', NULL, 'Input: parent_test', '::1', '2026-02-21 13:43:14'),
(365, 1, NULL, 'login_failed', 'auth', NULL, 'Input: parent_test', '::1', '2026-02-21 13:43:33'),
(366, 1, NULL, 'login_failed', 'auth', NULL, 'Input: parent_test', '::1', '2026-02-21 13:43:35'),
(367, 1, 1, 'save_measurement', 'student_measurements', 95, NULL, '::1', '2026-02-21 13:48:29'),
(368, 1, 2, 'logout', 'user', 2, NULL, '::1', '2026-02-21 13:48:47'),
(369, 1, NULL, 'login_failed', 'auth', NULL, 'Input: parent_test', '::1', '2026-02-21 13:49:07'),
(370, 1, 1, 'parent_login', 'parent', 1, NULL, '::1', '2026-02-21 13:53:00'),
(371, 1, NULL, 'login_failed', 'auth', NULL, 'Input: parent_test', '::1', '2026-02-21 13:55:07'),
(372, 1, 1, 'login', 'user', 1, NULL, '::1', '2026-02-21 13:55:56'),
(373, 1, 1, 'update_parent', 'parents', 1, 'Parent Test', '::1', '2026-02-21 13:56:47'),
(374, 1, 1, 'logout', 'user', 1, NULL, '::1', '2026-02-21 13:57:18'),
(375, 1, 1, 'parent_login', 'parent', 1, NULL, '::1', '2026-02-21 13:57:50'),
(376, 1, 1, 'parent_login', 'parent', 1, NULL, '::1', '2026-02-21 14:11:40'),
(377, 1, 2, 'login', 'user', 2, NULL, '::1', '2026-02-21 23:45:52'),
(378, 1, 2, 'logout', 'user', 2, NULL, '::1', '2026-02-21 23:53:45'),
(379, 1, 1, 'login', 'user', 1, NULL, '::1', '2026-02-21 23:53:55'),
(380, 1, 1, 'award_badge', 'student', 97, 'Badge ID: 5', '::1', '2026-02-22 00:36:09'),
(381, 1, 1, 'award_badge', 'student', 11, 'Badge ID: 6', '::1', '2026-02-22 00:37:53'),
(382, 1, 1, 'create', 'tournament', 14, 'تجربة التوزيع العشوائي', '::1', '2026-02-22 01:29:15'),
(383, 1, 1, 'delete', 'tournament', 14, NULL, '::1', '2026-02-22 01:32:22'),
(384, 1, 1, 'delete', 'tournament', 13, NULL, '::1', '2026-02-22 01:32:28'),
(385, 1, 1, 'delete', 'tournament', 1, NULL, '::1', '2026-02-22 01:32:51'),
(386, 1, 1, 'complete', 'tournament', 5, NULL, '::1', '2026-02-22 01:32:59'),
(387, 1, 1, 'delete', 'tournament', 5, NULL, '::1', '2026-02-22 01:33:02'),
(388, 1, 1, 'create', 'tournament', 15, 'تجربة التوزيع العشوائي', '::1', '2026-02-22 01:34:36'),
(389, 1, 1, 'add_teams', 'tournament', 15, 'Added 8 classes', '::1', '2026-02-22 01:34:51'),
(390, 1, 1, 'update', 'tournament', 15, NULL, '::1', '2026-02-22 01:35:15'),
(391, 1, 1, 'delete', 'tournament', 15, NULL, '::1', '2026-02-22 01:36:34'),
(392, 1, 1, 'delete', 'tournament', 8, NULL, '::1', '2026-02-22 01:36:41'),
(393, 1, 1, 'create', 'tournament', 16, 'تجربة التوزيع العشوائي', '::1', '2026-02-22 01:37:13'),
(394, 1, 1, 'create', 'tournament', 17, 'تجربة خروج المغلوب من مرتين', '::1', '2026-02-22 01:38:26'),
(395, 1, 1, 'start', 'tournament', 17, NULL, '::1', '2026-02-22 01:50:38'),
(396, 1, 1, 'login', 'user', 1, NULL, '::1', '2026-02-22 08:55:56'),
(397, 1, 1, 'create', 'tournament', 18, 'تجربة دوري من دور واحد', '::1', '2026-02-22 08:57:58'),
(398, 1, 1, 'add_teams', 'tournament', 18, 'Added 8 classes', '::1', '2026-02-22 08:58:12'),
(399, 1, 1, 'update', 'tournament', 18, NULL, '::1', '2026-02-22 09:01:57'),
(400, 1, 1, 'update', 'tournament', 18, NULL, '::1', '2026-02-22 09:02:13'),
(401, 1, 1, 'login', 'user', 1, NULL, '::1', '2026-02-22 09:46:14'),
(402, 1, 1, 'login', 'user', 1, NULL, '::1', '2026-02-22 12:34:14'),
(403, 1, 1, 'create', 'tournament', 19, 'تجربة طريقة الخلط والمزج', '::1', '2026-02-22 12:34:57'),
(404, 1, 1, 'add_teams', 'tournament', 19, 'Added 8 classes', '::1', '2026-02-22 12:35:07'),
(405, 1, 1, 'login', 'user', 1, NULL, '::1', '2026-02-22 15:39:57'),
(406, 1, 1, 'start', 'tournament', 19, NULL, '::1', '2026-02-22 15:40:08'),
(407, 1, 1, 'match_result', 'match', 706, '1 - 0', '::1', '2026-02-22 15:42:44'),
(408, 1, 1, 'match_result', 'match', 701, '1 - 0', '::1', '2026-02-22 15:42:54'),
(409, 1, 1, 'match_result', 'match', 708, '0 - 1', '::1', '2026-02-22 15:43:04'),
(410, 1, 1, 'match_result', 'match', 703, '1 - 0', '::1', '2026-02-22 15:43:52'),
(411, 1, 1, 'match_result', 'match', 704, '0 - 1', '::1', '2026-02-22 15:43:56'),
(412, 1, 1, 'match_result', 'match', 709, '1 - 0', '::1', '2026-02-22 15:44:01'),
(413, 1, 1, 'match_result', 'match', 710, '0 - 1', '::1', '2026-02-22 15:44:06'),
(414, 1, 1, 'match_result', 'match', 711, '1 - 0', '::1', '2026-02-22 15:44:13'),
(415, 1, 1, 'match_result', 'match', 712, '0 - 1', '::1', '2026-02-22 15:44:21'),
(416, 1, 1, 'login', 'user', 1, NULL, '::1', '2026-02-22 23:51:41'),
(417, 1, 1, 'create', 'tournament', 20, 'تجربة ٢ لطريقة المزيج', '::1', '2026-02-22 23:55:18'),
(418, 1, 1, 'add_teams', 'tournament', 20, 'Added 8 classes', '::1', '2026-02-22 23:55:32'),
(419, 1, 1, 'start', 'tournament', 20, NULL, '::1', '2026-02-22 23:55:48'),
(420, 1, 1, 'match_result', 'match', 714, '1 - 0', '::1', '2026-02-22 23:56:16'),
(421, 1, 1, 'match_result', 'match', 715, '1 - 0', '::1', '2026-02-22 23:56:20'),
(422, 1, 1, 'match_result', 'match', 720, '1 - 0', '::1', '2026-02-22 23:56:24'),
(423, 1, 1, 'match_result', 'match', 721, '1 - 0', '::1', '2026-02-22 23:56:29'),
(424, 1, 1, 'match_result', 'match', 716, '1 - 0', '::1', '2026-02-22 23:56:35'),
(425, 1, 1, 'match_result', 'match', 717, '1 - 0', '::1', '2026-02-22 23:56:40'),
(426, 1, 1, 'match_result', 'match', 722, '1 - 0', '::1', '2026-02-22 23:56:45'),
(427, 1, 1, 'match_result', 'match', 723, '0 - 1', '::1', '2026-02-22 23:56:50'),
(428, 1, 1, 'match_result', 'match', 718, '1 - 0', '::1', '2026-02-22 23:57:58'),
(429, 1, 1, 'match_result', 'match', 719, '1 - 0', '::1', '2026-02-22 23:58:03'),
(430, 1, 1, 'match_result', 'match', 724, '1 - 0', '::1', '2026-02-22 23:58:08'),
(431, 1, 1, 'match_result', 'match', 725, '1 - 0', '::1', '2026-02-22 23:58:13'),
(432, 1, 1, 'match_result', 'match', 726, '1 - 0', '::1', '2026-02-22 23:59:46'),
(433, 1, 1, 'match_result', 'match', 727, '1 - 0', '::1', '2026-02-22 23:59:52'),
(434, 1, 1, 'create', 'tournament', 21, 'تجربة ٣', '::1', '2026-02-23 00:07:09'),
(435, 1, 1, 'add_teams', 'tournament', 21, 'Added 8 classes', '::1', '2026-02-23 00:07:16'),
(436, 1, 1, 'start', 'tournament', 21, NULL, '::1', '2026-02-23 00:11:04'),
(437, 1, 1, 'match_result', 'match', 729, '1 - 0', '::1', '2026-02-23 00:11:44'),
(438, 1, 1, 'match_result', 'match', 730, '1 - 0', '::1', '2026-02-23 00:11:49'),
(439, 1, 1, 'match_result', 'match', 735, '1 - 0', '::1', '2026-02-23 00:11:53'),
(440, 1, 1, 'match_result', 'match', 736, '0 - 1', '::1', '2026-02-23 00:11:58'),
(441, 1, 1, 'match_result', 'match', 731, '1 - 0', '::1', '2026-02-23 00:12:04'),
(442, 1, 1, 'match_result', 'match', 732, '1 - 0', '::1', '2026-02-23 00:12:09'),
(443, 1, 1, 'match_result', 'match', 737, '1 - 0', '::1', '2026-02-23 00:12:13'),
(444, 1, 1, 'match_result', 'match', 738, '1 - 0', '::1', '2026-02-23 00:12:18'),
(445, 1, 1, 'match_result', 'match', 733, '1 - 0', '::1', '2026-02-23 00:12:23'),
(446, 1, 1, 'match_result', 'match', 734, '0 - 1', '::1', '2026-02-23 00:12:28'),
(447, 1, 1, 'match_result', 'match', 739, '1 - 0', '::1', '2026-02-23 00:12:34'),
(448, 1, 1, 'match_result', 'match', 740, '0 - 1', '::1', '2026-02-23 00:12:40'),
(449, 1, 1, 'match_result', 'match', 741, '1 - 0', '::1', '2026-02-23 00:12:53'),
(450, 1, 1, 'match_result', 'match', 742, '0 - 1', '::1', '2026-02-23 00:12:59'),
(451, 1, 1, 'match_result', 'match', 743, '1 - 0', '::1', '2026-02-23 00:13:05'),
(452, 1, 1, 'create', 'tournament', 22, 'تجربة ٤', '::1', '2026-02-23 00:35:17'),
(453, 1, 1, 'update', 'tournament', 22, NULL, '::1', '2026-02-23 00:35:33'),
(454, 1, 1, 'add_teams', 'tournament', 22, 'Added 8 classes', '::1', '2026-02-23 00:35:38'),
(455, 1, 1, 'start', 'tournament', 22, NULL, '::1', '2026-02-23 00:36:31'),
(456, 1, 1, 'create', 'tournament', 23, 'تجربة التوزيع العشوائي١', '::1', '2026-02-23 00:42:13'),
(457, 1, 1, 'add_teams', 'tournament', 23, 'Added 8 classes', '::1', '2026-02-23 00:42:27'),
(458, 1, 1, 'start', 'tournament', 23, NULL, '::1', '2026-02-23 00:42:53'),
(459, 1, 1, 'create', 'sports_team', 11, 'فريق فصل ١ / ٢', '::1', '2026-02-23 00:50:54'),
(460, 1, 1, 'delete', 'tournament', 18, NULL, '::1', '2026-02-23 01:01:50'),
(461, 1, 1, 'create', 'sports_team', 12, 'فصل ٢ / ١', '::1', '2026-02-23 01:03:02'),
(462, 1, 1, 'create', 'sports_team', 13, 'فريق فصل ٢ / ٢', '::1', '2026-02-23 01:03:38'),
(463, 1, 1, 'create', 'tournament', 24, 'يب', '::1', '2026-02-23 01:03:58'),
(464, 1, 1, 'start', 'tournament', 24, NULL, '::1', '2026-02-23 01:08:59'),
(465, 1, 1, 'create', 'sports_team', 14, 'فصل ٣ / ١', '::1', '2026-02-23 01:13:06'),
(466, 1, 1, 'update', 'sports_team', 14, 'فصل ٣ / ١', '::1', '2026-02-23 01:13:21'),
(467, 1, 1, 'add_member', 'sports_team', 14, NULL, '::1', '2026-02-23 01:13:43'),
(468, 1, 1, 'add_member', 'sports_team', 14, NULL, '::1', '2026-02-23 01:13:48'),
(469, 1, 1, 'add_member', 'sports_team', 14, NULL, '::1', '2026-02-23 01:13:51'),
(470, 1, 1, 'add_member', 'sports_team', 14, NULL, '::1', '2026-02-23 01:13:55'),
(471, 1, 1, 'add_member', 'sports_team', 14, NULL, '::1', '2026-02-23 01:14:03'),
(472, 1, 1, 'update', 'sports_team', 14, 'فصل ٣ / ١', '::1', '2026-02-23 01:14:36'),
(473, 1, 1, 'add_member', 'sports_team', 14, NULL, '::1', '2026-02-23 01:15:13'),
(474, 1, 1, 'match_result', 'match', 768, '1 - 2', '::1', '2026-02-23 01:22:00'),
(475, 1, 1, 'match_result', 'match', 769, '2 - 1', '::1', '2026-02-23 01:30:07'),
(476, 1, 1, 'match_result', 'match', 756, '1 - 0', '::1', '2026-02-23 02:32:44'),
(477, 1, 1, 'create', 'tournament', 25, 'تجربة دوري من دورين', '::1', '2026-02-23 02:56:25'),
(478, 1, 1, 'delete', 'tournament', 25, NULL, '::1', '2026-02-23 02:58:17'),
(479, 1, 1, 'schedule_matches', 'tournament', 16, '3 matches', '::1', '2026-02-23 03:09:48'),
(480, 1, 1, 'update', 'tournament', 16, NULL, '::1', '2026-02-23 03:10:53'),
(481, 1, 1, 'start', 'tournament', 16, NULL, '::1', '2026-02-23 03:11:16'),
(482, 1, 1, 'login', 'user', 1, NULL, '::1', '2026-02-23 05:18:18'),
(483, 1, 1, 'logout', 'user', 1, NULL, '::1', '2026-02-23 05:19:28'),
(484, 1, 2, 'login', 'user', 2, NULL, '::1', '2026-02-23 05:19:39'),
(485, 1, 2, 'logout', 'user', 2, NULL, '::1', '2026-02-23 06:47:26'),
(486, 1, 1, 'login', 'user', 1, NULL, '::1', '2026-02-23 06:47:31'),
(487, 1, 1, 'login', 'user', 1, NULL, '::1', '2026-02-24 04:25:33'),
(488, 1, 1, 'save_fitness', 'student_fitness', 1, 'Records: 10', '::1', '2026-02-24 06:16:38'),
(489, 1, 1, 'update', 'fitness_test', 1, 'جري 50 متر', '::1', '2026-02-24 06:38:39'),
(490, 1, 1, 'save_fitness', 'student_fitness', 1, 'Records: 8', '::1', '2026-02-24 06:41:27'),
(491, 1, 1, 'save_criteria', 'fitness_criteria', 1, 'Records: 6', '::1', '2026-02-24 06:46:42'),
(492, 1, 1, 'login', 'user', 1, NULL, '::1', '2026-02-24 09:54:35'),
(493, 1, 1, 'login', 'user', 1, NULL, '::1', '2026-02-25 02:46:45'),
(494, 1, 1, 'login', 'user', 1, NULL, '::1', '2026-02-25 03:16:51'),
(495, 1, NULL, 'login_failed', 'auth', NULL, 'Input: admin', '::1', '2026-02-25 03:40:59'),
(496, 1, NULL, 'login_failed', 'auth', NULL, 'Input: adminadmin', '::1', '2026-02-25 03:41:12'),
(497, 1, 1, 'login', 'user', 1, NULL, '::1', '2026-02-25 03:41:28'),
(498, 1, 1, 'logout', 'user', 1, NULL, '::1', '2026-02-25 09:04:03'),
(499, 1, NULL, 'login_failed', 'auth', NULL, 'Input: mohamed', '::1', '2026-02-25 09:04:16'),
(500, 1, 2, 'parent_login', 'parent', 2, NULL, '::1', '2026-02-25 09:05:35'),
(501, 1, 2, 'logout', 'user', 2, NULL, '::1', '2026-02-25 09:57:39'),
(502, 1, NULL, 'logout', 'user', NULL, NULL, '::1', '2026-02-25 10:04:26'),
(503, 1, 1, 'login', 'user', 1, NULL, '::1', '2026-02-27 01:23:46'),
(504, NULL, 14, 'login', 'user', 14, NULL, '::1', '2026-02-28 03:20:06'),
(505, NULL, 14, 'logout', 'user', 14, NULL, '::1', '2026-02-28 03:22:05'),
(506, NULL, 14, 'login', 'user', 14, NULL, '::1', '2026-02-28 03:24:29'),
(507, NULL, 1, 'logout', 'user', 1, NULL, '::1', '2026-02-28 04:21:58'),
(508, NULL, 1, 'login', 'user', 1, NULL, '::1', '2026-02-28 09:47:41'),
(509, NULL, 1, 'logout', 'user', 1, NULL, '::1', '2026-02-28 09:50:02'),
(510, NULL, NULL, 'login_failed', 'auth', NULL, 'Input: superadmin', '::1', '2026-02-28 09:50:25'),
(511, NULL, NULL, 'login_failed', 'auth', NULL, 'Input: superadmin', '::1', '2026-02-28 09:50:33'),
(512, NULL, NULL, 'login_failed', 'auth', NULL, 'Input: superadmin', '::1', '2026-02-28 09:51:29'),
(513, NULL, NULL, 'login_failed', 'auth', NULL, 'Input: superadmin', '::1', '2026-02-28 09:51:54'),
(514, NULL, NULL, 'login_failed', 'auth', NULL, 'Input: superadmin', '::1', '2026-02-28 09:51:56'),
(515, NULL, 14, 'login', 'user', 14, NULL, '::1', '2026-02-28 11:24:59'),
(516, NULL, 14, 'logout', 'user', 14, NULL, '::1', '2026-02-28 12:05:25'),
(517, NULL, 1, 'login', 'user', 1, NULL, '::1', '2026-02-28 12:05:36'),
(518, NULL, 1, 'create', 'tournament', 26, 'تجربة الإشعارات', '::1', '2026-02-28 12:17:27'),
(519, NULL, 1, 'add_teams', 'tournament', 26, 'Added 1 classes', '::1', '2026-02-28 12:17:50'),
(520, NULL, 1, 'add_teams', 'tournament', 26, 'Added 1 classes', '::1', '2026-02-28 12:18:03'),
(521, NULL, 1, 'schedule_matches', 'tournament', 26, '4 matches', '::1', '2026-02-28 12:19:19'),
(522, NULL, 2, 'parent_login', 'parent', 2, NULL, '::1', '2026-02-28 12:28:15'),
(523, NULL, 1, 'complete', 'tournament', 23, NULL, '::1', '2026-02-28 12:31:45'),
(524, NULL, 1, 'match_result', 'match', 848, '1 - 0', '::1', '2026-02-28 12:32:24');

-- --------------------------------------------------------

--
-- بنية الجدول `attendance`
--

CREATE TABLE `attendance` (
  `id` int(10) UNSIGNED NOT NULL,
  `student_id` int(10) UNSIGNED NOT NULL,
  `attendance_date` date NOT NULL,
  `status` enum('present','absent','late') NOT NULL DEFAULT 'present',
  `notes` varchar(255) DEFAULT NULL,
  `recorded_by` int(10) UNSIGNED DEFAULT NULL,
  `created_at` timestamp NULL DEFAULT current_timestamp(),
  `updated_at` timestamp NULL DEFAULT current_timestamp() ON UPDATE current_timestamp()
) ENGINE=InnoDB DEFAULT CHARSET=utf8mb4 COLLATE=utf8mb4_unicode_ci;

--
-- إرجاع أو استيراد بيانات الجدول `attendance`
--

INSERT INTO `attendance` (`id`, `student_id`, `attendance_date`, `status`, `notes`, `recorded_by`, `created_at`, `updated_at`) VALUES
(1, 1, '2026-02-14', 'present', NULL, 1, '2026-02-14 03:42:23', '2026-02-14 03:42:23'),
(2, 2, '2026-02-14', 'late', NULL, 1, '2026-02-14 03:42:23', '2026-02-14 03:42:23'),
(3, 3, '2026-02-14', 'late', NULL, 1, '2026-02-14 03:42:23', '2026-02-14 03:42:23'),
(4, 4, '2026-02-14', 'present', NULL, 1, '2026-02-14 03:42:23', '2026-02-14 03:42:23'),
(5, 5, '2026-02-14', 'present', NULL, 1, '2026-02-14 03:42:23', '2026-02-14 03:42:23'),
(6, 6, '2026-02-14', 'present', NULL, 1, '2026-02-14 03:42:23', '2026-02-14 03:42:23'),
(7, 7, '2026-02-14', 'present', NULL, 1, '2026-02-14 03:42:23', '2026-02-14 03:42:23'),
(8, 8, '2026-02-14', 'absent', NULL, 1, '2026-02-14 03:42:23', '2026-02-14 03:42:23'),
(9, 9, '2026-02-14', 'present', NULL, 1, '2026-02-14 03:42:23', '2026-02-14 03:42:23'),
(10, 10, '2026-02-14', 'present', NULL, 1, '2026-02-14 03:42:23', '2026-02-14 03:42:23'),
(11, 11, '2026-02-14', 'absent', NULL, 1, '2026-02-14 03:42:23', '2026-02-14 03:42:23'),
(12, 12, '2026-02-14', 'late', NULL, 1, '2026-02-14 03:42:23', '2026-02-14 03:42:23'),
(13, 13, '2026-02-14', 'present', NULL, 1, '2026-02-14 03:42:23', '2026-02-14 03:42:23'),
(14, 14, '2026-02-14', 'late', NULL, 1, '2026-02-14 03:42:23', '2026-02-14 03:42:23'),
(15, 15, '2026-02-14', 'present', NULL, 1, '2026-02-14 03:42:23', '2026-02-14 03:42:23'),
(16, 16, '2026-02-14', 'late', NULL, 1, '2026-02-14 03:42:23', '2026-02-14 03:42:23'),
(17, 17, '2026-02-14', 'present', NULL, 1, '2026-02-14 03:42:23', '2026-02-14 03:42:23'),
(18, 18, '2026-02-14', 'present', NULL, 1, '2026-02-14 03:42:23', '2026-02-14 03:42:23'),
(19, 19, '2026-02-14', 'absent', NULL, 1, '2026-02-14 03:42:23', '2026-02-14 03:42:23'),
(20, 20, '2026-02-14', 'present', NULL, 1, '2026-02-14 03:42:23', '2026-02-14 03:42:23'),
(21, 21, '2026-02-14', 'present', NULL, 1, '2026-02-14 03:42:23', '2026-02-14 03:42:23'),
(22, 22, '2026-02-14', 'present', NULL, 1, '2026-02-14 03:42:23', '2026-02-14 03:42:23'),
(23, 23, '2026-02-14', 'present', NULL, 1, '2026-02-14 03:42:23', '2026-02-14 03:42:23'),
(24, 24, '2026-02-14', 'present', NULL, 1, '2026-02-14 03:42:23', '2026-02-14 03:42:23'),
(25, 25, '2026-02-14', 'present', NULL, 1, '2026-02-14 03:42:23', '2026-02-14 03:42:23'),
(26, 26, '2026-02-14', 'present', NULL, 1, '2026-02-14 03:42:23', '2026-02-14 03:42:23'),
(27, 27, '2026-02-14', 'present', NULL, 1, '2026-02-14 03:42:23', '2026-02-14 03:42:23'),
(28, 28, '2026-02-14', 'present', NULL, 1, '2026-02-14 03:42:23', '2026-02-14 03:42:23'),
(29, 29, '2026-02-14', 'present', NULL, 1, '2026-02-14 03:42:23', '2026-02-14 03:42:23'),
(30, 30, '2026-02-14', 'present', NULL, 1, '2026-02-14 03:42:23', '2026-02-14 03:42:23'),
(31, 31, '2026-02-14', 'present', NULL, 1, '2026-02-14 03:42:23', '2026-02-14 03:42:23'),
(32, 32, '2026-02-14', 'present', NULL, 1, '2026-02-14 03:42:23', '2026-02-14 03:42:23'),
(33, 33, '2026-02-14', 'present', NULL, 1, '2026-02-14 03:42:23', '2026-02-14 03:42:23'),
(34, 34, '2026-02-14', 'present', NULL, 1, '2026-02-14 03:42:23', '2026-02-14 03:42:23'),
(35, 35, '2026-02-14', 'present', NULL, 1, '2026-02-14 03:42:23', '2026-02-14 03:42:23'),
(36, 36, '2026-02-14', 'present', NULL, 1, '2026-02-14 03:42:23', '2026-02-14 03:42:23'),
(37, 37, '2026-02-14', 'present', NULL, 1, '2026-02-14 03:42:23', '2026-02-14 03:42:23'),
(38, 38, '2026-02-14', 'present', NULL, 1, '2026-02-14 03:42:23', '2026-02-14 03:42:23'),
(39, 39, '2026-02-14', 'present', NULL, 1, '2026-02-14 03:42:23', '2026-02-14 03:42:23'),
(40, 40, '2026-02-14', 'present', NULL, 1, '2026-02-14 03:42:23', '2026-02-14 03:42:23'),
(41, 41, '2026-02-14', 'present', NULL, 1, '2026-02-14 03:42:23', '2026-02-14 03:42:23'),
(42, 42, '2026-02-14', 'present', NULL, 1, '2026-02-14 03:42:23', '2026-02-14 03:42:23'),
(43, 43, '2026-02-14', 'present', NULL, 1, '2026-02-14 03:42:23', '2026-02-14 03:42:23'),
(44, 44, '2026-02-14', 'present', NULL, 1, '2026-02-14 03:42:23', '2026-02-14 03:42:23'),
(45, 45, '2026-02-14', 'present', NULL, 1, '2026-02-14 03:42:23', '2026-02-14 03:42:23'),
(46, 46, '2026-02-14', 'present', NULL, 1, '2026-02-14 03:42:23', '2026-02-14 03:42:23'),
(47, 47, '2026-02-14', 'present', NULL, 1, '2026-02-14 03:42:23', '2026-02-14 03:42:23'),
(48, 1, '2026-02-13', 'present', NULL, 1, '2026-02-14 03:42:23', '2026-02-14 03:42:23'),
(49, 2, '2026-02-13', 'present', NULL, 1, '2026-02-14 03:42:23', '2026-02-14 03:42:23'),
(50, 3, '2026-02-13', 'absent', NULL, 1, '2026-02-14 03:42:23', '2026-02-14 03:42:23'),
(51, 4, '2026-02-13', 'late', NULL, 1, '2026-02-14 03:42:23', '2026-02-14 03:42:23'),
(52, 5, '2026-02-13', 'present', NULL, 1, '2026-02-14 03:42:23', '2026-02-14 03:42:23'),
(53, 6, '2026-02-13', 'present', NULL, 1, '2026-02-14 03:42:23', '2026-02-14 03:42:23'),
(54, 7, '2026-02-13', 'late', NULL, 1, '2026-02-14 03:42:23', '2026-02-14 03:42:23'),
(55, 8, '2026-02-13', 'late', NULL, 1, '2026-02-14 03:42:23', '2026-02-14 03:42:23'),
(56, 9, '2026-02-13', 'present', NULL, 1, '2026-02-14 03:42:23', '2026-02-14 03:42:23'),
(57, 10, '2026-02-13', 'present', NULL, 1, '2026-02-14 03:42:23', '2026-02-14 03:42:23'),
(58, 11, '2026-02-13', 'present', NULL, 1, '2026-02-14 03:42:23', '2026-02-14 03:42:23'),
(59, 12, '2026-02-13', 'present', NULL, 1, '2026-02-14 03:42:23', '2026-02-14 03:42:23'),
(60, 13, '2026-02-13', 'present', NULL, 1, '2026-02-14 03:42:23', '2026-02-14 03:42:23'),
(61, 14, '2026-02-13', 'late', NULL, 1, '2026-02-14 03:42:23', '2026-02-14 03:42:23'),
(62, 15, '2026-02-13', 'late', NULL, 1, '2026-02-14 03:42:23', '2026-02-14 03:42:23'),
(63, 16, '2026-02-13', 'present', NULL, 1, '2026-02-14 03:42:23', '2026-02-14 03:42:23'),
(64, 17, '2026-02-13', 'present', NULL, 1, '2026-02-14 03:42:23', '2026-02-14 03:42:23'),
(65, 18, '2026-02-13', 'late', NULL, 1, '2026-02-14 03:42:23', '2026-02-14 03:42:23'),
(66, 19, '2026-02-13', 'present', NULL, 1, '2026-02-14 03:42:23', '2026-02-14 03:42:23'),
(67, 20, '2026-02-13', 'present', NULL, 1, '2026-02-14 03:42:23', '2026-02-14 03:42:23'),
(68, 21, '2026-02-13', 'present', NULL, 1, '2026-02-14 03:42:23', '2026-02-14 03:42:23'),
(69, 22, '2026-02-13', 'late', NULL, 1, '2026-02-14 03:42:23', '2026-02-14 03:42:23'),
(70, 23, '2026-02-13', 'present', NULL, 1, '2026-02-14 03:42:23', '2026-02-14 03:42:23'),
(71, 24, '2026-02-13', 'absent', NULL, 1, '2026-02-14 03:42:23', '2026-02-14 03:42:23'),
(72, 25, '2026-02-13', 'present', NULL, 1, '2026-02-14 03:42:23', '2026-02-14 03:42:23'),
(73, 26, '2026-02-13', 'absent', NULL, 1, '2026-02-14 03:42:23', '2026-02-14 03:42:23'),
(74, 27, '2026-02-13', 'present', NULL, 1, '2026-02-14 03:42:23', '2026-02-14 03:42:23'),
(75, 28, '2026-02-13', 'late', NULL, 1, '2026-02-14 03:42:23', '2026-02-14 03:42:23'),
(76, 29, '2026-02-13', 'present', NULL, 1, '2026-02-14 03:42:23', '2026-02-14 03:42:23'),
(77, 30, '2026-02-13', 'present', NULL, 1, '2026-02-14 03:42:23', '2026-02-14 03:42:23'),
(78, 31, '2026-02-13', 'late', NULL, 1, '2026-02-14 03:42:23', '2026-02-14 03:42:23'),
(79, 32, '2026-02-13', 'present', NULL, 1, '2026-02-14 03:42:23', '2026-02-14 03:42:23'),
(80, 33, '2026-02-13', 'late', NULL, 1, '2026-02-14 03:42:23', '2026-02-14 03:42:23'),
(81, 34, '2026-02-13', 'present', NULL, 1, '2026-02-14 03:42:23', '2026-02-14 03:42:23'),
(82, 35, '2026-02-13', 'present', NULL, 1, '2026-02-14 03:42:23', '2026-02-14 03:42:23'),
(83, 36, '2026-02-13', 'present', NULL, 1, '2026-02-14 03:42:23', '2026-02-14 03:42:23'),
(84, 37, '2026-02-13', 'present', NULL, 1, '2026-02-14 03:42:23', '2026-02-14 03:42:23'),
(85, 38, '2026-02-13', 'present', NULL, 1, '2026-02-14 03:42:23', '2026-02-14 03:42:23'),
(86, 39, '2026-02-13', 'present', NULL, 1, '2026-02-14 03:42:23', '2026-02-14 03:42:23'),
(87, 40, '2026-02-13', 'present', NULL, 1, '2026-02-14 03:42:23', '2026-02-14 03:42:23'),
(88, 41, '2026-02-13', 'absent', NULL, 1, '2026-02-14 03:42:23', '2026-02-14 03:42:23'),
(89, 42, '2026-02-13', 'present', NULL, 1, '2026-02-14 03:42:23', '2026-02-14 03:42:23'),
(90, 43, '2026-02-13', 'present', NULL, 1, '2026-02-14 03:42:23', '2026-02-14 03:42:23'),
(91, 44, '2026-02-13', 'present', NULL, 1, '2026-02-14 03:42:23', '2026-02-14 03:42:23'),
(92, 45, '2026-02-13', 'present', NULL, 1, '2026-02-14 03:42:23', '2026-02-14 03:42:23'),
(93, 46, '2026-02-13', 'present', NULL, 1, '2026-02-14 03:42:23', '2026-02-14 03:42:23'),
(94, 47, '2026-02-13', 'late', NULL, 1, '2026-02-14 03:42:23', '2026-02-14 03:42:23'),
(95, 1, '2026-02-12', 'late', NULL, 1, '2026-02-14 03:42:23', '2026-02-14 03:42:23'),
(96, 2, '2026-02-12', 'present', NULL, 1, '2026-02-14 03:42:23', '2026-02-14 03:42:23'),
(97, 3, '2026-02-12', 'present', NULL, 1, '2026-02-14 03:42:23', '2026-02-14 03:42:23'),
(98, 4, '2026-02-12', 'absent', NULL, 1, '2026-02-14 03:42:23', '2026-02-14 03:42:23'),
(99, 5, '2026-02-12', 'present', NULL, 1, '2026-02-14 03:42:23', '2026-02-14 03:42:23'),
(100, 6, '2026-02-12', 'present', NULL, 1, '2026-02-14 03:42:23', '2026-02-14 03:42:23'),
(101, 7, '2026-02-12', 'present', NULL, 1, '2026-02-14 03:42:23', '2026-02-14 03:42:23'),
(102, 8, '2026-02-12', 'present', NULL, 1, '2026-02-14 03:42:23', '2026-02-14 03:42:23'),
(103, 9, '2026-02-12', 'late', NULL, 1, '2026-02-14 03:42:23', '2026-02-14 03:42:23'),
(104, 10, '2026-02-12', 'present', NULL, 1, '2026-02-14 03:42:23', '2026-02-14 03:42:23'),
(105, 11, '2026-02-12', 'present', NULL, 1, '2026-02-14 03:42:23', '2026-02-14 03:42:23'),
(106, 12, '2026-02-12', 'present', NULL, 1, '2026-02-14 03:42:23', '2026-02-14 03:42:23'),
(107, 13, '2026-02-12', 'present', NULL, 1, '2026-02-14 03:42:23', '2026-02-14 03:42:23'),
(108, 14, '2026-02-12', 'late', NULL, 1, '2026-02-14 03:42:23', '2026-02-14 03:42:23'),
(109, 15, '2026-02-12', 'present', NULL, 1, '2026-02-14 03:42:23', '2026-02-14 03:42:23'),
(110, 16, '2026-02-12', 'present', NULL, 1, '2026-02-14 03:42:23', '2026-02-14 03:42:23'),
(111, 17, '2026-02-12', 'present', NULL, 1, '2026-02-14 03:42:23', '2026-02-14 03:42:23'),
(112, 18, '2026-02-12', 'present', NULL, 1, '2026-02-14 03:42:23', '2026-02-14 03:42:23'),
(113, 19, '2026-02-12', 'present', NULL, 1, '2026-02-14 03:42:23', '2026-02-14 03:42:23'),
(114, 20, '2026-02-12', 'present', NULL, 1, '2026-02-14 03:42:23', '2026-02-14 03:42:23'),
(115, 21, '2026-02-12', 'present', NULL, 1, '2026-02-14 03:42:23', '2026-02-14 03:42:23'),
(116, 22, '2026-02-12', 'present', NULL, 1, '2026-02-14 03:42:23', '2026-02-14 03:42:23'),
(117, 23, '2026-02-12', 'present', NULL, 1, '2026-02-14 03:42:23', '2026-02-14 03:42:23'),
(118, 24, '2026-02-12', 'present', NULL, 1, '2026-02-14 03:42:23', '2026-02-14 03:42:23'),
(119, 25, '2026-02-12', 'present', NULL, 1, '2026-02-14 03:42:23', '2026-02-14 03:42:23'),
(120, 26, '2026-02-12', 'present', NULL, 1, '2026-02-14 03:42:23', '2026-02-14 03:42:23'),
(121, 27, '2026-02-12', 'present', NULL, 1, '2026-02-14 03:42:23', '2026-02-14 03:42:23'),
(122, 28, '2026-02-12', 'present', NULL, 1, '2026-02-14 03:42:23', '2026-02-14 03:42:23'),
(123, 29, '2026-02-12', 'present', NULL, 1, '2026-02-14 03:42:23', '2026-02-14 03:42:23'),
(124, 30, '2026-02-12', 'present', NULL, 1, '2026-02-14 03:42:23', '2026-02-14 03:42:23'),
(125, 31, '2026-02-12', 'present', NULL, 1, '2026-02-14 03:42:23', '2026-02-14 03:42:23'),
(126, 32, '2026-02-12', 'present', NULL, 1, '2026-02-14 03:42:23', '2026-02-14 03:42:23'),
(127, 33, '2026-02-12', 'present', NULL, 1, '2026-02-14 03:42:23', '2026-02-14 03:42:23'),
(128, 34, '2026-02-12', 'present', NULL, 1, '2026-02-14 03:42:23', '2026-02-14 03:42:23'),
(129, 35, '2026-02-12', 'present', NULL, 1, '2026-02-14 03:42:23', '2026-02-14 03:42:23'),
(130, 36, '2026-02-12', 'late', NULL, 1, '2026-02-14 03:42:23', '2026-02-14 03:42:23'),
(131, 37, '2026-02-12', 'present', NULL, 1, '2026-02-14 03:42:23', '2026-02-14 03:42:23'),
(132, 38, '2026-02-12', 'present', NULL, 1, '2026-02-14 03:42:23', '2026-02-14 03:42:23'),
(133, 39, '2026-02-12', 'present', NULL, 1, '2026-02-14 03:42:23', '2026-02-14 03:42:23'),
(134, 40, '2026-02-12', 'present', NULL, 1, '2026-02-14 03:42:23', '2026-02-14 03:42:23'),
(135, 41, '2026-02-12', 'present', NULL, 1, '2026-02-14 03:42:23', '2026-02-14 03:42:23'),
(136, 42, '2026-02-12', 'present', NULL, 1, '2026-02-14 03:42:23', '2026-02-14 03:42:23'),
(137, 43, '2026-02-12', 'late', NULL, 1, '2026-02-14 03:42:23', '2026-02-14 03:42:23'),
(138, 44, '2026-02-12', 'late', NULL, 1, '2026-02-14 03:42:23', '2026-02-14 03:42:23'),
(139, 45, '2026-02-12', 'present', NULL, 1, '2026-02-14 03:42:23', '2026-02-14 03:42:23'),
(140, 46, '2026-02-12', 'present', NULL, 1, '2026-02-14 03:42:23', '2026-02-14 03:42:23'),
(141, 47, '2026-02-12', 'present', NULL, 1, '2026-02-14 03:42:23', '2026-02-14 03:42:23'),
(142, 1, '2026-02-11', 'absent', NULL, 1, '2026-02-14 03:42:23', '2026-02-14 03:42:23'),
(143, 2, '2026-02-11', 'present', NULL, 1, '2026-02-14 03:42:23', '2026-02-14 03:42:23'),
(144, 3, '2026-02-11', 'present', NULL, 1, '2026-02-14 03:42:23', '2026-02-14 03:42:23'),
(145, 4, '2026-02-11', 'late', NULL, 1, '2026-02-14 03:42:23', '2026-02-14 03:42:23'),
(146, 5, '2026-02-11', 'absent', NULL, 1, '2026-02-14 03:42:23', '2026-02-14 03:42:23'),
(147, 6, '2026-02-11', 'present', NULL, 1, '2026-02-14 03:42:23', '2026-02-14 03:42:23'),
(148, 7, '2026-02-11', 'present', NULL, 1, '2026-02-14 03:42:23', '2026-02-14 03:42:23'),
(149, 8, '2026-02-11', 'present', NULL, 1, '2026-02-14 03:42:23', '2026-02-14 03:42:23'),
(150, 9, '2026-02-11', 'late', NULL, 1, '2026-02-14 03:42:23', '2026-02-14 03:42:23'),
(151, 10, '2026-02-11', 'present', NULL, 1, '2026-02-14 03:42:23', '2026-02-14 03:42:23'),
(152, 11, '2026-02-11', 'late', NULL, 1, '2026-02-14 03:42:23', '2026-02-14 03:42:23'),
(153, 12, '2026-02-11', 'present', NULL, 1, '2026-02-14 03:42:23', '2026-02-14 03:42:23'),
(154, 13, '2026-02-11', 'present', NULL, 1, '2026-02-14 03:42:23', '2026-02-14 03:42:23'),
(155, 14, '2026-02-11', 'present', NULL, 1, '2026-02-14 03:42:23', '2026-02-14 03:42:23'),
(156, 15, '2026-02-11', 'present', NULL, 1, '2026-02-14 03:42:23', '2026-02-14 03:42:23'),
(157, 16, '2026-02-11', 'late', NULL, 1, '2026-02-14 03:42:23', '2026-02-14 03:42:23'),
(158, 17, '2026-02-11', 'present', NULL, 1, '2026-02-14 03:42:23', '2026-02-14 03:42:23'),
(159, 18, '2026-02-11', 'present', NULL, 1, '2026-02-14 03:42:23', '2026-02-14 03:42:23'),
(160, 19, '2026-02-11', 'present', NULL, 1, '2026-02-14 03:42:23', '2026-02-14 03:42:23'),
(161, 20, '2026-02-11', 'late', NULL, 1, '2026-02-14 03:42:23', '2026-02-14 03:42:23'),
(162, 21, '2026-02-11', 'present', NULL, 1, '2026-02-14 03:42:23', '2026-02-14 03:42:23'),
(163, 22, '2026-02-11', 'late', NULL, 1, '2026-02-14 03:42:23', '2026-02-14 03:42:23'),
(164, 23, '2026-02-11', 'present', NULL, 1, '2026-02-14 03:42:23', '2026-02-14 03:42:23'),
(165, 24, '2026-02-11', 'present', NULL, 1, '2026-02-14 03:42:23', '2026-02-14 03:42:23'),
(166, 25, '2026-02-11', 'present', NULL, 1, '2026-02-14 03:42:23', '2026-02-14 03:42:23'),
(167, 26, '2026-02-11', 'absent', NULL, 1, '2026-02-14 03:42:23', '2026-02-14 03:42:23'),
(168, 27, '2026-02-11', 'present', NULL, 1, '2026-02-14 03:42:23', '2026-02-14 03:42:23'),
(169, 28, '2026-02-11', 'absent', NULL, 1, '2026-02-14 03:42:23', '2026-02-14 03:42:23'),
(170, 29, '2026-02-11', 'late', NULL, 1, '2026-02-14 03:42:23', '2026-02-14 03:42:23'),
(171, 30, '2026-02-11', 'late', NULL, 1, '2026-02-14 03:42:23', '2026-02-14 03:42:23'),
(172, 31, '2026-02-11', 'present', NULL, 1, '2026-02-14 03:42:23', '2026-02-14 03:42:23'),
(173, 32, '2026-02-11', 'present', NULL, 1, '2026-02-14 03:42:23', '2026-02-14 03:42:23'),
(174, 33, '2026-02-11', 'present', NULL, 1, '2026-02-14 03:42:23', '2026-02-14 03:42:23'),
(175, 34, '2026-02-11', 'present', NULL, 1, '2026-02-14 03:42:23', '2026-02-14 03:42:23'),
(176, 35, '2026-02-11', 'present', NULL, 1, '2026-02-14 03:42:23', '2026-02-14 03:42:23'),
(177, 36, '2026-02-11', 'present', NULL, 1, '2026-02-14 03:42:23', '2026-02-14 03:42:23'),
(178, 37, '2026-02-11', 'present', NULL, 1, '2026-02-14 03:42:23', '2026-02-14 03:42:23'),
(179, 38, '2026-02-11', 'present', NULL, 1, '2026-02-14 03:42:23', '2026-02-14 03:42:23'),
(180, 39, '2026-02-11', 'late', NULL, 1, '2026-02-14 03:42:23', '2026-02-14 03:42:23'),
(181, 40, '2026-02-11', 'present', NULL, 1, '2026-02-14 03:42:23', '2026-02-14 03:42:23'),
(182, 41, '2026-02-11', 'present', NULL, 1, '2026-02-14 03:42:23', '2026-02-14 03:42:23'),
(183, 42, '2026-02-11', 'present', NULL, 1, '2026-02-14 03:42:23', '2026-02-14 03:42:23'),
(184, 43, '2026-02-11', 'present', NULL, 1, '2026-02-14 03:42:23', '2026-02-14 03:42:23'),
(185, 44, '2026-02-11', 'present', NULL, 1, '2026-02-14 03:42:23', '2026-02-14 03:42:23'),
(186, 45, '2026-02-11', 'present', NULL, 1, '2026-02-14 03:42:23', '2026-02-14 03:42:23'),
(187, 46, '2026-02-11', 'present', NULL, 1, '2026-02-14 03:42:23', '2026-02-14 03:42:23'),
(188, 47, '2026-02-11', 'present', NULL, 1, '2026-02-14 03:42:23', '2026-02-14 03:42:23'),
(189, 1, '2026-02-10', 'present', NULL, 1, '2026-02-14 03:42:23', '2026-02-14 03:42:23'),
(190, 2, '2026-02-10', 'present', NULL, 1, '2026-02-14 03:42:23', '2026-02-14 03:42:23'),
(191, 3, '2026-02-10', 'absent', NULL, 1, '2026-02-14 03:42:23', '2026-02-14 03:42:23'),
(192, 4, '2026-02-10', 'present', NULL, 1, '2026-02-14 03:42:23', '2026-02-14 03:42:23'),
(193, 5, '2026-02-10', 'present', NULL, 1, '2026-02-14 03:42:23', '2026-02-14 03:42:23'),
(194, 6, '2026-02-10', 'present', NULL, 1, '2026-02-14 03:42:23', '2026-02-14 03:42:23'),
(195, 7, '2026-02-10', 'late', NULL, 1, '2026-02-14 03:42:23', '2026-02-14 03:42:23'),
(196, 8, '2026-02-10', 'present', NULL, 1, '2026-02-14 03:42:23', '2026-02-14 03:42:23'),
(197, 9, '2026-02-10', 'present', NULL, 1, '2026-02-14 03:42:23', '2026-02-14 03:42:23'),
(198, 10, '2026-02-10', 'present', NULL, 1, '2026-02-14 03:42:23', '2026-02-14 03:42:23'),
(199, 11, '2026-02-10', 'present', NULL, 1, '2026-02-14 03:42:23', '2026-02-14 03:42:23'),
(200, 12, '2026-02-10', 'present', NULL, 1, '2026-02-14 03:42:23', '2026-02-14 03:42:23'),
(201, 13, '2026-02-10', 'absent', NULL, 1, '2026-02-14 03:42:23', '2026-02-14 03:42:23'),
(202, 14, '2026-02-10', 'present', NULL, 1, '2026-02-14 03:42:23', '2026-02-14 03:42:23'),
(203, 15, '2026-02-10', 'present', NULL, 1, '2026-02-14 03:42:23', '2026-02-14 03:42:23'),
(204, 16, '2026-02-10', 'present', NULL, 1, '2026-02-14 03:42:23', '2026-02-14 03:42:23'),
(205, 17, '2026-02-10', 'present', NULL, 1, '2026-02-14 03:42:23', '2026-02-14 03:42:23'),
(206, 18, '2026-02-10', 'present', NULL, 1, '2026-02-14 03:42:23', '2026-02-14 03:42:23'),
(207, 19, '2026-02-10', 'absent', NULL, 1, '2026-02-14 03:42:23', '2026-02-14 03:42:23'),
(208, 20, '2026-02-10', 'present', NULL, 1, '2026-02-14 03:42:23', '2026-02-14 03:42:23'),
(209, 21, '2026-02-10', 'present', NULL, 1, '2026-02-14 03:42:23', '2026-02-14 03:42:23'),
(210, 22, '2026-02-10', 'present', NULL, 1, '2026-02-14 03:42:23', '2026-02-14 03:42:23'),
(211, 23, '2026-02-10', 'present', NULL, 1, '2026-02-14 03:42:23', '2026-02-14 03:42:23'),
(212, 24, '2026-02-10', 'present', NULL, 1, '2026-02-14 03:42:23', '2026-02-14 03:42:23'),
(213, 25, '2026-02-10', 'present', NULL, 1, '2026-02-14 03:42:23', '2026-02-14 03:42:23'),
(214, 26, '2026-02-10', 'present', NULL, 1, '2026-02-14 03:42:23', '2026-02-14 03:42:23'),
(215, 27, '2026-02-10', 'present', NULL, 1, '2026-02-14 03:42:23', '2026-02-14 03:42:23'),
(216, 28, '2026-02-10', 'present', NULL, 1, '2026-02-14 03:42:23', '2026-02-14 03:42:23'),
(217, 29, '2026-02-10', 'present', NULL, 1, '2026-02-14 03:42:23', '2026-02-14 03:42:23'),
(218, 30, '2026-02-10', 'absent', NULL, 1, '2026-02-14 03:42:23', '2026-02-14 03:42:23'),
(219, 31, '2026-02-10', 'present', NULL, 1, '2026-02-14 03:42:23', '2026-02-14 03:42:23'),
(220, 32, '2026-02-10', 'present', NULL, 1, '2026-02-14 03:42:23', '2026-02-14 03:42:23'),
(221, 33, '2026-02-10', 'present', NULL, 1, '2026-02-14 03:42:23', '2026-02-14 03:42:23'),
(222, 34, '2026-02-10', 'present', NULL, 1, '2026-02-14 03:42:23', '2026-02-14 03:42:23'),
(223, 35, '2026-02-10', 'present', NULL, 1, '2026-02-14 03:42:23', '2026-02-14 03:42:23'),
(224, 36, '2026-02-10', 'present', NULL, 1, '2026-02-14 03:42:23', '2026-02-14 03:42:23'),
(225, 37, '2026-02-10', 'present', NULL, 1, '2026-02-14 03:42:23', '2026-02-14 03:42:23'),
(226, 38, '2026-02-10', 'present', NULL, 1, '2026-02-14 03:42:23', '2026-02-14 03:42:23'),
(227, 39, '2026-02-10', 'present', NULL, 1, '2026-02-14 03:42:23', '2026-02-14 03:42:23'),
(228, 40, '2026-02-10', 'present', NULL, 1, '2026-02-14 03:42:23', '2026-02-14 03:42:23'),
(229, 41, '2026-02-10', 'present', NULL, 1, '2026-02-14 03:42:23', '2026-02-14 03:42:23'),
(230, 42, '2026-02-10', 'late', NULL, 1, '2026-02-14 03:42:23', '2026-02-14 03:42:23'),
(231, 43, '2026-02-10', 'late', NULL, 1, '2026-02-14 03:42:23', '2026-02-14 03:42:23'),
(232, 44, '2026-02-10', 'present', NULL, 1, '2026-02-14 03:42:23', '2026-02-14 03:42:23'),
(233, 45, '2026-02-10', 'present', NULL, 1, '2026-02-14 03:42:23', '2026-02-14 03:42:23'),
(234, 46, '2026-02-10', 'present', NULL, 1, '2026-02-14 03:42:23', '2026-02-14 03:42:23'),
(235, 47, '2026-02-10', 'present', NULL, 1, '2026-02-14 03:42:23', '2026-02-14 03:42:23'),
(236, 48, '2026-02-16', 'present', NULL, 1, '2026-02-16 03:51:54', '2026-02-16 03:51:54'),
(237, 49, '2026-02-16', 'present', NULL, 1, '2026-02-16 03:51:54', '2026-02-16 03:51:54'),
(238, 50, '2026-02-16', 'present', NULL, 1, '2026-02-16 03:51:54', '2026-02-16 03:51:54'),
(239, 51, '2026-02-16', 'present', NULL, 1, '2026-02-16 03:51:54', '2026-02-16 03:51:54'),
(240, 52, '2026-02-16', 'present', NULL, 1, '2026-02-16 03:51:54', '2026-02-16 03:51:54'),
(241, 53, '2026-02-16', 'present', NULL, 1, '2026-02-16 03:51:54', '2026-02-16 03:51:54'),
(242, 54, '2026-02-16', 'present', NULL, 1, '2026-02-16 03:51:54', '2026-02-16 03:51:54'),
(243, 1, '2026-02-16', 'present', NULL, 1, '2026-02-16 03:51:54', '2026-02-16 03:51:54'),
(244, 5, '2026-02-16', 'present', NULL, 1, '2026-02-16 03:51:54', '2026-02-16 03:51:54'),
(245, 55, '2026-02-16', 'present', NULL, 1, '2026-02-16 03:51:54', '2026-02-16 03:51:54'),
(246, 56, '2026-02-16', 'present', NULL, 1, '2026-02-16 03:51:54', '2026-02-16 03:51:54'),
(247, 57, '2026-02-16', 'present', NULL, 1, '2026-02-16 03:51:54', '2026-02-16 03:51:54'),
(248, 58, '2026-02-16', 'present', NULL, 1, '2026-02-16 03:51:54', '2026-02-16 03:51:54'),
(249, 4, '2026-02-16', 'present', NULL, 1, '2026-02-16 03:51:54', '2026-02-16 03:51:54'),
(250, 59, '2026-02-16', 'present', NULL, 1, '2026-02-16 03:51:54', '2026-02-16 03:51:54'),
(251, 6, '2026-02-16', 'present', NULL, 1, '2026-02-16 03:51:54', '2026-02-16 03:51:54'),
(252, 3, '2026-02-16', 'present', NULL, 1, '2026-02-16 03:51:54', '2026-02-16 03:51:54'),
(253, 60, '2026-02-16', 'present', NULL, 1, '2026-02-16 03:51:54', '2026-02-16 03:51:54'),
(254, 61, '2026-02-16', 'present', NULL, 1, '2026-02-16 03:51:54', '2026-02-16 03:51:54'),
(255, 62, '2026-02-16', 'present', NULL, 1, '2026-02-16 03:51:54', '2026-02-16 03:51:54'),
(256, 63, '2026-02-16', 'present', NULL, 1, '2026-02-16 03:51:54', '2026-02-16 03:51:54'),
(257, 64, '2026-02-16', 'present', NULL, 1, '2026-02-16 03:51:54', '2026-02-16 03:51:54'),
(258, 147, '2026-02-21', 'present', NULL, 1, '2026-02-21 13:33:38', '2026-02-21 13:33:38'),
(259, 11, '2026-02-21', 'absent', NULL, 1, '2026-02-21 13:33:38', '2026-02-21 13:33:38'),
(260, 7, '2026-02-21', 'present', NULL, 1, '2026-02-21 13:33:38', '2026-02-21 13:33:38'),
(261, 2, '2026-02-21', 'present', NULL, 1, '2026-02-21 13:33:38', '2026-02-21 13:33:38'),
(262, 148, '2026-02-21', 'present', NULL, 1, '2026-02-21 13:33:38', '2026-02-21 13:33:38'),
(263, 149, '2026-02-21', 'present', NULL, 1, '2026-02-21 13:33:38', '2026-02-21 13:33:38'),
(264, 150, '2026-02-21', 'present', NULL, 1, '2026-02-21 13:33:38', '2026-02-21 13:33:38'),
(265, 151, '2026-02-21', 'present', NULL, 1, '2026-02-21 13:33:38', '2026-02-21 13:33:38'),
(266, 12, '2026-02-21', 'present', NULL, 1, '2026-02-21 13:33:38', '2026-02-21 13:33:38'),
(267, 152, '2026-02-21', 'present', NULL, 1, '2026-02-21 13:33:38', '2026-02-21 13:33:38'),
(268, 153, '2026-02-21', 'present', NULL, 1, '2026-02-21 13:33:38', '2026-02-21 13:33:38'),
(269, 154, '2026-02-21', 'present', NULL, 1, '2026-02-21 13:33:38', '2026-02-21 13:33:38'),
(270, 155, '2026-02-21', 'present', NULL, 1, '2026-02-21 13:33:38', '2026-02-21 13:33:38'),
(271, 156, '2026-02-21', 'present', NULL, 1, '2026-02-21 13:33:38', '2026-02-21 13:33:38'),
(272, 157, '2026-02-21', 'present', NULL, 1, '2026-02-21 13:33:38', '2026-02-21 13:33:38'),
(273, 158, '2026-02-21', 'present', NULL, 1, '2026-02-21 13:33:38', '2026-02-21 13:33:38'),
(274, 159, '2026-02-21', 'present', NULL, 1, '2026-02-21 13:33:38', '2026-02-21 13:33:38'),
(275, 13, '2026-02-21', 'present', NULL, 1, '2026-02-21 13:33:38', '2026-02-21 13:33:38'),
(276, 8, '2026-02-21', 'present', NULL, 1, '2026-02-21 13:33:38', '2026-02-21 13:33:38'),
(277, 160, '2026-02-21', 'present', NULL, 1, '2026-02-21 13:33:38', '2026-02-21 13:33:38'),
(278, 161, '2026-02-21', 'present', NULL, 1, '2026-02-21 13:33:38', '2026-02-21 13:33:38'),
(279, 162, '2026-02-21', 'present', NULL, 1, '2026-02-21 13:33:38', '2026-02-21 13:33:38'),
(280, 163, '2026-02-21', 'present', NULL, 1, '2026-02-21 13:33:38', '2026-02-21 13:33:38'),
(281, 164, '2026-02-21', 'present', NULL, 1, '2026-02-21 13:33:38', '2026-02-21 13:33:38'),
(282, 165, '2026-02-21', 'present', NULL, 1, '2026-02-21 13:33:38', '2026-02-21 13:33:38');

-- --------------------------------------------------------

--
-- بنية الجدول `badges`
--

CREATE TABLE `badges` (
  `id` int(11) NOT NULL,
  `school_id` int(10) UNSIGNED DEFAULT NULL,
  `name` varchar(100) NOT NULL,
  `description` text DEFAULT NULL,
  `icon` varchar(50) DEFAULT NULL,
  `color` varchar(50) DEFAULT NULL,
  `badge_type` varchar(50) DEFAULT 'manual',
  `created_at` timestamp NOT NULL DEFAULT current_timestamp(),
  `criteria_value` decimal(10,2) DEFAULT NULL
) ENGINE=InnoDB DEFAULT CHARSET=utf8mb4 COLLATE=utf8mb4_unicode_ci;

--
-- إرجاع أو استيراد بيانات الجدول `badges`
--

INSERT INTO `badges` (`id`, `school_id`, `name`, `description`, `icon`, `color`, `badge_type`, `created_at`, `criteria_value`) VALUES
(1, 1, 'بطل المواظبة', 'يُمنح للطلاب الذين لم يتغيبوا أبداً خلال الشهر', '📅', 'bg-blue-500', 'attendance_100', '2026-02-21 23:53:04', NULL),
(2, 1, 'المتفوق البدني', 'يُمنح للطلاب الذين حققوا أعلى درجات اللياقة', '💪', 'bg-purple-500', 'fitness_pro', '2026-02-21 23:53:04', NULL),
(3, 1, 'النمر الصاعد', 'يُمنح لأكثر الطلاب تطوراً في الأداء', '🐯', 'bg-orange-500', 'improvement', '2026-02-21 23:53:04', NULL),
(4, 1, 'الروح الرياضية', 'يُمنح للتميز في السلوك والتعاون', '🤝', 'bg-teal-500', 'manual', '2026-02-21 23:53:04', NULL),
(5, 1, 'قائد الفريق', 'يُمنح للطلاب الذين أظهروا مهارات قيادية', '👑', 'bg-yellow-500', 'manual', '2026-02-21 23:53:04', NULL),
(6, 1, 'وحش اللياقة', 'يمنح الطالب هذا الوسام إذا زاد مستوى لياقته بمعدل درجتين عن آخر اختبار له', '⭐', 'bg-emerald-500', 'improvement', '2026-02-22 00:22:15', 2.00);

-- --------------------------------------------------------

--
-- بنية الجدول `classes`
--

CREATE TABLE `classes` (
  `id` int(10) UNSIGNED NOT NULL,
  `school_id` int(10) UNSIGNED DEFAULT NULL,
  `grade_id` int(10) UNSIGNED NOT NULL,
  `name` varchar(50) NOT NULL,
  `section` varchar(10) NOT NULL,
  `active` tinyint(1) NOT NULL DEFAULT 1,
  `created_by` int(10) UNSIGNED DEFAULT NULL,
  `created_at` timestamp NULL DEFAULT current_timestamp()
) ENGINE=InnoDB DEFAULT CHARSET=utf8mb4 COLLATE=utf8mb4_unicode_ci;

--
-- إرجاع أو استيراد بيانات الجدول `classes`
--

INSERT INTO `classes` (`id`, `school_id`, `grade_id`, `name`, `section`, `active`, `created_by`, `created_at`) VALUES
(1, 1, 1, '1/1', '1', 1, 2, '2026-02-14 03:42:23'),
(2, 1, 1, '1/2', '2', 1, 2, '2026-02-14 03:42:23'),
(3, 1, 1, '1/3', '3', 0, NULL, '2026-02-14 03:42:23'),
(4, 1, 2, '2/1', '1', 1, 2, '2026-02-14 03:42:23'),
(5, 1, 2, '2/2', '2', 1, 2, '2026-02-14 03:42:23'),
(6, 1, 3, '3/1', '1', 1, 2, '2026-02-14 03:42:23'),
(7, 1, 3, '3/2', '2', 1, 2, '2026-02-14 03:42:23'),
(8, 1, 3, '3/3', '3', 1, 2, '2026-02-15 10:22:05'),
(9, 1, 2, '2/3', '3', 1, 2, '2026-02-15 10:22:13'),
(10, 1, 1, '1/4', '4', 0, 1, '2026-02-20 23:58:53');

-- --------------------------------------------------------

--
-- بنية الجدول `class_points`
--

CREATE TABLE `class_points` (
  `id` int(10) UNSIGNED NOT NULL,
  `class_id` int(10) UNSIGNED NOT NULL,
  `total_score` decimal(10,2) DEFAULT 0.00,
  `average_score` decimal(5,2) DEFAULT 0.00,
  `total_points` int(10) UNSIGNED DEFAULT 0,
  `students_count` int(10) UNSIGNED DEFAULT 0,
  `rank_position` int(10) UNSIGNED DEFAULT 0,
  `last_calculated` timestamp NULL DEFAULT current_timestamp() ON UPDATE current_timestamp()
) ENGINE=InnoDB DEFAULT CHARSET=utf8mb4 COLLATE=utf8mb4_unicode_ci;

--
-- إرجاع أو استيراد بيانات الجدول `class_points`
--

INSERT INTO `class_points` (`id`, `class_id`, `total_score`, `average_score`, `total_points`, `students_count`, `rank_position`, `last_calculated`) VALUES
(1, 1, 77.00, 6.42, 64, 21, 2, '2026-02-24 06:16:38'),
(2, 2, 153.00, 6.12, 61, 25, 3, '2026-02-24 06:16:38'),
(4, 3, 167.00, 5.39, 79, 8, 1, '2026-02-24 06:16:38'),
(5, 4, 150.00, 5.56, 56, 39, 5, '2026-02-24 06:16:38'),
(6, 5, 87.00, 4.83, 48, 34, 7, '2026-02-24 06:16:38'),
(7, 6, 101.00, 5.61, 56, 5, 6, '2026-02-24 06:16:38'),
(8, 7, 177.00, 5.90, 59, 7, 4, '2026-02-24 06:16:38'),
(16, 8, 0.00, 0.00, 0, 0, 8, '2026-02-24 06:16:38'),
(17, 9, 0.00, 0.00, 0, 22, 9, '2026-02-24 06:16:38');

-- --------------------------------------------------------

--
-- بنية الجدول `fitness_criteria`
--

CREATE TABLE `fitness_criteria` (
  `id` int(10) UNSIGNED NOT NULL,
  `test_id` int(10) UNSIGNED NOT NULL,
  `min_value` decimal(10,2) NOT NULL,
  `max_value` decimal(10,2) NOT NULL,
  `score` int(11) NOT NULL
) ENGINE=InnoDB DEFAULT CHARSET=utf8mb4 COLLATE=utf8mb4_unicode_ci;

--
-- إرجاع أو استيراد بيانات الجدول `fitness_criteria`
--

INSERT INTO `fitness_criteria` (`id`, `test_id`, `min_value`, `max_value`, `score`) VALUES
(1, 1, 10.00, 11.00, 7),
(2, 1, 11.01, 12.00, 6),
(3, 1, 12.01, 13.00, 5),
(4, 1, 8.00, 9.00, 9),
(5, 1, 9.01, 10.00, 8),
(6, 1, 3.00, 7.59, 10);

-- --------------------------------------------------------

--
-- بنية الجدول `fitness_tests`
--

CREATE TABLE `fitness_tests` (
  `id` int(10) UNSIGNED NOT NULL,
  `school_id` int(10) UNSIGNED DEFAULT NULL,
  `name` varchar(100) NOT NULL,
  `unit` varchar(30) NOT NULL,
  `type` enum('higher_better','lower_better') NOT NULL DEFAULT 'higher_better',
  `max_score` int(10) UNSIGNED NOT NULL DEFAULT 10,
  `description` text DEFAULT NULL,
  `active` tinyint(1) NOT NULL DEFAULT 1,
  `created_at` timestamp NULL DEFAULT current_timestamp()
) ENGINE=InnoDB DEFAULT CHARSET=utf8mb4 COLLATE=utf8mb4_unicode_ci;

--
-- إرجاع أو استيراد بيانات الجدول `fitness_tests`
--

INSERT INTO `fitness_tests` (`id`, `school_id`, `name`, `unit`, `type`, `max_score`, `description`, `active`, `created_at`) VALUES
(1, 1, 'جري 50 متر', 'ثانية', 'lower_better', 10, NULL, 1, '2026-02-14 03:42:23'),
(2, 1, 'الضغط', 'عدة', 'higher_better', 10, NULL, 1, '2026-02-14 03:42:23'),
(3, 1, 'الجلوس من الرقود', 'عدة', 'higher_better', 10, NULL, 1, '2026-02-14 03:42:23'),
(4, 1, 'المرونة', 'سم', 'higher_better', 10, NULL, 1, '2026-02-14 03:42:23'),
(5, 1, 'جري المكوك', 'ثانية', 'lower_better', 10, NULL, 1, '2026-02-14 03:42:23');

-- --------------------------------------------------------

--
-- بنية الجدول `grades`
--

CREATE TABLE `grades` (
  `id` int(10) UNSIGNED NOT NULL,
  `school_id` int(10) UNSIGNED DEFAULT NULL,
  `name` varchar(100) NOT NULL,
  `code` varchar(10) NOT NULL,
  `sort_order` int(10) UNSIGNED DEFAULT 0,
  `active` tinyint(1) NOT NULL DEFAULT 1,
  `created_at` timestamp NULL DEFAULT current_timestamp()
) ENGINE=InnoDB DEFAULT CHARSET=utf8mb4 COLLATE=utf8mb4_unicode_ci;

--
-- إرجاع أو استيراد بيانات الجدول `grades`
--

INSERT INTO `grades` (`id`, `school_id`, `name`, `code`, `sort_order`, `active`, `created_at`) VALUES
(1, 1, 'الأول الثانوي', '1', 1, 1, '2026-02-14 03:42:23'),
(2, 1, 'الثاني الثانوي', '2', 2, 1, '2026-02-14 03:42:23'),
(3, 1, 'الثالث الثانوي', '3', 3, 1, '2026-02-14 03:42:23'),
(4, 2, 'الصف الأول', '1', 1, 1, '2026-02-28 03:19:45'),
(5, 2, 'الصف الثاني', '2', 2, 1, '2026-02-28 03:19:45');

-- --------------------------------------------------------

--
-- بنية الجدول `matches`
--

CREATE TABLE `matches` (
  `id` int(10) UNSIGNED NOT NULL,
  `tournament_id` int(10) UNSIGNED NOT NULL COMMENT 'معرف البطولة',
  `school_id` int(10) UNSIGNED DEFAULT NULL,
  `round_number` int(10) UNSIGNED NOT NULL DEFAULT 1 COMMENT 'رقم الجولة',
  `match_number` int(10) UNSIGNED NOT NULL COMMENT 'رقم المباراة',
  `bracket_type` enum('main','losers','final','third_place') NOT NULL DEFAULT 'main',
  `team1_id` int(10) UNSIGNED DEFAULT NULL COMMENT 'الفريق الأول',
  `team2_id` int(10) UNSIGNED DEFAULT NULL COMMENT 'الفريق الثاني',
  `team1_score` int(10) UNSIGNED DEFAULT NULL COMMENT 'نتيجة الفريق الأول',
  `team2_score` int(10) UNSIGNED DEFAULT NULL COMMENT 'نتيجة الفريق الثاني',
  `winner_team_id` int(10) UNSIGNED DEFAULT NULL COMMENT 'الفريق الفائز',
  `loser_team_id` int(10) UNSIGNED DEFAULT NULL COMMENT 'الفريق الخاسر',
  `is_bye` tinyint(1) DEFAULT 0 COMMENT 'مباراة BYE',
  `match_date` date DEFAULT NULL COMMENT 'تاريخ المباراة',
  `match_time` time DEFAULT NULL COMMENT 'وقت المباراة',
  `venue` varchar(100) DEFAULT NULL COMMENT 'مكان المباراة',
  `status` enum('scheduled','in_progress','completed','postponed','cancelled') NOT NULL DEFAULT 'scheduled' COMMENT 'حالة المباراة',
  `next_match_id` int(10) UNSIGNED DEFAULT NULL COMMENT 'المباراة التالية للفائز',
  `next_match_slot` enum('team1','team2') DEFAULT NULL COMMENT 'موقع الفائز في المباراة التالية',
  `loser_next_match_id` int(10) UNSIGNED DEFAULT NULL COMMENT 'المباراة التالية للخاسر (للخروج المزدوج)',
  `loser_next_match_slot` enum('team1','team2') DEFAULT NULL,
  `notes` text DEFAULT NULL COMMENT 'ملاحظات',
  `man_of_match_student_id` int(10) UNSIGNED DEFAULT NULL,
  `man_of_match_name` varchar(100) DEFAULT NULL,
  `created_at` timestamp NULL DEFAULT current_timestamp(),
  `updated_at` timestamp NULL DEFAULT current_timestamp() ON UPDATE current_timestamp(),
  `group_name` varchar(10) DEFAULT NULL
) ENGINE=InnoDB DEFAULT CHARSET=utf8mb4 COLLATE=utf8mb4_unicode_ci COMMENT='مباريات البطولات';

--
-- إرجاع أو استيراد بيانات الجدول `matches`
--

INSERT INTO `matches` (`id`, `tournament_id`, `school_id`, `round_number`, `match_number`, `bracket_type`, `team1_id`, `team2_id`, `team1_score`, `team2_score`, `winner_team_id`, `loser_team_id`, `is_bye`, `match_date`, `match_time`, `venue`, `status`, `next_match_id`, `next_match_slot`, `loser_next_match_id`, `loser_next_match_slot`, `notes`, `man_of_match_student_id`, `man_of_match_name`, `created_at`, `updated_at`, `group_name`) VALUES
(36, 2, 1, 1, 1, 'main', 11, 9, 1, 0, 11, 9, 0, NULL, NULL, NULL, 'completed', 40, 'team1', NULL, NULL, NULL, NULL, NULL, '2026-02-13 21:46:31', '2026-02-28 03:50:24', NULL),
(37, 2, 1, 1, 2, 'main', 13, 14, 0, 1, 14, 13, 0, NULL, NULL, NULL, 'completed', 40, 'team2', NULL, NULL, NULL, NULL, NULL, '2026-02-13 21:46:31', '2026-02-28 03:50:24', NULL),
(38, 2, 1, 1, 3, 'main', 10, 12, NULL, NULL, NULL, NULL, 0, NULL, NULL, NULL, 'scheduled', 41, 'team1', NULL, NULL, NULL, NULL, NULL, '2026-02-13 21:46:31', '2026-02-28 03:50:24', NULL),
(39, 2, 1, 1, 4, 'main', NULL, NULL, NULL, NULL, NULL, NULL, 1, NULL, NULL, NULL, 'completed', 41, 'team2', NULL, NULL, NULL, NULL, NULL, '2026-02-13 21:46:31', '2026-02-28 03:50:24', NULL),
(40, 2, 1, 2, 5, 'main', 11, 14, NULL, NULL, NULL, NULL, 0, NULL, NULL, NULL, 'scheduled', 42, 'team1', NULL, NULL, NULL, NULL, NULL, '2026-02-13 21:46:31', '2026-02-28 03:50:24', NULL),
(41, 2, 1, 2, 6, 'main', NULL, NULL, NULL, NULL, NULL, NULL, 0, NULL, NULL, NULL, 'scheduled', 42, 'team2', NULL, NULL, NULL, NULL, NULL, '2026-02-13 21:46:31', '2026-02-28 03:50:24', NULL),
(42, 2, 1, 3, 7, 'main', NULL, NULL, NULL, NULL, NULL, NULL, 0, NULL, NULL, NULL, 'scheduled', NULL, NULL, NULL, NULL, NULL, NULL, NULL, '2026-02-13 21:46:31', '2026-02-28 03:50:24', NULL),
(43, 2, 1, 1, 1, 'main', 13, 10, 1, 0, 13, 10, 0, NULL, NULL, NULL, 'completed', 47, 'team1', NULL, NULL, NULL, NULL, NULL, '2026-02-13 21:47:02', '2026-02-28 03:50:24', NULL),
(44, 2, 1, 1, 2, 'main', 14, 11, 1, 0, 14, 11, 0, NULL, NULL, NULL, 'completed', 47, 'team2', NULL, NULL, NULL, NULL, NULL, '2026-02-13 21:47:02', '2026-02-28 03:50:24', NULL),
(45, 2, 1, 1, 3, 'main', 12, 9, NULL, NULL, NULL, NULL, 0, NULL, NULL, NULL, 'scheduled', 48, 'team1', NULL, NULL, NULL, NULL, NULL, '2026-02-13 21:47:02', '2026-02-28 03:50:24', NULL),
(46, 2, 1, 1, 4, 'main', NULL, NULL, NULL, NULL, NULL, NULL, 1, NULL, NULL, NULL, 'completed', 48, 'team2', NULL, NULL, NULL, NULL, NULL, '2026-02-13 21:47:02', '2026-02-28 03:50:24', NULL),
(47, 2, 1, 2, 5, 'main', 13, 14, NULL, NULL, NULL, NULL, 0, NULL, NULL, NULL, 'scheduled', 49, 'team1', NULL, NULL, NULL, NULL, NULL, '2026-02-13 21:47:02', '2026-02-28 03:50:24', NULL),
(48, 2, 1, 2, 6, 'main', NULL, NULL, NULL, NULL, NULL, NULL, 0, NULL, NULL, NULL, 'scheduled', 49, 'team2', NULL, NULL, NULL, NULL, NULL, '2026-02-13 21:47:02', '2026-02-28 03:50:24', NULL),
(49, 2, 1, 3, 7, 'main', NULL, NULL, NULL, NULL, NULL, NULL, 0, NULL, NULL, NULL, 'scheduled', NULL, NULL, NULL, NULL, NULL, NULL, NULL, '2026-02-13 21:47:02', '2026-02-28 03:50:24', NULL),
(50, 3, 1, 1, 1, 'main', 18, 17, 1, 0, 18, 17, 0, NULL, NULL, NULL, 'completed', 54, 'team1', NULL, NULL, NULL, NULL, NULL, '2026-02-13 23:00:38', '2026-02-28 03:50:24', NULL),
(51, 3, 1, 1, 2, 'main', 19, 15, 1, 0, 19, 15, 0, NULL, NULL, NULL, 'completed', 54, 'team2', NULL, NULL, NULL, NULL, NULL, '2026-02-13 23:00:38', '2026-02-28 03:50:24', NULL),
(52, 3, 1, 1, 3, 'main', 20, 16, 0, 1, 16, 20, 0, NULL, NULL, NULL, 'completed', 55, 'team1', NULL, NULL, NULL, NULL, NULL, '2026-02-13 23:00:38', '2026-02-28 03:50:24', NULL),
(53, 3, 1, 1, 4, 'main', NULL, NULL, NULL, NULL, NULL, NULL, 1, NULL, NULL, NULL, 'completed', 55, 'team2', NULL, NULL, NULL, NULL, NULL, '2026-02-13 23:00:38', '2026-02-28 03:50:24', NULL),
(54, 3, 1, 2, 5, 'main', 18, 19, 1, 0, 18, 19, 0, NULL, NULL, NULL, 'completed', 56, 'team1', NULL, NULL, NULL, NULL, NULL, '2026-02-13 23:00:38', '2026-02-28 03:50:24', NULL),
(55, 3, 1, 2, 6, 'main', 16, NULL, NULL, NULL, NULL, NULL, 0, NULL, NULL, NULL, 'scheduled', 56, 'team2', NULL, NULL, NULL, NULL, NULL, '2026-02-13 23:00:38', '2026-02-28 03:50:24', NULL),
(56, 3, 1, 3, 7, 'final', 18, NULL, NULL, NULL, NULL, NULL, 0, NULL, NULL, NULL, 'scheduled', NULL, NULL, NULL, NULL, NULL, NULL, NULL, '2026-02-13 23:00:38', '2026-02-28 03:50:24', NULL),
(153, 4, 1, 1, 1, 'main', 22, 23, 1, 0, 22, 23, 0, NULL, NULL, NULL, 'completed', 157, 'team1', NULL, NULL, NULL, NULL, NULL, '2026-02-14 03:54:35', '2026-02-28 03:50:24', NULL),
(154, 4, 1, 1, 2, 'main', 26, 24, 1, 0, 26, 24, 0, NULL, NULL, NULL, 'completed', 157, 'team2', NULL, NULL, NULL, NULL, NULL, '2026-02-14 03:54:35', '2026-02-28 03:50:24', NULL),
(155, 4, 1, 1, 3, 'main', 21, 25, 0, 1, 25, 21, 0, NULL, NULL, NULL, 'completed', 158, 'team1', NULL, NULL, NULL, NULL, NULL, '2026-02-14 03:54:35', '2026-02-28 03:50:24', NULL),
(156, 4, 1, 1, 4, 'main', NULL, NULL, NULL, NULL, NULL, NULL, 1, NULL, NULL, NULL, 'completed', 158, 'team2', NULL, NULL, NULL, NULL, NULL, '2026-02-14 03:54:35', '2026-02-28 03:50:24', NULL),
(157, 4, 1, 2, 5, 'main', 22, 26, 0, 1, 26, 22, 0, NULL, NULL, NULL, 'completed', 159, 'team1', NULL, NULL, NULL, NULL, NULL, '2026-02-14 03:54:35', '2026-02-28 03:50:24', NULL),
(158, 4, 1, 2, 6, 'main', 25, NULL, NULL, NULL, NULL, NULL, 0, NULL, NULL, NULL, 'scheduled', 159, 'team2', NULL, NULL, NULL, NULL, NULL, '2026-02-14 03:54:35', '2026-02-28 03:50:24', NULL),
(159, 4, 1, 3, 7, 'main', 26, NULL, NULL, NULL, NULL, NULL, 0, NULL, NULL, NULL, 'scheduled', NULL, NULL, NULL, NULL, NULL, NULL, NULL, '2026-02-14 03:54:35', '2026-02-28 03:50:24', NULL),
(160, 4, 1, 1, 8, 'losers', NULL, NULL, NULL, NULL, NULL, NULL, 0, NULL, NULL, NULL, 'scheduled', NULL, NULL, NULL, NULL, NULL, NULL, NULL, '2026-02-14 03:54:35', '2026-02-28 03:50:24', NULL),
(161, 4, 1, 1, 9, 'losers', NULL, NULL, NULL, NULL, NULL, NULL, 0, NULL, NULL, NULL, 'scheduled', NULL, NULL, NULL, NULL, NULL, NULL, NULL, '2026-02-14 03:54:35', '2026-02-28 03:50:24', NULL),
(539, 6, 1, 1, 1, 'main', 46, 42, 1, 2, 42, 46, 0, NULL, NULL, NULL, 'completed', 543, 'team1', NULL, NULL, NULL, NULL, NULL, '2026-02-15 07:55:14', '2026-02-28 03:50:24', NULL),
(540, 6, 1, 1, 2, 'main', 47, 41, 1, 0, 47, 41, 0, NULL, NULL, NULL, 'completed', 543, 'team2', NULL, NULL, NULL, NULL, NULL, '2026-02-15 07:55:14', '2026-02-28 03:50:24', NULL),
(541, 6, 1, 1, 3, 'main', 43, 45, 1, 0, 43, 45, 0, NULL, NULL, NULL, 'completed', 544, 'team1', NULL, NULL, NULL, NULL, NULL, '2026-02-15 07:55:14', '2026-02-28 03:50:24', NULL),
(542, 6, 1, 1, 4, 'main', 44, NULL, NULL, NULL, 44, NULL, 1, NULL, NULL, NULL, 'completed', 544, 'team2', NULL, NULL, NULL, NULL, NULL, '2026-02-15 07:55:14', '2026-02-28 03:50:24', NULL),
(543, 6, 1, 2, 5, 'main', 42, 47, 1, 0, 42, 47, 0, NULL, NULL, NULL, 'completed', 545, 'team1', NULL, NULL, NULL, NULL, NULL, '2026-02-15 07:55:14', '2026-02-28 03:50:24', NULL),
(544, 6, 1, 2, 6, 'main', 43, 44, 1, 0, 43, 44, 0, NULL, NULL, NULL, 'completed', 545, 'team2', NULL, NULL, NULL, NULL, NULL, '2026-02-15 07:55:14', '2026-02-28 03:50:24', NULL),
(545, 6, 1, 3, 7, 'final', 42, 43, 1, 0, 42, 43, 0, NULL, NULL, NULL, 'completed', NULL, NULL, NULL, NULL, NULL, NULL, NULL, '2026-02-15 07:55:14', '2026-02-28 03:50:24', NULL),
(546, 6, 1, 1, 8, 'losers', NULL, NULL, NULL, NULL, NULL, NULL, 0, NULL, NULL, NULL, 'scheduled', NULL, NULL, NULL, NULL, NULL, NULL, NULL, '2026-02-15 07:55:14', '2026-02-28 03:50:24', NULL),
(547, 6, 1, 1, 9, 'losers', NULL, NULL, NULL, NULL, NULL, NULL, 0, NULL, NULL, NULL, 'scheduled', NULL, NULL, NULL, NULL, NULL, NULL, NULL, '2026-02-15 07:55:14', '2026-02-28 03:50:24', NULL),
(548, 6, 1, 2, 10, 'losers', NULL, NULL, NULL, NULL, NULL, NULL, 0, NULL, NULL, NULL, 'scheduled', NULL, NULL, NULL, NULL, NULL, NULL, NULL, '2026-02-15 07:55:14', '2026-02-28 03:50:24', NULL),
(549, 6, 1, 2, 11, 'losers', NULL, NULL, NULL, NULL, NULL, NULL, 0, NULL, NULL, NULL, 'scheduled', NULL, NULL, NULL, NULL, NULL, NULL, NULL, '2026-02-15 07:55:14', '2026-02-28 03:50:24', NULL),
(550, 6, 1, 3, 12, 'losers', NULL, NULL, NULL, NULL, NULL, NULL, 0, NULL, NULL, NULL, 'scheduled', NULL, NULL, NULL, NULL, NULL, NULL, NULL, '2026-02-15 07:55:14', '2026-02-28 03:50:24', NULL),
(551, 6, 1, 4, 13, 'losers', NULL, NULL, NULL, NULL, NULL, NULL, 0, NULL, NULL, NULL, 'scheduled', NULL, NULL, NULL, NULL, NULL, NULL, NULL, '2026-02-15 07:55:14', '2026-02-28 03:50:24', NULL),
(552, 6, 1, 4, 14, 'final', NULL, NULL, NULL, NULL, NULL, NULL, 0, NULL, NULL, NULL, 'scheduled', NULL, NULL, NULL, NULL, NULL, NULL, NULL, '2026-02-15 07:55:14', '2026-02-28 03:50:24', NULL),
(553, 7, 1, 1, 1, 'main', 52, 54, 1, 0, 52, 54, 0, NULL, NULL, NULL, 'completed', 557, 'team1', NULL, NULL, NULL, NULL, NULL, '2026-02-15 08:40:23', '2026-02-28 03:50:24', NULL),
(554, 7, 1, 1, 2, 'main', 48, 49, 1, 0, 48, 49, 0, NULL, NULL, NULL, 'completed', 557, 'team2', NULL, NULL, NULL, NULL, NULL, '2026-02-15 08:40:23', '2026-02-28 03:50:24', NULL),
(555, 7, 1, 1, 3, 'main', 50, 51, 2, 0, 50, 51, 0, NULL, NULL, NULL, 'completed', 558, 'team1', NULL, NULL, NULL, NULL, NULL, '2026-02-15 08:40:23', '2026-02-28 03:50:24', NULL),
(556, 7, 1, 1, 4, 'main', 53, NULL, NULL, NULL, 53, NULL, 1, NULL, NULL, NULL, 'completed', 558, 'team2', NULL, NULL, NULL, NULL, NULL, '2026-02-15 08:40:23', '2026-02-28 03:50:24', NULL),
(557, 7, 1, 2, 5, 'main', 52, 48, 1, 0, 52, 48, 0, NULL, NULL, NULL, 'completed', 559, 'team1', NULL, NULL, NULL, NULL, NULL, '2026-02-15 08:40:23', '2026-02-28 03:50:24', NULL),
(558, 7, 1, 2, 6, 'main', 50, 53, NULL, NULL, NULL, NULL, 0, NULL, NULL, NULL, 'scheduled', 559, 'team2', NULL, NULL, NULL, NULL, NULL, '2026-02-15 08:40:23', '2026-02-28 03:50:24', NULL),
(559, 7, 1, 3, 7, 'final', NULL, NULL, NULL, NULL, NULL, NULL, 0, NULL, NULL, NULL, 'scheduled', NULL, NULL, NULL, NULL, NULL, NULL, NULL, '2026-02-15 08:40:23', '2026-02-28 03:50:24', NULL),
(560, 7, 1, 1, 8, 'losers', NULL, NULL, NULL, NULL, NULL, NULL, 0, NULL, NULL, NULL, 'scheduled', NULL, NULL, NULL, NULL, NULL, NULL, NULL, '2026-02-15 08:40:23', '2026-02-28 03:50:24', NULL),
(561, 7, 1, 1, 9, 'losers', NULL, NULL, NULL, NULL, NULL, NULL, 0, NULL, NULL, NULL, 'scheduled', NULL, NULL, NULL, NULL, NULL, NULL, NULL, '2026-02-15 08:40:23', '2026-02-28 03:50:24', NULL),
(562, 7, 1, 2, 10, 'losers', NULL, NULL, NULL, NULL, NULL, NULL, 0, NULL, NULL, NULL, 'scheduled', NULL, NULL, NULL, NULL, NULL, NULL, NULL, '2026-02-15 08:40:23', '2026-02-28 03:50:24', NULL),
(563, 7, 1, 2, 11, 'losers', NULL, NULL, NULL, NULL, NULL, NULL, 0, NULL, NULL, NULL, 'scheduled', NULL, NULL, NULL, NULL, NULL, NULL, NULL, '2026-02-15 08:40:23', '2026-02-28 03:50:24', NULL),
(564, 7, 1, 3, 12, 'losers', NULL, NULL, NULL, NULL, NULL, NULL, 0, NULL, NULL, NULL, 'scheduled', NULL, NULL, NULL, NULL, NULL, NULL, NULL, '2026-02-15 08:40:23', '2026-02-28 03:50:24', NULL),
(565, 7, 1, 4, 13, 'losers', NULL, NULL, NULL, NULL, NULL, NULL, 0, NULL, NULL, NULL, 'scheduled', NULL, NULL, NULL, NULL, NULL, NULL, NULL, '2026-02-15 08:40:23', '2026-02-28 03:50:24', NULL),
(566, 7, 1, 4, 14, 'final', NULL, NULL, NULL, NULL, NULL, NULL, 0, NULL, NULL, NULL, 'scheduled', NULL, NULL, NULL, NULL, NULL, NULL, NULL, '2026-02-15 08:40:23', '2026-02-28 03:50:24', NULL),
(581, 9, 1, 1, 1, 'main', 65, 63, 1, 0, 65, 63, 0, NULL, NULL, NULL, 'completed', 583, 'team1', 584, NULL, NULL, NULL, NULL, '2026-02-20 21:01:03', '2026-02-28 03:50:24', NULL),
(582, 9, 1, 1, 2, 'main', 64, 66, 1, 0, 64, 66, 0, NULL, NULL, NULL, 'completed', 583, 'team2', 584, NULL, NULL, NULL, NULL, '2026-02-20 21:01:03', '2026-02-28 03:50:24', NULL),
(583, 9, 1, 2, 3, 'main', 65, 64, 1, 0, 65, 64, 0, NULL, NULL, NULL, 'completed', 586, 'team1', 585, NULL, NULL, NULL, NULL, '2026-02-20 21:01:03', '2026-02-28 03:50:24', NULL),
(584, 9, 1, 1, 4, 'losers', 63, 66, 1, 0, 63, 66, 0, NULL, NULL, NULL, 'completed', 585, 'team1', NULL, NULL, NULL, NULL, NULL, '2026-02-20 21:01:03', '2026-02-28 03:50:24', NULL),
(585, 9, 1, 2, 5, 'losers', 63, 64, 0, 1, 64, 63, 0, NULL, NULL, NULL, 'completed', 586, 'team2', NULL, NULL, NULL, NULL, NULL, '2026-02-20 21:01:03', '2026-02-28 03:50:24', NULL),
(586, 9, 1, 3, 6, 'final', 65, 64, 0, 1, 64, 65, 0, NULL, NULL, NULL, 'completed', NULL, NULL, NULL, NULL, NULL, NULL, NULL, '2026-02-20 21:01:03', '2026-02-28 03:50:24', NULL),
(587, 9, 1, 4, 7, 'final', 64, 65, 0, 1, 65, 64, 0, NULL, NULL, NULL, 'completed', NULL, NULL, NULL, NULL, NULL, NULL, NULL, '2026-02-20 21:04:00', '2026-02-28 03:50:24', NULL),
(602, 17, 1, 1, 1, 'main', 81, 79, 1, 0, 81, 79, 0, NULL, NULL, NULL, 'completed', 604, 'team1', 605, NULL, NULL, NULL, NULL, '2026-02-22 01:39:37', '2026-02-28 03:50:24', NULL),
(603, 17, 1, 1, 2, 'main', 82, 80, 1, 0, 82, 80, 0, NULL, NULL, NULL, 'completed', 604, 'team2', 605, NULL, NULL, NULL, NULL, '2026-02-22 01:39:37', '2026-02-28 03:50:24', NULL),
(604, 17, 1, 2, 3, 'main', NULL, NULL, NULL, NULL, NULL, NULL, 0, NULL, NULL, NULL, 'scheduled', 607, 'team1', 606, NULL, NULL, NULL, NULL, '2026-02-22 01:39:37', '2026-02-28 03:50:24', NULL),
(605, 17, 1, 1, 4, 'losers', NULL, NULL, NULL, NULL, NULL, NULL, 0, NULL, NULL, NULL, 'scheduled', 606, 'team1', NULL, NULL, NULL, NULL, NULL, '2026-02-22 01:39:37', '2026-02-28 03:50:24', NULL),
(606, 17, 1, 2, 5, 'losers', NULL, NULL, NULL, NULL, NULL, NULL, 0, NULL, NULL, NULL, 'scheduled', 607, 'team2', NULL, NULL, NULL, NULL, NULL, '2026-02-22 01:39:37', '2026-02-28 03:50:24', NULL),
(607, 17, 1, 3, 6, 'final', NULL, NULL, NULL, NULL, NULL, NULL, 0, NULL, NULL, NULL, 'scheduled', NULL, NULL, NULL, NULL, NULL, NULL, NULL, '2026-02-22 01:39:37', '2026-02-28 03:50:24', NULL),
(699, 19, 1, 1, 1, 'main', 98, 95, 1, 0, 98, 95, 0, NULL, NULL, NULL, 'completed', NULL, NULL, NULL, NULL, NULL, NULL, NULL, '2026-02-22 13:31:50', '2026-02-28 03:50:24', 'A'),
(700, 19, 1, 1, 2, 'main', 96, 97, 1, 0, 96, 97, 0, NULL, NULL, NULL, 'completed', NULL, NULL, NULL, NULL, NULL, NULL, NULL, '2026-02-22 13:31:50', '2026-02-28 03:50:24', 'A'),
(701, 19, 1, 2, 3, 'main', 98, 97, 1, 0, 98, 97, 0, NULL, NULL, NULL, 'completed', NULL, NULL, NULL, NULL, NULL, NULL, NULL, '2026-02-22 13:31:50', '2026-02-28 03:50:24', 'A'),
(702, 19, 1, 2, 4, 'main', 95, 96, 1, 0, 95, 96, 0, NULL, NULL, NULL, 'completed', NULL, NULL, NULL, NULL, NULL, NULL, NULL, '2026-02-22 13:31:50', '2026-02-28 03:50:24', 'A'),
(703, 19, 1, 3, 5, 'main', 98, 96, 1, 0, 98, 96, 0, NULL, NULL, NULL, 'completed', NULL, NULL, NULL, NULL, NULL, NULL, NULL, '2026-02-22 13:31:50', '2026-02-28 03:50:24', 'A'),
(704, 19, 1, 3, 6, 'main', 97, 95, 0, 1, 95, 97, 0, NULL, NULL, NULL, 'completed', NULL, NULL, NULL, NULL, NULL, NULL, NULL, '2026-02-22 13:31:50', '2026-02-28 03:50:24', 'A'),
(705, 19, 1, 1, 7, 'main', 92, 99, 1, 0, 92, 99, 0, NULL, NULL, NULL, 'completed', NULL, NULL, NULL, NULL, NULL, NULL, NULL, '2026-02-22 13:31:50', '2026-02-28 03:50:24', 'B'),
(706, 19, 1, 1, 8, 'main', 94, 93, 1, 0, 94, 93, 0, NULL, NULL, NULL, 'completed', NULL, NULL, NULL, NULL, NULL, NULL, NULL, '2026-02-22 13:31:50', '2026-02-28 03:50:24', 'B'),
(707, 19, 1, 2, 9, 'main', 92, 93, 0, 1, 93, 92, 0, NULL, NULL, NULL, 'completed', NULL, NULL, NULL, NULL, NULL, NULL, NULL, '2026-02-22 13:31:50', '2026-02-28 03:50:24', 'B'),
(708, 19, 1, 2, 10, 'main', 99, 94, 0, 1, 94, 99, 0, NULL, NULL, NULL, 'completed', NULL, NULL, NULL, NULL, NULL, NULL, NULL, '2026-02-22 13:31:50', '2026-02-28 03:50:24', 'B'),
(709, 19, 1, 3, 11, 'main', 92, 94, 1, 0, 92, 94, 0, NULL, NULL, NULL, 'completed', NULL, NULL, NULL, NULL, NULL, NULL, NULL, '2026-02-22 13:31:50', '2026-02-28 03:50:24', 'B'),
(710, 19, 1, 3, 12, 'main', 93, 99, 0, 1, 99, 93, 0, NULL, NULL, NULL, 'completed', NULL, NULL, NULL, NULL, NULL, NULL, NULL, '2026-02-22 13:31:50', '2026-02-28 03:50:24', 'B'),
(711, 19, 1, 4, 13, 'main', 98, 92, 1, 0, 98, 92, 0, NULL, NULL, NULL, 'completed', 713, 'team1', NULL, NULL, NULL, NULL, NULL, '2026-02-22 15:44:06', '2026-02-28 03:50:24', NULL),
(712, 19, 1, 4, 14, 'main', 94, 95, 0, 1, 95, 94, 0, NULL, NULL, NULL, 'completed', 713, 'team2', NULL, NULL, NULL, NULL, NULL, '2026-02-22 15:44:06', '2026-02-28 03:50:24', NULL),
(713, 19, 1, 5, 15, 'final', NULL, NULL, NULL, NULL, NULL, NULL, 0, NULL, NULL, NULL, 'scheduled', NULL, NULL, NULL, NULL, NULL, NULL, NULL, '2026-02-22 15:44:06', '2026-02-28 03:50:24', NULL),
(714, 20, 1, 1, 1, 'main', 101, 105, 1, 0, 101, 105, 0, NULL, NULL, NULL, 'completed', NULL, NULL, NULL, NULL, NULL, NULL, NULL, '2026-02-22 23:55:45', '2026-02-28 03:50:24', 'A'),
(715, 20, 1, 1, 2, 'main', 103, 102, 1, 0, 103, 102, 0, NULL, NULL, NULL, 'completed', NULL, NULL, NULL, NULL, NULL, NULL, NULL, '2026-02-22 23:55:45', '2026-02-28 03:50:24', 'A'),
(716, 20, 1, 2, 3, 'main', 101, 102, 1, 0, 101, 102, 0, NULL, NULL, NULL, 'completed', NULL, NULL, NULL, NULL, NULL, NULL, NULL, '2026-02-22 23:55:45', '2026-02-28 03:50:24', 'A'),
(717, 20, 1, 2, 4, 'main', 105, 103, 1, 0, 105, 103, 0, NULL, NULL, NULL, 'completed', NULL, NULL, NULL, NULL, NULL, NULL, NULL, '2026-02-22 23:55:45', '2026-02-28 03:50:24', 'A'),
(718, 20, 1, 3, 5, 'main', 101, 103, 1, 0, 101, 103, 0, NULL, NULL, NULL, 'completed', NULL, NULL, NULL, NULL, NULL, NULL, NULL, '2026-02-22 23:55:45', '2026-02-28 03:50:24', 'A'),
(719, 20, 1, 3, 6, 'main', 102, 105, 1, 0, 102, 105, 0, NULL, NULL, NULL, 'completed', NULL, NULL, NULL, NULL, NULL, NULL, NULL, '2026-02-22 23:55:45', '2026-02-28 03:50:24', 'A'),
(720, 20, 1, 1, 7, 'main', 106, 107, 1, 0, 106, 107, 0, NULL, NULL, NULL, 'completed', NULL, NULL, NULL, NULL, NULL, NULL, NULL, '2026-02-22 23:55:45', '2026-02-28 03:50:24', 'B'),
(721, 20, 1, 1, 8, 'main', 100, 104, 1, 0, 100, 104, 0, NULL, NULL, NULL, 'completed', NULL, NULL, NULL, NULL, NULL, NULL, NULL, '2026-02-22 23:55:45', '2026-02-28 03:50:24', 'B'),
(722, 20, 1, 2, 9, 'main', 106, 104, 1, 0, 106, 104, 0, NULL, NULL, NULL, 'completed', NULL, NULL, NULL, NULL, NULL, NULL, NULL, '2026-02-22 23:55:45', '2026-02-28 03:50:24', 'B'),
(723, 20, 1, 2, 10, 'main', 107, 100, 0, 1, 100, 107, 0, NULL, NULL, NULL, 'completed', NULL, NULL, NULL, NULL, NULL, NULL, NULL, '2026-02-22 23:55:45', '2026-02-28 03:50:24', 'B'),
(724, 20, 1, 3, 11, 'main', 106, 100, 1, 0, 106, 100, 0, NULL, NULL, NULL, 'completed', NULL, NULL, NULL, NULL, NULL, NULL, NULL, '2026-02-22 23:55:45', '2026-02-28 03:50:24', 'B'),
(725, 20, 1, 3, 12, 'main', 104, 107, 1, 0, 104, 107, 0, NULL, NULL, NULL, 'completed', NULL, NULL, NULL, NULL, NULL, NULL, NULL, '2026-02-22 23:55:45', '2026-02-28 03:50:24', 'B'),
(726, 20, 1, 4, 13, 'main', 101, 100, 1, 0, 101, 100, 0, NULL, NULL, NULL, 'completed', 728, 'team1', NULL, NULL, NULL, NULL, NULL, '2026-02-22 23:58:13', '2026-02-28 03:50:24', NULL),
(727, 20, 1, 4, 14, 'main', 106, 105, 1, 0, 106, 105, 0, NULL, NULL, NULL, 'completed', 728, 'team2', NULL, NULL, NULL, NULL, NULL, '2026-02-22 23:58:13', '2026-02-28 03:50:24', NULL),
(728, 20, 1, 5, 15, 'final', NULL, NULL, NULL, NULL, NULL, NULL, 0, NULL, NULL, NULL, 'scheduled', NULL, NULL, NULL, NULL, NULL, NULL, NULL, '2026-02-22 23:58:13', '2026-02-28 03:50:24', NULL),
(729, 21, 1, 1, 1, 'main', 113, 114, 1, 0, 113, 114, 0, NULL, NULL, NULL, 'completed', NULL, NULL, NULL, NULL, NULL, NULL, NULL, '2026-02-23 00:07:27', '2026-02-28 03:50:24', 'A'),
(730, 21, 1, 1, 2, 'main', 108, 110, 1, 0, 108, 110, 0, NULL, NULL, NULL, 'completed', NULL, NULL, NULL, NULL, NULL, NULL, NULL, '2026-02-23 00:07:27', '2026-02-28 03:50:24', 'A'),
(731, 21, 1, 2, 3, 'main', 113, 110, 1, 0, 113, 110, 0, NULL, NULL, NULL, 'completed', NULL, NULL, NULL, NULL, NULL, NULL, NULL, '2026-02-23 00:07:27', '2026-02-28 03:50:24', 'A'),
(732, 21, 1, 2, 4, 'main', 114, 108, 1, 0, 114, 108, 0, NULL, NULL, NULL, 'completed', NULL, NULL, NULL, NULL, NULL, NULL, NULL, '2026-02-23 00:07:27', '2026-02-28 03:50:24', 'A'),
(733, 21, 1, 3, 5, 'main', 113, 108, 1, 0, 113, 108, 0, NULL, NULL, NULL, 'completed', NULL, NULL, NULL, NULL, NULL, NULL, NULL, '2026-02-23 00:07:27', '2026-02-28 03:50:24', 'A'),
(734, 21, 1, 3, 6, 'main', 110, 114, 0, 1, 114, 110, 0, NULL, NULL, NULL, 'completed', NULL, NULL, NULL, NULL, NULL, NULL, NULL, '2026-02-23 00:07:27', '2026-02-28 03:50:24', 'A'),
(735, 21, 1, 1, 7, 'main', 111, 115, 1, 0, 111, 115, 0, NULL, NULL, NULL, 'completed', NULL, NULL, NULL, NULL, NULL, NULL, NULL, '2026-02-23 00:07:27', '2026-02-28 03:50:24', 'B'),
(736, 21, 1, 1, 8, 'main', 109, 112, 0, 1, 112, 109, 0, NULL, NULL, NULL, 'completed', NULL, NULL, NULL, NULL, NULL, NULL, NULL, '2026-02-23 00:07:27', '2026-02-28 03:50:24', 'B'),
(737, 21, 1, 2, 9, 'main', 111, 112, 1, 0, 111, 112, 0, NULL, NULL, NULL, 'completed', NULL, NULL, NULL, NULL, NULL, NULL, NULL, '2026-02-23 00:07:27', '2026-02-28 03:50:24', 'B'),
(738, 21, 1, 2, 10, 'main', 115, 109, 1, 0, 115, 109, 0, NULL, NULL, NULL, 'completed', NULL, NULL, NULL, NULL, NULL, NULL, NULL, '2026-02-23 00:07:27', '2026-02-28 03:50:24', 'B'),
(739, 21, 1, 3, 11, 'main', 111, 109, 1, 0, 111, 109, 0, NULL, NULL, NULL, 'completed', NULL, NULL, NULL, NULL, NULL, NULL, NULL, '2026-02-23 00:07:27', '2026-02-28 03:50:24', 'B'),
(740, 21, 1, 3, 12, 'main', 112, 115, 0, 1, 115, 112, 0, NULL, NULL, NULL, 'completed', NULL, NULL, NULL, NULL, NULL, NULL, NULL, '2026-02-23 00:07:27', '2026-02-28 03:50:24', 'B'),
(741, 21, 1, 4, 13, 'main', 113, 115, 1, 0, 113, 115, 0, NULL, NULL, NULL, 'completed', 743, 'team1', NULL, NULL, NULL, NULL, NULL, '2026-02-23 00:12:40', '2026-02-28 03:50:24', NULL),
(742, 21, 1, 4, 14, 'main', 111, 114, 0, 1, 114, 111, 0, NULL, NULL, NULL, 'completed', 743, 'team2', NULL, NULL, NULL, NULL, NULL, '2026-02-23 00:12:40', '2026-02-28 03:50:24', NULL),
(743, 21, 1, 5, 15, 'final', 113, 114, 1, 0, 113, 114, 0, NULL, NULL, NULL, 'completed', NULL, NULL, NULL, NULL, NULL, NULL, NULL, '2026-02-23 00:12:40', '2026-02-28 03:50:24', NULL),
(744, 22, 1, 1, 1, 'main', 118, 121, NULL, NULL, NULL, NULL, 0, NULL, NULL, NULL, 'scheduled', NULL, NULL, NULL, NULL, NULL, NULL, NULL, '2026-02-23 00:35:51', '2026-02-28 03:50:24', 'A'),
(745, 22, 1, 1, 2, 'main', 119, 116, NULL, NULL, NULL, NULL, 0, NULL, NULL, NULL, 'scheduled', NULL, NULL, NULL, NULL, NULL, NULL, NULL, '2026-02-23 00:35:51', '2026-02-28 03:50:24', 'A'),
(746, 22, 1, 2, 3, 'main', 118, 116, NULL, NULL, NULL, NULL, 0, NULL, NULL, NULL, 'scheduled', NULL, NULL, NULL, NULL, NULL, NULL, NULL, '2026-02-23 00:35:51', '2026-02-28 03:50:24', 'A'),
(747, 22, 1, 2, 4, 'main', 121, 119, NULL, NULL, NULL, NULL, 0, NULL, NULL, NULL, 'scheduled', NULL, NULL, NULL, NULL, NULL, NULL, NULL, '2026-02-23 00:35:51', '2026-02-28 03:50:24', 'A'),
(748, 22, 1, 3, 5, 'main', 118, 119, NULL, NULL, NULL, NULL, 0, NULL, NULL, NULL, 'scheduled', NULL, NULL, NULL, NULL, NULL, NULL, NULL, '2026-02-23 00:35:51', '2026-02-28 03:50:24', 'A'),
(749, 22, 1, 3, 6, 'main', 116, 121, NULL, NULL, NULL, NULL, 0, NULL, NULL, NULL, 'scheduled', NULL, NULL, NULL, NULL, NULL, NULL, NULL, '2026-02-23 00:35:51', '2026-02-28 03:50:24', 'A'),
(750, 22, 1, 1, 7, 'main', 117, 123, NULL, NULL, NULL, NULL, 0, NULL, NULL, NULL, 'scheduled', NULL, NULL, NULL, NULL, NULL, NULL, NULL, '2026-02-23 00:35:51', '2026-02-28 03:50:24', 'B'),
(751, 22, 1, 1, 8, 'main', 122, 120, NULL, NULL, NULL, NULL, 0, NULL, NULL, NULL, 'scheduled', NULL, NULL, NULL, NULL, NULL, NULL, NULL, '2026-02-23 00:35:51', '2026-02-28 03:50:24', 'B'),
(752, 22, 1, 2, 9, 'main', 117, 120, NULL, NULL, NULL, NULL, 0, NULL, NULL, NULL, 'scheduled', NULL, NULL, NULL, NULL, NULL, NULL, NULL, '2026-02-23 00:35:51', '2026-02-28 03:50:24', 'B'),
(753, 22, 1, 2, 10, 'main', 123, 122, NULL, NULL, NULL, NULL, 0, NULL, NULL, NULL, 'scheduled', NULL, NULL, NULL, NULL, NULL, NULL, NULL, '2026-02-23 00:35:51', '2026-02-28 03:50:24', 'B'),
(754, 22, 1, 3, 11, 'main', 117, 122, NULL, NULL, NULL, NULL, 0, NULL, NULL, NULL, 'scheduled', NULL, NULL, NULL, NULL, NULL, NULL, NULL, '2026-02-23 00:35:51', '2026-02-28 03:50:24', 'B'),
(755, 22, 1, 3, 12, 'main', 120, 123, NULL, NULL, NULL, NULL, 0, NULL, NULL, NULL, 'scheduled', NULL, NULL, NULL, NULL, NULL, NULL, NULL, '2026-02-23 00:35:51', '2026-02-28 03:50:24', 'B'),
(756, 23, 1, 1, 1, 'main', 126, 131, 1, 0, 126, 131, 0, NULL, NULL, NULL, 'completed', NULL, NULL, NULL, NULL, NULL, 22, 'حسن البقمي', '2026-02-23 00:42:39', '2026-02-28 03:50:24', 'A'),
(757, 23, 1, 1, 2, 'main', 129, 124, NULL, NULL, NULL, NULL, 0, NULL, NULL, NULL, 'scheduled', NULL, NULL, NULL, NULL, NULL, NULL, NULL, '2026-02-23 00:42:39', '2026-02-28 03:50:24', 'A'),
(758, 23, 1, 2, 3, 'main', 126, 124, NULL, NULL, NULL, NULL, 0, NULL, NULL, NULL, 'scheduled', NULL, NULL, NULL, NULL, NULL, NULL, NULL, '2026-02-23 00:42:39', '2026-02-28 03:50:24', 'A'),
(759, 23, 1, 2, 4, 'main', 131, 129, NULL, NULL, NULL, NULL, 0, NULL, NULL, NULL, 'scheduled', NULL, NULL, NULL, NULL, NULL, NULL, NULL, '2026-02-23 00:42:39', '2026-02-28 03:50:24', 'A'),
(760, 23, 1, 3, 5, 'main', 126, 129, NULL, NULL, NULL, NULL, 0, NULL, NULL, NULL, 'scheduled', NULL, NULL, NULL, NULL, NULL, NULL, NULL, '2026-02-23 00:42:39', '2026-02-28 03:50:24', 'A'),
(761, 23, 1, 3, 6, 'main', 124, 131, NULL, NULL, NULL, NULL, 0, NULL, NULL, NULL, 'scheduled', NULL, NULL, NULL, NULL, NULL, NULL, NULL, '2026-02-23 00:42:39', '2026-02-28 03:50:24', 'A'),
(762, 23, 1, 1, 7, 'main', 125, 127, NULL, NULL, NULL, NULL, 0, NULL, NULL, NULL, 'scheduled', NULL, NULL, NULL, NULL, NULL, NULL, NULL, '2026-02-23 00:42:39', '2026-02-28 03:50:24', 'B'),
(763, 23, 1, 1, 8, 'main', 128, 130, NULL, NULL, NULL, NULL, 0, NULL, NULL, NULL, 'scheduled', NULL, NULL, NULL, NULL, NULL, NULL, NULL, '2026-02-23 00:42:39', '2026-02-28 03:50:24', 'B'),
(764, 23, 1, 2, 9, 'main', 125, 130, NULL, NULL, NULL, NULL, 0, NULL, NULL, NULL, 'scheduled', NULL, NULL, NULL, NULL, NULL, NULL, NULL, '2026-02-23 00:42:39', '2026-02-28 03:50:24', 'B'),
(765, 23, 1, 2, 10, 'main', 127, 128, NULL, NULL, NULL, NULL, 0, NULL, NULL, NULL, 'scheduled', NULL, NULL, NULL, NULL, NULL, NULL, NULL, '2026-02-23 00:42:39', '2026-02-28 03:50:24', 'B'),
(766, 23, 1, 3, 11, 'main', 125, 128, NULL, NULL, NULL, NULL, 0, NULL, NULL, NULL, 'scheduled', NULL, NULL, NULL, NULL, NULL, NULL, NULL, '2026-02-23 00:42:39', '2026-02-28 03:50:24', 'B'),
(767, 23, 1, 3, 12, 'main', 130, 127, NULL, NULL, NULL, NULL, 0, NULL, NULL, NULL, 'scheduled', NULL, NULL, NULL, NULL, NULL, NULL, NULL, '2026-02-23 00:42:39', '2026-02-28 03:50:24', 'B'),
(768, 24, 1, 1, 1, 'main', 137, 135, 1, 2, 135, 137, 0, NULL, NULL, NULL, 'completed', NULL, NULL, NULL, NULL, NULL, 0, 'محمد السيد', '2026-02-23 01:08:59', '2026-02-28 03:50:24', NULL),
(769, 24, 1, 1, 2, 'main', 134, 136, 2, 1, 134, 136, 0, NULL, NULL, NULL, 'completed', NULL, NULL, NULL, NULL, NULL, 43, 'عمر الحربي', '2026-02-23 01:08:59', '2026-02-28 03:50:24', NULL),
(770, 24, 1, 1, 3, 'main', 132, 132, NULL, NULL, NULL, NULL, 0, NULL, NULL, NULL, 'scheduled', NULL, NULL, NULL, NULL, NULL, NULL, NULL, '2026-02-23 01:08:59', '2026-02-28 03:50:24', NULL),
(771, 24, 1, 2, 4, 'main', 137, 133, NULL, NULL, NULL, NULL, 0, NULL, NULL, NULL, 'scheduled', NULL, NULL, NULL, NULL, NULL, NULL, NULL, '2026-02-23 01:08:59', '2026-02-28 03:50:24', NULL),
(772, 24, 1, 2, 5, 'main', 135, 132, NULL, NULL, NULL, NULL, 0, NULL, NULL, NULL, 'scheduled', NULL, NULL, NULL, NULL, NULL, NULL, NULL, '2026-02-23 01:08:59', '2026-02-28 03:50:24', NULL),
(773, 24, 1, 2, 6, 'main', 134, 134, NULL, NULL, NULL, NULL, 0, NULL, NULL, NULL, 'scheduled', NULL, NULL, NULL, NULL, NULL, NULL, NULL, '2026-02-23 01:08:59', '2026-02-28 03:50:24', NULL),
(774, 24, 1, 3, 7, 'main', 137, 136, NULL, NULL, NULL, NULL, 0, NULL, NULL, NULL, 'scheduled', NULL, NULL, NULL, NULL, NULL, NULL, NULL, '2026-02-23 01:08:59', '2026-02-28 03:50:24', NULL),
(775, 24, 1, 3, 8, 'main', 133, 134, NULL, NULL, NULL, NULL, 0, NULL, NULL, NULL, 'scheduled', NULL, NULL, NULL, NULL, NULL, NULL, NULL, '2026-02-23 01:08:59', '2026-02-28 03:50:24', NULL),
(776, 24, 1, 3, 9, 'main', 135, 135, NULL, NULL, NULL, NULL, 0, NULL, NULL, NULL, 'scheduled', NULL, NULL, NULL, NULL, NULL, NULL, NULL, '2026-02-23 01:08:59', '2026-02-28 03:50:24', NULL),
(777, 24, 1, 4, 10, 'main', 137, 132, NULL, NULL, NULL, NULL, 0, NULL, NULL, NULL, 'scheduled', NULL, NULL, NULL, NULL, NULL, NULL, NULL, '2026-02-23 01:08:59', '2026-02-28 03:50:24', NULL),
(778, 24, 1, 4, 11, 'main', 136, 135, NULL, NULL, NULL, NULL, 0, NULL, NULL, NULL, 'scheduled', NULL, NULL, NULL, NULL, NULL, NULL, NULL, '2026-02-23 01:08:59', '2026-02-28 03:50:24', NULL),
(779, 24, 1, 4, 12, 'main', 133, 133, NULL, NULL, NULL, NULL, 0, NULL, NULL, NULL, 'scheduled', NULL, NULL, NULL, NULL, NULL, NULL, NULL, '2026-02-23 01:08:59', '2026-02-28 03:50:24', NULL),
(780, 24, 1, 5, 13, 'main', 137, 134, NULL, NULL, NULL, NULL, 0, NULL, NULL, NULL, 'scheduled', NULL, NULL, NULL, NULL, NULL, NULL, NULL, '2026-02-23 01:08:59', '2026-02-28 03:50:24', NULL),
(781, 24, 1, 5, 14, 'main', 132, 133, NULL, NULL, NULL, NULL, 0, NULL, NULL, NULL, 'scheduled', NULL, NULL, NULL, NULL, NULL, NULL, NULL, '2026-02-23 01:08:59', '2026-02-28 03:50:24', NULL),
(782, 24, 1, 5, 15, 'main', 136, 136, NULL, NULL, NULL, NULL, 0, NULL, NULL, NULL, 'scheduled', NULL, NULL, NULL, NULL, NULL, NULL, NULL, '2026-02-23 01:08:59', '2026-02-28 03:50:24', NULL),
(783, 24, 1, 6, 16, 'main', 135, 137, NULL, NULL, NULL, NULL, 0, NULL, NULL, NULL, 'scheduled', NULL, NULL, NULL, NULL, NULL, NULL, NULL, '2026-02-23 01:08:59', '2026-02-28 03:50:24', NULL),
(784, 24, 1, 6, 17, 'main', 136, 134, NULL, NULL, NULL, NULL, 0, NULL, NULL, NULL, 'scheduled', NULL, NULL, NULL, NULL, NULL, NULL, NULL, '2026-02-23 01:08:59', '2026-02-28 03:50:24', NULL),
(785, 24, 1, 6, 18, 'main', 132, 132, NULL, NULL, NULL, NULL, 0, NULL, NULL, NULL, 'scheduled', NULL, NULL, NULL, NULL, NULL, NULL, NULL, '2026-02-23 01:08:59', '2026-02-28 03:50:24', NULL),
(786, 24, 1, 7, 19, 'main', 133, 137, NULL, NULL, NULL, NULL, 0, NULL, NULL, NULL, 'scheduled', NULL, NULL, NULL, NULL, NULL, NULL, NULL, '2026-02-23 01:08:59', '2026-02-28 03:50:24', NULL),
(787, 24, 1, 7, 20, 'main', 132, 135, NULL, NULL, NULL, NULL, 0, NULL, NULL, NULL, 'scheduled', NULL, NULL, NULL, NULL, NULL, NULL, NULL, '2026-02-23 01:08:59', '2026-02-28 03:50:24', NULL),
(788, 24, 1, 7, 21, 'main', 134, 134, NULL, NULL, NULL, NULL, 0, NULL, NULL, NULL, 'scheduled', NULL, NULL, NULL, NULL, NULL, NULL, NULL, '2026-02-23 01:08:59', '2026-02-28 03:50:24', NULL),
(789, 24, 1, 8, 22, 'main', 136, 137, NULL, NULL, NULL, NULL, 0, NULL, NULL, NULL, 'scheduled', NULL, NULL, NULL, NULL, NULL, NULL, NULL, '2026-02-23 01:08:59', '2026-02-28 03:50:24', NULL),
(790, 24, 1, 8, 23, 'main', 134, 133, NULL, NULL, NULL, NULL, 0, NULL, NULL, NULL, 'scheduled', NULL, NULL, NULL, NULL, NULL, NULL, NULL, '2026-02-23 01:08:59', '2026-02-28 03:50:24', NULL),
(791, 24, 1, 8, 24, 'main', 135, 135, NULL, NULL, NULL, NULL, 0, NULL, NULL, NULL, 'scheduled', NULL, NULL, NULL, NULL, NULL, NULL, NULL, '2026-02-23 01:08:59', '2026-02-28 03:50:24', NULL),
(792, 24, 1, 9, 25, 'main', 132, 137, NULL, NULL, NULL, NULL, 0, NULL, NULL, NULL, 'scheduled', NULL, NULL, NULL, NULL, NULL, NULL, NULL, '2026-02-23 01:08:59', '2026-02-28 03:50:24', NULL),
(793, 24, 1, 9, 26, 'main', 135, 136, NULL, NULL, NULL, NULL, 0, NULL, NULL, NULL, 'scheduled', NULL, NULL, NULL, NULL, NULL, NULL, NULL, '2026-02-23 01:08:59', '2026-02-28 03:50:24', NULL),
(794, 24, 1, 9, 27, 'main', 133, 133, NULL, NULL, NULL, NULL, 0, NULL, NULL, NULL, 'scheduled', NULL, NULL, NULL, NULL, NULL, NULL, NULL, '2026-02-23 01:08:59', '2026-02-28 03:50:24', NULL),
(795, 24, 1, 10, 28, 'main', 134, 137, NULL, NULL, NULL, NULL, 0, NULL, NULL, NULL, 'scheduled', NULL, NULL, NULL, NULL, NULL, NULL, NULL, '2026-02-23 01:08:59', '2026-02-28 03:50:24', NULL),
(796, 24, 1, 10, 29, 'main', 133, 132, NULL, NULL, NULL, NULL, 0, NULL, NULL, NULL, 'scheduled', NULL, NULL, NULL, NULL, NULL, NULL, NULL, '2026-02-23 01:08:59', '2026-02-28 03:50:24', NULL),
(797, 24, 1, 10, 30, 'main', 136, 136, NULL, NULL, NULL, NULL, 0, NULL, NULL, NULL, 'scheduled', NULL, NULL, NULL, NULL, NULL, NULL, NULL, '2026-02-23 01:08:59', '2026-02-28 03:50:24', NULL),
(840, 16, 1, 1, 1, 'main', 145, 149, NULL, NULL, NULL, NULL, 0, '2026-03-03', '08:00:00', NULL, 'scheduled', 844, 'team1', NULL, NULL, NULL, NULL, NULL, '2026-02-23 03:09:19', '2026-02-28 03:50:24', NULL),
(841, 16, 1, 1, 2, 'main', 150, 151, NULL, NULL, NULL, NULL, 0, '2026-03-02', '08:00:00', NULL, 'scheduled', 844, 'team2', NULL, NULL, NULL, NULL, NULL, '2026-02-23 03:09:19', '2026-02-28 03:50:24', NULL),
(842, 16, 1, 1, 3, 'main', 148, 146, NULL, NULL, NULL, NULL, 0, '2026-03-01', '08:00:00', NULL, 'scheduled', 845, 'team1', NULL, NULL, NULL, NULL, NULL, '2026-02-23 03:09:19', '2026-02-28 03:50:24', NULL),
(843, 16, 1, 1, 4, 'main', 147, NULL, NULL, NULL, 147, NULL, 1, NULL, NULL, NULL, 'completed', 845, 'team2', NULL, NULL, NULL, NULL, NULL, '2026-02-23 03:09:19', '2026-02-28 03:50:24', NULL),
(844, 16, 1, 2, 5, 'main', NULL, NULL, NULL, NULL, NULL, NULL, 0, NULL, NULL, NULL, 'scheduled', 846, 'team1', 847, 'team1', NULL, NULL, NULL, '2026-02-23 03:09:19', '2026-02-28 03:50:24', NULL),
(845, 16, 1, 2, 6, 'main', NULL, 147, NULL, NULL, NULL, NULL, 0, NULL, NULL, NULL, 'scheduled', 846, 'team2', 847, 'team2', NULL, NULL, NULL, '2026-02-23 03:09:19', '2026-02-28 03:50:24', NULL),
(846, 16, 1, 3, 7, 'final', NULL, NULL, NULL, NULL, NULL, NULL, 0, NULL, NULL, NULL, 'scheduled', NULL, NULL, NULL, NULL, NULL, NULL, NULL, '2026-02-23 03:09:19', '2026-02-28 03:50:24', NULL),
(847, 16, 1, 3, 8, 'third_place', NULL, NULL, NULL, NULL, NULL, NULL, 0, NULL, NULL, NULL, 'scheduled', NULL, NULL, NULL, NULL, NULL, NULL, NULL, '2026-02-23 03:09:19', '2026-02-28 03:50:24', NULL),
(848, 26, 1, 1, 1, 'main', 154, 157, 1, 0, 154, 157, 0, '2026-03-04', '08:00:00', NULL, 'completed', 852, 'team1', NULL, NULL, NULL, NULL, NULL, '2026-02-28 12:18:42', '2026-02-28 12:32:24', NULL),
(849, 26, 1, 1, 2, 'main', 153, 155, NULL, NULL, NULL, NULL, 0, '2026-03-03', '08:00:00', NULL, 'scheduled', 852, 'team2', NULL, NULL, NULL, NULL, NULL, '2026-02-28 12:18:42', '2026-02-28 12:19:19', NULL),
(850, 26, 1, 1, 3, 'main', 159, 152, NULL, NULL, NULL, NULL, 0, '2026-03-01', '08:00:00', NULL, 'scheduled', 853, 'team1', NULL, NULL, NULL, NULL, NULL, '2026-02-28 12:18:42', '2026-02-28 12:19:19', NULL),
(851, 26, 1, 1, 4, 'main', 158, 156, NULL, NULL, NULL, NULL, 0, '2026-03-02', '08:00:00', NULL, 'scheduled', 853, 'team2', NULL, NULL, NULL, NULL, NULL, '2026-02-28 12:18:42', '2026-02-28 12:19:19', NULL),
(852, 26, 1, 2, 5, 'main', 154, NULL, NULL, NULL, NULL, NULL, 0, NULL, NULL, NULL, 'scheduled', 854, 'team1', 855, 'team1', NULL, NULL, NULL, '2026-02-28 12:18:42', '2026-02-28 12:32:24', NULL),
(853, 26, 1, 2, 6, 'main', NULL, NULL, NULL, NULL, NULL, NULL, 0, NULL, NULL, NULL, 'scheduled', 854, 'team2', 855, 'team2', NULL, NULL, NULL, '2026-02-28 12:18:42', '2026-02-28 12:18:42', NULL),
(854, 26, 1, 3, 7, 'final', NULL, NULL, NULL, NULL, NULL, NULL, 0, NULL, NULL, NULL, 'scheduled', NULL, NULL, NULL, NULL, NULL, NULL, NULL, '2026-02-28 12:18:42', '2026-02-28 12:18:42', NULL),
(855, 26, 1, 3, 8, 'third_place', NULL, NULL, NULL, NULL, NULL, NULL, 0, NULL, NULL, NULL, 'scheduled', NULL, NULL, NULL, NULL, NULL, NULL, NULL, '2026-02-28 12:18:42', '2026-02-28 12:18:42', NULL);

-- --------------------------------------------------------

--
-- بنية الجدول `match_events`
--

CREATE TABLE `match_events` (
  `id` int(10) UNSIGNED NOT NULL,
  `match_id` int(10) UNSIGNED NOT NULL COMMENT 'معرف المباراة',
  `team_id` int(10) UNSIGNED NOT NULL COMMENT 'معرف الفريق',
  `student_id` int(10) UNSIGNED DEFAULT NULL COMMENT 'معرف الطالب',
  `event_type` enum('goal','own_goal','penalty','yellow_card','red_card','substitution','injury') NOT NULL COMMENT 'نوع الحدث',
  `minute` int(10) UNSIGNED DEFAULT NULL COMMENT 'الدقيقة',
  `notes` varchar(255) DEFAULT NULL COMMENT 'ملاحظات',
  `created_at` timestamp NULL DEFAULT current_timestamp()
) ENGINE=InnoDB DEFAULT CHARSET=utf8mb4 COLLATE=utf8mb4_unicode_ci COMMENT='أحداث المباريات';

-- --------------------------------------------------------

--
-- بنية الجدول `match_media`
--

CREATE TABLE `match_media` (
  `id` int(10) UNSIGNED NOT NULL,
  `match_id` int(10) UNSIGNED NOT NULL,
  `media_type` enum('photo','video') NOT NULL DEFAULT 'photo',
  `media_url` varchar(255) NOT NULL,
  `description` varchar(255) DEFAULT NULL,
  `created_at` timestamp NOT NULL DEFAULT current_timestamp()
) ENGINE=InnoDB DEFAULT CHARSET=utf8mb4 COLLATE=utf8mb4_unicode_ci;

--
-- إرجاع أو استيراد بيانات الجدول `match_media`
--

INSERT INTO `match_media` (`id`, `match_id`, `media_type`, `media_url`, `description`, `created_at`) VALUES
(1, 768, 'photo', 'uploads/tournaments/match_768_1771812385_110dbb0a.jpeg', '', '2026-02-23 02:06:25');

-- --------------------------------------------------------

--
-- بنية الجدول `notifications`
--

CREATE TABLE `notifications` (
  `id` int(10) UNSIGNED NOT NULL,
  `parent_id` int(10) UNSIGNED NOT NULL,
  `student_id` int(10) UNSIGNED DEFAULT NULL,
  `type` enum('attendance','fitness','health','general','tournament_started') NOT NULL DEFAULT 'general',
  `title` varchar(255) NOT NULL,
  `message` text NOT NULL,
  `is_read` tinyint(1) DEFAULT 0,
  `created_at` timestamp NOT NULL DEFAULT current_timestamp()
) ENGINE=InnoDB DEFAULT CHARSET=utf8mb4 COLLATE=utf8mb4_unicode_ci;

--
-- إرجاع أو استيراد بيانات الجدول `notifications`
--

INSERT INTO `notifications` (`id`, `parent_id`, `student_id`, `type`, `title`, `message`, `is_read`, `created_at`) VALUES
(1, 2, 11, 'health', 'تحديث الحالة الصحية: تركي العنزي', 'تم إضافة/تحديث حالة صحية للطالب (تركي العنزي): ارتفاع درجة الحرارة.', 1, '2026-02-21 13:32:20'),
(2, 2, 11, 'attendance', 'إشعار حضور: تركي العنزي', 'نفيدكم بأن الطالب (تركي العنزي) تم رصده كـ (غائب) في حصة التربية البدنية بتاريخ 2026-02-21.', 1, '2026-02-21 13:33:38'),
(3, 1, 1, 'health', 'قياسات جديدة: محمد أحمد العتيبي', 'تم تحديث القياسات البدنية للطالب (محمد أحمد العتيبي) بتاريخ (2026-02-21).', 0, '2026-02-21 13:48:29'),
(4, 1, 1, 'general', 'تنبيه تجريبي', 'هذا تنبيه للتأكد من عمل الجرس', 0, '2026-02-21 13:54:15'),
(5, 2, 11, 'general', '🎉 وسام جديد!', 'حصل ابنكم على وسام: وحش اللياقة', 1, '2026-02-22 00:37:53'),
(6, 2, NULL, 'general', 'نتيجة مباراة: تجربة طريقة الخلط والمزج', 'انتهت المباراة بين فريق (الثاني الثانوي - 2/1) وفريق (الأول الثانوي - 1/2) بنتيجة (1 - 0).', 1, '2026-02-22 15:42:44'),
(7, 1, NULL, 'general', 'نتيجة مباراة: تجربة طريقة الخلط والمزج', 'انتهت المباراة بين فريق (الأول الثانوي - 1/1) وفريق (الثاني الثانوي - 2/1) بنتيجة (1 - 0).', 0, '2026-02-22 15:44:01'),
(8, 2, NULL, 'general', 'نتيجة مباراة: تجربة طريقة الخلط والمزج', 'انتهت المباراة بين فريق (الأول الثانوي - 1/2) وفريق (الثالث الثانوي - 3/3) بنتيجة (0 - 1).', 1, '2026-02-22 15:44:06'),
(9, 1, NULL, 'general', 'نتيجة مباراة: تجربة طريقة الخلط والمزج', 'انتهت المباراة بين فريق (الثالث الثانوي - 3/2) وفريق (الأول الثانوي - 1/1) بنتيجة (1 - 0).', 0, '2026-02-22 15:44:13'),
(10, 2, NULL, 'general', 'نتيجة مباراة: تجربة ٢ لطريقة المزيج', 'انتهت المباراة بين فريق (الأول الثانوي - 1/2) وفريق (الثالث الثانوي - 3/1) بنتيجة (1 - 0).', 1, '2026-02-22 23:56:16'),
(11, 1, NULL, 'general', 'نتيجة مباراة: تجربة ٢ لطريقة المزيج', 'انتهت المباراة بين فريق (الأول الثانوي - 1/1) وفريق (الثاني الثانوي - 2/3) بنتيجة (1 - 0).', 0, '2026-02-22 23:56:29'),
(12, 2, NULL, 'general', 'نتيجة مباراة: تجربة ٢ لطريقة المزيج', 'انتهت المباراة بين فريق (الأول الثانوي - 1/2) وفريق (الثاني الثانوي - 2/1) بنتيجة (1 - 0).', 1, '2026-02-22 23:56:35'),
(13, 1, NULL, 'general', 'نتيجة مباراة: تجربة ٢ لطريقة المزيج', 'انتهت المباراة بين فريق (الثالث الثانوي - 3/3) وفريق (الأول الثانوي - 1/1) بنتيجة (0 - 1).', 0, '2026-02-22 23:56:50'),
(14, 2, NULL, 'general', 'نتيجة مباراة: تجربة ٢ لطريقة المزيج', 'انتهت المباراة بين فريق (الأول الثانوي - 1/2) وفريق (الثاني الثانوي - 2/2) بنتيجة (1 - 0).', 1, '2026-02-22 23:57:58'),
(15, 1, NULL, 'general', 'نتيجة مباراة: تجربة ٢ لطريقة المزيج', 'انتهت المباراة بين فريق (الثالث الثانوي - 3/2) وفريق (الأول الثانوي - 1/1) بنتيجة (1 - 0).', 0, '2026-02-22 23:58:08'),
(16, 2, NULL, 'general', 'نتيجة مباراة: تجربة ٢ لطريقة المزيج', 'انتهت المباراة بين فريق (الأول الثانوي - 1/2) وفريق (الأول الثانوي - 1/1) بنتيجة (1 - 0).', 1, '2026-02-22 23:59:46'),
(17, 1, NULL, 'general', 'نتيجة مباراة: تجربة ٢ لطريقة المزيج', 'انتهت المباراة بين فريق (الأول الثانوي - 1/2) وفريق (الأول الثانوي - 1/1) بنتيجة (1 - 0).', 0, '2026-02-22 23:59:46'),
(18, 1, NULL, 'general', 'نتيجة مباراة: تجربة ٣', 'انتهت المباراة بين فريق (الأول الثانوي - 1/1) وفريق (الثاني الثانوي - 2/1) بنتيجة (1 - 0).', 0, '2026-02-23 00:11:49'),
(19, 2, NULL, 'general', 'نتيجة مباراة: تجربة ٣', 'انتهت المباراة بين فريق (الأول الثانوي - 1/2) وفريق (الثاني الثانوي - 2/3) بنتيجة (0 - 1).', 1, '2026-02-23 00:11:58'),
(20, 1, NULL, 'general', 'نتيجة مباراة: تجربة ٣', 'انتهت المباراة بين فريق (الثالث الثانوي - 3/2) وفريق (الأول الثانوي - 1/1) بنتيجة (1 - 0).', 0, '2026-02-23 00:12:09'),
(21, 2, NULL, 'general', 'نتيجة مباراة: تجربة ٣', 'انتهت المباراة بين فريق (الثالث الثانوي - 3/3) وفريق (الأول الثانوي - 1/2) بنتيجة (1 - 0).', 1, '2026-02-23 00:12:18'),
(22, 1, NULL, 'general', 'نتيجة مباراة: تجربة ٣', 'انتهت المباراة بين فريق (الثالث الثانوي - 3/1) وفريق (الأول الثانوي - 1/1) بنتيجة (1 - 0).', 0, '2026-02-23 00:12:23'),
(23, 2, NULL, 'general', 'نتيجة مباراة: تجربة ٣', 'انتهت المباراة بين فريق (الثاني الثانوي - 2/2) وفريق (الأول الثانوي - 1/2) بنتيجة (1 - 0).', 1, '2026-02-23 00:12:34'),
(24, 2, 11, 'fitness', 'نتيجة اختبار لياقة: تركي العنزي', 'تم رصد نتيجة الطالب (تركي العنزي) في اختبار (جري 50 متر) بقيمة (12.9) ودرجة (4).', 1, '2026-02-24 06:16:38'),
(25, 2, 11, 'fitness', 'نتيجة اختبار لياقة: تركي العنزي', 'تم رصد نتيجة الطالب (تركي العنزي) في اختبار (جري 50 متر) بقيمة (12.9) ودرجة (4).', 1, '2026-02-24 06:16:38');

-- --------------------------------------------------------

--
-- بنية الجدول `parents`
--

CREATE TABLE `parents` (
  `id` int(10) UNSIGNED NOT NULL,
  `school_id` int(10) UNSIGNED DEFAULT NULL,
  `username` varchar(50) NOT NULL,
  `password` varchar(255) NOT NULL,
  `name` varchar(100) NOT NULL,
  `email` varchar(100) DEFAULT NULL,
  `phone` varchar(20) DEFAULT NULL,
  `active` tinyint(1) NOT NULL DEFAULT 1,
  `last_login` timestamp NULL DEFAULT NULL,
  `created_at` timestamp NOT NULL DEFAULT current_timestamp(),
  `updated_at` timestamp NOT NULL DEFAULT current_timestamp() ON UPDATE current_timestamp()
) ENGINE=InnoDB DEFAULT CHARSET=utf8mb4 COLLATE=utf8mb4_unicode_ci;

--
-- إرجاع أو استيراد بيانات الجدول `parents`
--

INSERT INTO `parents` (`id`, `school_id`, `username`, `password`, `name`, `email`, `phone`, `active`, `last_login`, `created_at`, `updated_at`) VALUES
(1, 1, 'parent_test', '$2y$12$Mpu2A5aq/DSFqQXEz8Yr9.TavyM6GbZkuYREPG.DOvPyN7vauWHUS', 'Parent Test', '', '0512345678', 1, '2026-02-21 14:11:40', '2026-02-21 11:44:15', '2026-02-28 03:14:44'),
(2, 1, 'parent_test2', '$2y$12$8rY8teuFljdLrhr5DTAqROkojk7L7faVu5zoW5cn6VwiqLwcBsR4O', 'محمد العنزي', '', '0572623308', 1, '2026-02-28 12:28:15', '2026-02-21 13:29:54', '2026-02-28 12:28:15');

-- --------------------------------------------------------

--
-- بنية الجدول `parent_students`
--

CREATE TABLE `parent_students` (
  `id` int(10) UNSIGNED NOT NULL,
  `parent_id` int(10) UNSIGNED NOT NULL,
  `student_id` int(10) UNSIGNED NOT NULL,
  `created_at` timestamp NOT NULL DEFAULT current_timestamp()
) ENGINE=InnoDB DEFAULT CHARSET=utf8mb4 COLLATE=utf8mb4_unicode_ci;

--
-- إرجاع أو استيراد بيانات الجدول `parent_students`
--

INSERT INTO `parent_students` (`id`, `parent_id`, `student_id`, `created_at`) VALUES
(3, 1, 1, '2026-02-21 11:44:15'),
(4, 2, 11, '2026-02-21 13:30:15'),
(5, 1, 48, '2026-02-21 15:37:13');

-- --------------------------------------------------------

--
-- بنية الجدول `plans`
--

CREATE TABLE `plans` (
  `id` int(10) UNSIGNED NOT NULL,
  `name` varchar(100) NOT NULL COMMENT 'اسم الخطة',
  `name_en` varchar(100) DEFAULT NULL COMMENT 'English name',
  `slug` varchar(50) NOT NULL COMMENT 'معرف فريد',
  `description` text DEFAULT NULL,
  `price_monthly` decimal(10,2) DEFAULT 0.00 COMMENT 'السعر الشهري',
  `price_yearly` decimal(10,2) DEFAULT 0.00 COMMENT 'السعر السنوي',
  `max_students` int(10) UNSIGNED DEFAULT 100,
  `max_teachers` int(10) UNSIGNED DEFAULT 5,
  `max_classes` int(10) UNSIGNED DEFAULT 10,
  `features` longtext CHARACTER SET utf8mb4 COLLATE utf8mb4_bin DEFAULT NULL COMMENT '{"tournaments": true, "badges": true, ...}' CHECK (json_valid(`features`)),
  `is_default` tinyint(1) DEFAULT 0 COMMENT 'الخطة الافتراضية للتسجيل',
  `active` tinyint(1) DEFAULT 1,
  `sort_order` int(11) DEFAULT 0,
  `created_at` timestamp NOT NULL DEFAULT current_timestamp()
) ENGINE=InnoDB DEFAULT CHARSET=utf8mb4 COLLATE=utf8mb4_unicode_ci COMMENT='خطط الاشتراك';

--
-- إرجاع أو استيراد بيانات الجدول `plans`
--

INSERT INTO `plans` (`id`, `name`, `name_en`, `slug`, `description`, `price_monthly`, `price_yearly`, `max_students`, `max_teachers`, `max_classes`, `features`, `is_default`, `active`, `sort_order`, `created_at`) VALUES
(1, 'مجاني', 'Free', 'free', NULL, 0.00, 0.00, 50, 2, 5, '{\"tournaments\": false, \"badges\": false, \"notifications\": true, \"reports\": false, \"sports_teams\": false, \"certificates\": false}', 0, 1, 1, '2026-02-28 03:14:44'),
(2, 'أساسي', 'Basic', 'basic', NULL, 99.00, 999.00, 200, 5, 15, '{\"tournaments\": false, \"badges\": true, \"notifications\": true, \"reports\": true, \"sports_teams\": false, \"certificates\": true}', 1, 1, 2, '2026-02-28 03:14:44'),
(3, 'متقدم', 'Advanced', 'advanced', NULL, 199.00, 1999.00, 500, 15, 30, '{\"tournaments\": true, \"badges\": true, \"notifications\": true, \"reports\": true, \"sports_teams\": true, \"certificates\": true}', 0, 1, 3, '2026-02-28 03:14:44'),
(4, 'مؤسسي', 'Enterprise', 'enterprise', NULL, 499.00, 4999.00, 9999, 999, 999, '{\"tournaments\": true, \"badges\": true, \"notifications\": true, \"reports\": true, \"sports_teams\": true, \"certificates\": true}', 0, 1, 4, '2026-02-28 03:14:44');

-- --------------------------------------------------------

--
-- بنية الجدول `platform_admins`
--

CREATE TABLE `platform_admins` (
  `id` int(10) UNSIGNED NOT NULL,
  `username` varchar(50) NOT NULL,
  `password` varchar(255) NOT NULL,
  `name` varchar(100) NOT NULL,
  `email` varchar(100) DEFAULT NULL,
  `role` enum('super_admin','support') DEFAULT 'super_admin',
  `active` tinyint(1) DEFAULT 1,
  `last_login` timestamp NULL DEFAULT NULL,
  `created_at` timestamp NOT NULL DEFAULT current_timestamp()
) ENGINE=InnoDB DEFAULT CHARSET=utf8mb4 COLLATE=utf8mb4_unicode_ci COMMENT='مديرو المنصة';

--
-- إرجاع أو استيراد بيانات الجدول `platform_admins`
--

INSERT INTO `platform_admins` (`id`, `username`, `password`, `name`, `email`, `role`, `active`, `last_login`, `created_at`) VALUES
(1, 'superadmin', '$2y$12$mGQ.1xGh51712d5sMKc6ie9XKFNP/snk/Z/IB0PnemvnECyWFe4dS', 'مدير المنصة', 'admin@pesmart.com', 'super_admin', 1, '2026-02-28 09:52:30', '2026-02-28 03:14:44');

-- --------------------------------------------------------

--
-- بنية الجدول `schools`
--

CREATE TABLE `schools` (
  `id` int(10) UNSIGNED NOT NULL,
  `name` varchar(200) NOT NULL COMMENT 'اسم المدرسة',
  `slug` varchar(50) NOT NULL COMMENT 'المعرف الفريد (للنطاق الفرعي)',
  `logo_url` varchar(500) DEFAULT NULL,
  `email` varchar(100) DEFAULT NULL,
  `phone` varchar(20) DEFAULT NULL,
  `address` text DEFAULT NULL,
  `city` varchar(100) DEFAULT NULL,
  `region` varchar(100) DEFAULT NULL,
  `timezone` varchar(50) DEFAULT 'Asia/Riyadh',
  `plan_id` int(10) UNSIGNED DEFAULT NULL COMMENT 'خطة الاشتراك',
  `subscription_status` enum('trial','active','suspended','cancelled') DEFAULT 'trial',
  `trial_ends_at` date DEFAULT NULL,
  `subscription_ends_at` date DEFAULT NULL,
  `max_students` int(10) UNSIGNED DEFAULT 100,
  `max_teachers` int(10) UNSIGNED DEFAULT 5,
  `settings` longtext CHARACTER SET utf8mb4 COLLATE utf8mb4_bin DEFAULT NULL COMMENT 'إعدادات خاصة بالمدرسة' CHECK (json_valid(`settings`)),
  `active` tinyint(1) DEFAULT 1,
  `created_at` timestamp NOT NULL DEFAULT current_timestamp(),
  `updated_at` timestamp NOT NULL DEFAULT current_timestamp() ON UPDATE current_timestamp()
) ENGINE=InnoDB DEFAULT CHARSET=utf8mb4 COLLATE=utf8mb4_unicode_ci COMMENT='المدارس (المستأجرين)';

--
-- إرجاع أو استيراد بيانات الجدول `schools`
--

INSERT INTO `schools` (`id`, `name`, `slug`, `logo_url`, `email`, `phone`, `address`, `city`, `region`, `timezone`, `plan_id`, `subscription_status`, `trial_ends_at`, `subscription_ends_at`, `max_students`, `max_teachers`, `settings`, `active`, `created_at`, `updated_at`) VALUES
(1, 'المدرسة الافتراضية', 'default', NULL, NULL, NULL, NULL, NULL, NULL, 'Asia/Riyadh', 3, 'trial', '2026-03-30', NULL, 9999, 999, NULL, 1, '2026-02-28 03:14:44', '2026-02-28 03:14:44'),
(2, 'school_test1', 'sch_test1', NULL, 'admin@sch.com', NULL, NULL, NULL, NULL, 'Asia/Riyadh', 1, 'trial', '2026-03-14', NULL, 50, 2, NULL, 1, '2026-02-28 03:19:45', '2026-02-28 03:19:45');

-- --------------------------------------------------------

--
-- بنية الجدول `sports_teams`
--

CREATE TABLE `sports_teams` (
  `id` int(10) UNSIGNED NOT NULL,
  `school_id` int(10) UNSIGNED DEFAULT NULL,
  `name` varchar(100) NOT NULL,
  `sport_type` varchar(50) NOT NULL DEFAULT 'كرة قدم',
  `team_type` enum('class','school','mixed') NOT NULL DEFAULT 'mixed',
  `class_id` int(10) UNSIGNED DEFAULT NULL,
  `coach_id` int(10) UNSIGNED DEFAULT NULL,
  `color` varchar(20) NOT NULL DEFAULT '#10b981',
  `logo_emoji` varchar(10) DEFAULT '⚽',
  `description` text DEFAULT NULL,
  `is_active` tinyint(1) NOT NULL DEFAULT 1,
  `created_by` int(10) UNSIGNED DEFAULT NULL,
  `created_at` timestamp NOT NULL DEFAULT current_timestamp(),
  `updated_at` timestamp NOT NULL DEFAULT current_timestamp() ON UPDATE current_timestamp()
) ENGINE=InnoDB DEFAULT CHARSET=utf8mb4 COLLATE=utf8mb4_unicode_ci;

--
-- إرجاع أو استيراد بيانات الجدول `sports_teams`
--

INSERT INTO `sports_teams` (`id`, `school_id`, `name`, `sport_type`, `team_type`, `class_id`, `coach_id`, `color`, `logo_emoji`, `description`, `is_active`, `created_by`, `created_at`, `updated_at`) VALUES
(1, 1, 'فصل ١ / ١', 'كرة قدم', 'class', 1, NULL, '#1b10b7', '⚽', '', 1, 1, '2026-02-20 22:09:21', '2026-02-28 03:14:44'),
(2, 1, 'منتخب كرة القدم بالمدرسة', 'كرة قدم', 'school', NULL, NULL, '#10b981', '⚽', '', 1, 1, '2026-02-20 22:11:40', '2026-02-28 03:14:44'),
(6, 1, 'فريق النسور', 'كرة قدم', 'mixed', NULL, NULL, '#f59e0b', '⚽', NULL, 1, 1, '2026-02-20 22:41:17', '2026-02-28 03:14:44'),
(11, 1, 'فريق فصل ١ / ٢', 'كرة قدم', 'class', 2, NULL, '#b7107a', '⚽', '', 1, 1, '2026-02-23 00:50:54', '2026-02-28 03:14:44'),
(12, 1, 'فصل ٢ / ١', 'كرة قدم', 'class', 4, NULL, '#102cb7', '⚽', '', 1, 1, '2026-02-23 01:03:02', '2026-02-28 03:14:44'),
(13, 1, 'فريق فصل ٢ / ٢', 'كرة قدم', 'class', 5, NULL, '#8ab710', '⚽', '', 1, 1, '2026-02-23 01:03:38', '2026-02-28 03:14:44'),
(14, 1, 'فصل ٣ / ١', 'كرة قدم', 'mixed', NULL, NULL, '#b71058', '⚽', '', 1, 1, '2026-02-23 01:13:06', '2026-02-28 03:14:44');

-- --------------------------------------------------------

--
-- بنية الجدول `standings`
--

CREATE TABLE `standings` (
  `id` int(10) UNSIGNED NOT NULL,
  `tournament_id` int(10) UNSIGNED NOT NULL COMMENT 'معرف البطولة',
  `school_id` int(10) UNSIGNED DEFAULT NULL,
  `team_id` int(10) UNSIGNED NOT NULL COMMENT 'معرف الفريق',
  `played` int(10) UNSIGNED DEFAULT 0 COMMENT 'المباريات الملعوبة',
  `wins` int(10) UNSIGNED DEFAULT 0 COMMENT 'الانتصارات',
  `draws` int(10) UNSIGNED DEFAULT 0 COMMENT 'التعادلات',
  `losses` int(10) UNSIGNED DEFAULT 0 COMMENT 'الخسائر',
  `goals_for` int(10) UNSIGNED DEFAULT 0 COMMENT 'الأهداف المسجلة',
  `goals_against` int(10) UNSIGNED DEFAULT 0 COMMENT 'الأهداف المستقبلة',
  `goal_difference` int(11) DEFAULT 0 COMMENT 'فارق الأهداف',
  `points` int(10) UNSIGNED DEFAULT 0 COMMENT 'النقاط',
  `form` varchar(20) DEFAULT NULL COMMENT 'آخر 5 نتائج (WWLDW)',
  `last_updated` timestamp NULL DEFAULT current_timestamp() ON UPDATE current_timestamp(),
  `group_name` varchar(10) DEFAULT NULL
) ENGINE=InnoDB DEFAULT CHARSET=utf8mb4 COLLATE=utf8mb4_unicode_ci COMMENT='جدول ترتيب الدوري';

--
-- إرجاع أو استيراد بيانات الجدول `standings`
--

INSERT INTO `standings` (`id`, `tournament_id`, `school_id`, `team_id`, `played`, `wins`, `draws`, `losses`, `goals_for`, `goals_against`, `goal_difference`, `points`, `form`, `last_updated`, `group_name`) VALUES
(38, 19, 1, 98, 3, 3, 0, 0, 3, 0, 3, 9, 'WWW', '2026-02-28 03:50:24', 'A'),
(39, 19, 1, 95, 2, 2, 0, 0, 2, 0, 2, 6, 'WW', '2026-02-28 03:50:24', 'A'),
(40, 19, 1, 96, 1, 0, 0, 1, 0, 1, -1, 0, 'L', '2026-02-28 03:50:24', 'A'),
(41, 19, 1, 97, 2, 0, 0, 2, 0, 2, -2, 0, 'LL', '2026-02-28 03:50:24', 'A'),
(42, 19, 1, 92, 2, 1, 0, 1, 1, 1, 0, 3, 'WL', '2026-02-28 03:50:24', 'B'),
(43, 19, 1, 99, 2, 1, 0, 1, 1, 1, 0, 3, 'LW', '2026-02-28 03:50:24', 'B'),
(44, 19, 1, 94, 4, 2, 0, 2, 2, 2, 0, 6, 'WWLL', '2026-02-28 03:50:24', 'B'),
(45, 19, 1, 93, 2, 0, 0, 2, 0, 2, -2, 0, 'LL', '2026-02-28 03:50:24', 'B'),
(46, 20, 1, 101, 4, 4, 0, 0, 4, 0, 4, 12, 'WWWW', '2026-02-28 03:50:24', 'A'),
(47, 20, 1, 105, 4, 1, 0, 3, 1, 3, -2, 3, 'LWLL', '2026-02-28 03:50:24', 'A'),
(48, 20, 1, 103, 3, 1, 0, 2, 1, 2, -1, 3, 'WLL', '2026-02-28 03:50:24', 'A'),
(49, 20, 1, 102, 3, 1, 0, 2, 1, 2, -1, 3, 'LLW', '2026-02-28 03:50:24', 'A'),
(50, 20, 1, 106, 4, 4, 0, 0, 4, 0, 4, 12, 'WWWW', '2026-02-28 03:50:24', 'B'),
(51, 20, 1, 107, 3, 0, 0, 3, 0, 3, -3, 0, 'LLL', '2026-02-28 03:50:24', 'B'),
(52, 20, 1, 100, 4, 2, 0, 2, 2, 2, 0, 6, 'WWLL', '2026-02-28 03:50:24', 'B'),
(53, 20, 1, 104, 3, 1, 0, 2, 1, 2, -1, 3, 'LLW', '2026-02-28 03:50:24', 'B'),
(54, 21, 1, 113, 3, 3, 0, 0, 3, 0, 3, 9, 'WWW', '2026-02-28 03:50:24', 'A'),
(55, 21, 1, 114, 3, 2, 0, 1, 2, 1, 1, 6, 'LWW', '2026-02-28 03:50:24', 'A'),
(56, 21, 1, 108, 3, 1, 0, 2, 1, 2, -1, 3, 'WLL', '2026-02-28 03:50:24', 'A'),
(57, 21, 1, 110, 3, 0, 0, 3, 0, 3, -3, 0, 'LLL', '2026-02-28 03:50:24', 'A'),
(58, 21, 1, 111, 3, 3, 0, 0, 3, 0, 3, 9, 'WWW', '2026-02-28 03:50:24', 'B'),
(59, 21, 1, 115, 3, 2, 0, 1, 2, 1, 1, 6, 'LWW', '2026-02-28 03:50:24', 'B'),
(60, 21, 1, 109, 3, 0, 0, 3, 0, 3, -3, 0, 'LLL', '2026-02-28 03:50:24', 'B'),
(61, 21, 1, 112, 3, 1, 0, 2, 1, 2, -1, 3, 'WLL', '2026-02-28 03:50:24', 'B'),
(62, 22, 1, 118, 0, 0, 0, 0, 0, 0, 0, 0, NULL, '2026-02-28 03:50:24', 'A'),
(63, 22, 1, 121, 0, 0, 0, 0, 0, 0, 0, 0, NULL, '2026-02-28 03:50:24', 'A'),
(64, 22, 1, 119, 0, 0, 0, 0, 0, 0, 0, 0, NULL, '2026-02-28 03:50:24', 'A'),
(65, 22, 1, 116, 0, 0, 0, 0, 0, 0, 0, 0, NULL, '2026-02-28 03:50:24', 'A'),
(66, 22, 1, 117, 0, 0, 0, 0, 0, 0, 0, 0, NULL, '2026-02-28 03:50:24', 'B'),
(67, 22, 1, 123, 0, 0, 0, 0, 0, 0, 0, 0, NULL, '2026-02-28 03:50:24', 'B'),
(68, 22, 1, 122, 0, 0, 0, 0, 0, 0, 0, 0, NULL, '2026-02-28 03:50:24', 'B'),
(69, 22, 1, 120, 0, 0, 0, 0, 0, 0, 0, 0, NULL, '2026-02-28 03:50:24', 'B'),
(70, 23, 1, 126, 1, 1, 0, 0, 1, 0, 1, 3, 'W', '2026-02-28 03:50:24', 'A'),
(71, 23, 1, 131, 1, 0, 0, 1, 0, 1, -1, 0, 'L', '2026-02-28 03:50:24', 'A'),
(72, 23, 1, 129, 0, 0, 0, 0, 0, 0, 0, 0, '', '2026-02-28 03:50:24', 'A'),
(73, 23, 1, 124, 0, 0, 0, 0, 0, 0, 0, 0, '', '2026-02-28 03:50:24', 'A'),
(74, 23, 1, 125, 0, 0, 0, 0, 0, 0, 0, 0, '', '2026-02-28 03:50:24', 'B'),
(75, 23, 1, 127, 0, 0, 0, 0, 0, 0, 0, 0, '', '2026-02-28 03:50:24', 'B'),
(76, 23, 1, 128, 0, 0, 0, 0, 0, 0, 0, 0, '', '2026-02-28 03:50:24', 'B'),
(77, 23, 1, 130, 0, 0, 0, 0, 0, 0, 0, 0, '', '2026-02-28 03:50:24', 'B'),
(78, 24, 1, 137, 1, 0, 0, 1, 1, 2, -1, 0, 'L', '2026-02-28 03:50:24', NULL),
(79, 24, 1, 135, 1, 1, 0, 0, 2, 1, 1, 3, 'W', '2026-02-28 03:50:24', NULL),
(80, 24, 1, 134, 1, 1, 0, 0, 2, 1, 1, 3, 'W', '2026-02-28 03:50:24', NULL),
(81, 24, 1, 132, 0, 0, 0, 0, 0, 0, 0, 0, NULL, '2026-02-28 03:50:24', NULL),
(82, 24, 1, 136, 1, 0, 0, 1, 1, 2, -1, 0, 'L', '2026-02-28 03:50:24', NULL),
(83, 24, 1, 133, 0, 0, 0, 0, 0, 0, 0, 0, NULL, '2026-02-28 03:50:24', NULL);

-- --------------------------------------------------------

--
-- بنية الجدول `students`
--

CREATE TABLE `students` (
  `id` int(10) UNSIGNED NOT NULL,
  `school_id` int(10) UNSIGNED DEFAULT NULL,
  `class_id` int(10) UNSIGNED NOT NULL,
  `name` varchar(150) NOT NULL,
  `student_number` varchar(20) NOT NULL,
  `password` varchar(255) DEFAULT NULL,
  `date_of_birth` date DEFAULT NULL,
  `blood_type` enum('A+','A-','B+','B-','O+','O-','AB+','AB-') DEFAULT NULL,
  `guardian_phone` varchar(20) DEFAULT NULL,
  `medical_notes` text DEFAULT NULL,
  `active` tinyint(1) NOT NULL DEFAULT 1,
  `last_login` datetime DEFAULT NULL,
  `created_at` timestamp NULL DEFAULT current_timestamp(),
  `updated_at` timestamp NULL DEFAULT current_timestamp() ON UPDATE current_timestamp()
) ENGINE=InnoDB DEFAULT CHARSET=utf8mb4 COLLATE=utf8mb4_unicode_ci;

--
-- إرجاع أو استيراد بيانات الجدول `students`
--

INSERT INTO `students` (`id`, `school_id`, `class_id`, `name`, `student_number`, `password`, `date_of_birth`, `blood_type`, `guardian_phone`, `medical_notes`, `active`, `last_login`, `created_at`, `updated_at`) VALUES
(1, 1, 1, 'محمد أحمد العتيبي', '1001', '$2y$10$TpYo8uDfLU8BZt7xb8vY/ubTQ0mlgchekQ6S8qXMKTb2tF1wUB1C6', '2008-05-15', 'A+', '0512345678', NULL, 1, NULL, '2026-02-14 03:42:23', '2026-02-28 03:14:44'),
(2, 1, 2, 'خالد سعد الشمري', '1002', '$2y$10$wHiFMsHNccA4yCQ.f4vawOnLvO.n.mRFUTY1ak1l21s27q4ZikNGO', '2007-11-20', 'B+', '0587654321', 'حساسية صدرية', 1, '2026-02-21 14:17:55', '2026-02-14 03:42:23', '2026-02-28 03:14:44'),
(3, 1, 4, 'عبدالله فهد القحطاني', '1003', '$2y$10$jLtC6Gh1amMA9Hfzvkr8r.1NkncwJ5IonpEeeQXQBwxHYZrwyvsX6', '2008-03-10', 'O+', '0556789012', NULL, 1, NULL, '2026-02-14 03:42:23', '2026-02-28 03:14:44'),
(4, 1, 1, 'عمر المطيري', '1004', '$2y$10$oWMG8ud5dC4JSyLgWlI1AOjHQx/h4eXgpEdJiaWiJUR9UrGWvTd6C', '2007-07-06', 'B+', '0510255673', NULL, 1, NULL, '2026-02-14 03:42:23', '2026-02-28 03:14:44'),
(5, 1, 1, 'عبدالرحمن الشهري', '1005', '$2y$10$rnxslwbvvRmqypEWzpIri.pPgPEr3DMAY1Ygez0q3/JhuNEMhJASu', '2008-07-14', 'AB-', '0564426422', NULL, 1, NULL, '2026-02-14 03:42:23', '2026-02-28 03:14:44'),
(6, 1, 1, 'فيصل الدوسري', '1006', '$2y$10$0ZvLX7syx3Fr.z30lNjueesnpLCf1KUaRoxGvSxhSgbva71caGASW', '2008-12-11', 'AB-', '0575591835', NULL, 1, NULL, '2026-02-14 03:42:23', '2026-02-28 03:14:44'),
(7, 1, 2, 'حسن الزهراني', '1007', '$2y$10$XY1ego9jMcZ8tVbNuVoQg.sMXHD92RJUuUA.lG6VLgUr3h0V086Om', '2009-09-07', 'A-', '0542836412', NULL, 1, NULL, '2026-02-14 03:42:23', '2026-02-28 03:14:44'),
(8, 1, 2, 'ماجد البقمي', '1008', '$2y$10$LBElHtLnUDClrX03RasSx.IBsPTbu.cpLFZX.EaDpjpybqpyaJBEW', '2009-09-18', 'A+', '0569943805', NULL, 1, NULL, '2026-02-14 03:42:23', '2026-02-28 03:14:44'),
(9, 1, 2, 'إبراهيم الجهني', '1009', '$2y$10$3TCnHKNHA36.Uaf2MQhB6.w5R2C9BklqJukNZtN8XRyz.sk49ieG.', '2010-02-09', 'A-', '0560736079', NULL, 0, NULL, '2026-02-14 03:42:23', '2026-02-28 03:14:44'),
(10, 1, 2, 'أحمد العتيبي', '1010', '$2y$10$25CPOOwBseK.lhPx38nsYuP7mdfk492c5BAnt.L/ImdIu60gJfa72', '2009-11-06', 'A+', '0552661715', NULL, 0, NULL, '2026-02-14 03:42:23', '2026-02-28 03:14:44'),
(11, 1, 2, 'تركي العنزي', '1011', '$2y$10$tqxwwwnb1ay2R3sMXCJVAufT3xo6gdwv6Th3Ki6ylAONLAxv.LOAu', '2009-11-22', 'AB+', '0572623308', NULL, 1, '2026-02-21 10:43:57', '2026-02-14 03:42:23', '2026-02-28 03:14:44'),
(12, 1, 2, 'طلال الشمري', '1012', '$2y$10$INbAL6TIvplOEyw2tdsgO.clCXIm4wMnDz0OPdhuKz1NBOhaKoG5G', '2008-07-12', 'O-', '0517431510', NULL, 1, NULL, '2026-02-14 03:42:23', '2026-02-28 03:14:44'),
(13, 1, 2, 'فيصل العتيبي', '1013', '$2y$10$GJr4YRSYSJ6hocY4541hHu2gzYy2njzXE6H7Dfd/FAtG7jw1L/JnG', '2009-01-09', 'O+', '0565013596', NULL, 1, NULL, '2026-02-14 03:42:23', '2026-02-28 03:14:44'),
(14, 1, 3, 'محمد العنزي', '1014', '$2y$10$PDfb2BRR0hySWiojLq7rReJPDWgOVhsV4Ah9Sa1Q8z6Bzyn7j2V6.', '2010-06-24', 'AB+', '0524365431', NULL, 1, NULL, '2026-02-14 03:42:23', '2026-02-28 03:14:44'),
(15, 1, 3, 'وليد البقمي', '1015', '$2y$10$6r2g76qTWXd06h9X98FfyeONU4KRKr.oXhoFyz1y8KBIsbkOmXata', '2007-03-27', 'O+', '0581758197', NULL, 1, NULL, '2026-02-14 03:42:23', '2026-02-28 03:14:44'),
(16, 1, 3, 'فيصل الزهراني', '1016', '$2y$10$LdsQ2vJ2wj0zp1T2MVx20euo/emE9ghuuBqS7FmV/1s3nSyGg0lg2', '2007-02-19', 'B-', '0583178330', NULL, 1, NULL, '2026-02-14 03:42:23', '2026-02-28 03:14:44'),
(17, 1, 3, 'تركي الرشيدي', '1017', '$2y$10$wVmORCdO5chbefD/7w9P4eYJuyBLqRDiWZmRTQzFbtOgJiwohGdHS', '2009-01-12', 'AB-', '0573471372', NULL, 0, NULL, '2026-02-14 03:42:23', '2026-02-28 03:14:44'),
(18, 1, 3, 'تركي الشمري', '1018', '$2y$10$D2esAilVmKM0PTcAH7Qb8.bfFgCiRqngAhhowztKYlzTPo/9xSH/.', '2009-05-22', 'AB+', '0572378669', NULL, 1, NULL, '2026-02-14 03:42:23', '2026-02-28 03:14:44'),
(19, 1, 3, 'مشاري الجهني', '1019', '$2y$10$9NJolTgOuXQ2vq0Mmvk9HeAL9m5BqaCYmb/0geVx0YgRQsv0PxGb.', '2007-10-06', 'O+', '0576008212', NULL, 1, NULL, '2026-02-14 03:42:23', '2026-02-28 03:14:44'),
(20, 1, 3, 'علي البقمي', '1020', '$2y$10$4LUWW9vT.9Hjst1GCpMXK.i2QEOBgipOdVEoiuqY1JWauvvymp4Gm', '2010-07-12', 'A-', '0544087144', NULL, 1, NULL, '2026-02-14 03:42:23', '2026-02-28 03:14:44'),
(21, 1, 3, 'مشاري العتيبي', '1021', '$2y$10$c2iBMMJkuyWewBUHPttsAuhB/11Lq93Ayzu7/9mFSDJQnnz/CUqMm', '2008-03-04', 'B-', '0536819685', NULL, 1, NULL, '2026-02-14 03:42:23', '2026-02-28 03:14:44'),
(22, 1, 4, 'حسن البقمي', '1022', '$2y$10$ZVXWzB03Am/vE4dbtjC3quO3o0LIxffJLZrBN3tVPoNR8HfrHCko.', '2009-09-07', 'AB-', '0573777890', NULL, 1, NULL, '2026-02-14 03:42:23', '2026-02-28 03:14:44'),
(23, 1, 4, 'طلال الشمري', '1023', '$2y$10$/zVdVQ2vdmTcWl5b.cE7SOiAD1Qmrhgrs3UiKq7s7rAuqpJgIHBjG', '2010-04-18', 'B-', '0555373251', NULL, 1, NULL, '2026-02-14 03:42:23', '2026-02-28 03:14:44'),
(24, 1, 4, 'عبدالله السبيعي', '1024', '$2y$10$IPCtaItXky2y8g45cwIsI.jCINhGrNTwFipKNQos2D8a2B9bi6NfW', '2010-10-14', 'AB-', '0585166162', NULL, 1, NULL, '2026-02-14 03:42:23', '2026-02-28 03:14:44'),
(25, 1, 4, 'سلطان المطيري', '1025', '$2y$10$esUZN/vumLwIHKZ0TaN1Duo97PDPqhWn9vF5O2y6P1Tra1Xd.e9zS', '2008-05-12', 'O+', '0512629312', NULL, 1, NULL, '2026-02-14 03:42:23', '2026-02-28 03:14:44'),
(26, 1, 4, 'عمر الدوسري', '1026', '$2y$10$tij.uNz6wT0ZOG6y6tdJmerfWVmznoDulC/4otTOqqsuRFNrV9Ora', '2009-12-21', 'A+', '0564452035', NULL, 1, NULL, '2026-02-14 03:42:23', '2026-02-28 03:14:44'),
(27, 1, 4, 'حسن الحربي', '1027', '$2y$10$XkHT2MG7jX7/casd5QxR3.uCeNh1cUVDUNpe2RZV2tUWX0Vp2H9ne', '2009-08-23', 'AB-', '0536084740', NULL, 1, NULL, '2026-02-14 03:42:23', '2026-02-28 03:14:44'),
(28, 1, 4, 'طلال القحطاني', '1028', '$2y$10$InjMvSUZfvFG3uscZBeMuePcyecUioXzpjJ8zNYrz6gWP5Cm1BEsO', '2010-05-12', 'A+', '0565885342', NULL, 1, NULL, '2026-02-14 03:42:23', '2026-02-28 03:14:44'),
(29, 1, 4, 'علي العنزي', '1029', '$2y$10$ugjN6mHqbLyQFBxLO8F7mOHO2X4TMbXHo8ULgUpcbPGlxJI7XNvJu', '2010-12-07', 'AB+', '0553139658', NULL, 1, NULL, '2026-02-14 03:42:23', '2026-02-28 03:14:44'),
(30, 1, 5, 'علي الحربي', '1030', '$2y$10$t0rtXbM2shh6SraUavVt.usP8OyVhxtUErhgaiIzFJj.vySUR537e', '2008-06-09', 'B-', '0542555951', NULL, 1, NULL, '2026-02-14 03:42:23', '2026-02-28 03:14:44'),
(31, 1, 5, 'بندر القحطاني', '1031', '$2y$10$JfZHKBzgRRHJxzYht/6TY.0a9cX75PAF7yH.KsSzmjNdsLnrC12AW', '2008-06-08', 'B+', '0554086461', NULL, 0, NULL, '2026-02-14 03:42:23', '2026-02-28 03:14:44'),
(32, 1, 5, 'يوسف الزهراني', '1032', '$2y$10$CUbglZjgyRmdaHVec1Eaeuo63wp2EID5AOTguL4CUb90NxfE0oxHu', '2007-12-05', 'O+', '0515790480', NULL, 1, NULL, '2026-02-14 03:42:23', '2026-02-28 03:14:44'),
(33, 1, 5, 'وليد العمري', '1033', '$2y$10$J5uOCJO5N9UKLtNHVE3jlOAbFHJOD/KTgP3mK84LdOMTjL1qCf7Jq', '2010-09-02', 'O-', '0537372194', NULL, 1, NULL, '2026-02-14 03:42:23', '2026-02-28 03:14:44'),
(34, 1, 5, 'عبدالرحمن الغامدي', '1034', '$2y$10$HQhgO68KDLc12FAy5yP83uMjHxIdBeOgUv1GSUXfNJzRzVl4Ad6R2', '2007-10-20', 'O+', '0523819798', NULL, 1, NULL, '2026-02-14 03:42:23', '2026-02-28 03:14:44'),
(35, 1, 6, 'خالد الجهني', '1035', '$2y$10$WvSujFfy6UZAq.R/8WGmEukldAR0wUiWWq4jybYwJFkony4mCTgwu', '2010-07-17', 'A+', '0568564623', NULL, 1, NULL, '2026-02-14 03:42:23', '2026-02-28 03:14:44'),
(36, 1, 6, 'عادل الشمري', '1036', '$2y$10$epEA2hTlPYhg45zz.E3fhOtfGl5ivaHQhpMJOy3JYdk25Wk8d1Pvi', '2008-01-15', 'O-', '0599346890', NULL, 1, NULL, '2026-02-14 03:42:23', '2026-02-28 03:14:44'),
(37, 1, 6, 'عادل الجهني', '1037', '$2y$10$V4P3zJrdvfPi4s7LsF8EGObf5yjYk0lmx/H0TBIZKtidG0.XiuQOq', '2008-09-26', 'B+', '0533199892', NULL, 1, NULL, '2026-02-14 03:42:23', '2026-02-28 03:14:44'),
(38, 1, 6, 'محمد البقمي', '1038', '$2y$10$ys/g19Il5J6Y1R4Q8mhPkuwc2U1yv4ypiSK7yoQqqn3ZkihlUWYxO', '2009-12-24', 'A-', '0587104856', NULL, 1, NULL, '2026-02-14 03:42:23', '2026-02-28 03:14:44'),
(39, 1, 6, 'علي العمري', '1039', '$2y$10$OHN9Vb2F/TVqnEUAAZQ1Ruez9ndRe8cBRSvObWzXp8gEQ8nOtoB9i', '2009-01-04', 'B-', '0557439122', NULL, 1, NULL, '2026-02-14 03:42:23', '2026-02-28 03:14:44'),
(40, 1, 7, 'بندر العتيبي', '1040', '$2y$10$5Xgbal31tqw.v5uzuKOc6OQuz0GergXFNy.rAn.Ouf.CBFEXn5qaO', '2007-01-03', 'O-', '0547336271', NULL, 0, NULL, '2026-02-14 03:42:23', '2026-02-28 03:14:44'),
(41, 1, 7, 'حسن المطيري', '1041', '$2y$10$w2casIo/acf3u1KGrfeeZeavwX9bSiSlROnE/ZTEqecmEvZg52kEa', '2009-11-17', 'A-', '0553093809', NULL, 1, NULL, '2026-02-14 03:42:23', '2026-02-28 03:14:44'),
(42, 1, 7, 'خالد العنزي', '1042', '$2y$10$R.ghnKKowGyMxJbM/q2AGuHRokaC9panbwqA8Sfkbbqfe72PkD35C', '2009-07-13', 'A-', '0593738264', NULL, 1, NULL, '2026-02-14 03:42:23', '2026-02-28 03:14:44'),
(43, 1, 7, 'عمر الحربي', '1043', '$2y$10$e5/roGvNYJ./GcuOYrwtxeFy/TjAx7wIuLBFHinxW6g65Y/tek5cO', '2007-09-15', 'A-', '0512910247', NULL, 1, NULL, '2026-02-14 03:42:23', '2026-02-28 03:14:44'),
(44, 1, 7, 'سلطان الرشيدي', '1044', '$2y$10$krGLin1e85Zw0VunSCYsjO4L6BdxMgfNTArvA3sZfMcJkiIqI7xre', '2007-02-13', 'A-', '0534079978', NULL, 1, NULL, '2026-02-14 03:42:23', '2026-02-28 03:14:44'),
(45, 1, 7, 'راشد القحطاني', '1045', '$2y$10$Ob82HS7BzBSmVQivthWwZefb2F5NCB5U9zNkrdac8fP4ljalk38gC', '2009-08-06', 'A+', '0529925640', NULL, 1, NULL, '2026-02-14 03:42:23', '2026-02-28 03:14:44'),
(46, 1, 7, 'فيصل البقمي', '1046', '$2y$10$6F.9G1q5Lbn8WK2tYPapAeHXYOWhyObadZLaGAuk1rgwj3vurohXq', '2009-04-18', 'A-', '0515947117', NULL, 1, NULL, '2026-02-14 03:42:23', '2026-02-28 03:14:44'),
(47, 1, 7, 'راشد العمري', '1047', '$2y$10$3tySYTe0/X4uNb2cZMHmLeEgsNmew4aOXlvxGuoF3Gq4P1swfMAG6', '2008-07-24', 'A+', '0594622865', NULL, 1, NULL, '2026-02-14 03:42:23', '2026-02-28 03:14:44'),
(48, 1, 1, 'ابراهيم عبدالعزيز ابراهيم الرويس', '1151387352', '$2y$10$9oEE/KM0kHgr0vhjswbfo.1Y9yG7Hmnchf20zNYUBtEWLBbRdRlXa', '2008-05-15', 'A+', '0512345678', NULL, 1, NULL, '2026-02-15 17:34:00', '2026-02-28 03:14:44'),
(49, 1, 1, 'الوليد خالد بن حرشان الدوسري', '1151587043', '$2y$10$Ov/74P2iMUmUx0eZclDLLuY6h8Z.4yqiG6guK5QTz0dDOfyN4N906', '2007-11-20', 'B+', '0587654321', 'حساسية صدرية', 1, NULL, '2026-02-15 17:34:00', '2026-02-28 03:14:44'),
(50, 1, 1, 'تركي ماجد معتق المطيري', '1152248124', '$2y$10$7jdsEkpnGPuqtkpKQlWT9uCN0NJ8My3F.lmDr9LCKCz92OE/KZ3im', '2008-03-10', 'O+', '0556789012', NULL, 1, NULL, '2026-02-15 17:34:00', '2026-02-28 03:14:44'),
(51, 1, 1, 'خالد حمود حشر القحطاني', '1152546519', '$2y$10$dYUgVHtsJemQJWTn8s0ll.oq4f7q9kVGJMzRvswL4sZd0bxIVpMKC', NULL, NULL, NULL, NULL, 1, NULL, '2026-02-15 17:34:00', '2026-02-28 03:14:44'),
(52, 1, 1, 'زياد احمد بن علي الشمراني', '1152699987', '$2y$10$KROexs0.QgY5jq.iNIQRJ.3NdAq/Wta6F1apOZNDTJCAYMRT.ndYa', NULL, NULL, NULL, NULL, 1, NULL, '2026-02-15 17:34:00', '2026-02-28 03:14:44'),
(53, 1, 1, 'سلمان حسن عبدالله البيشي', '1147847360', '$2y$10$7Xj78xL8.Ul0kn36JWLSCulk3Lgp97U1hEzEFP1r3fJti3UMDbDs2', NULL, NULL, NULL, NULL, 1, NULL, '2026-02-15 17:34:00', '2026-02-28 03:14:44'),
(54, 1, 1, 'صقر قبلان صقر العتيبي', '1150165734', '$2y$10$p.50c1CpgnlB16UTXehRYuZldigslyqNkrmjjAcwDalQZiGl22rUS', NULL, NULL, NULL, NULL, 1, NULL, '2026-02-15 17:34:00', '2026-02-28 03:14:44'),
(55, 1, 1, 'عبدالرحمن سعيد عبدالرحمن العتيبي', '1148909789', '$2y$10$F6lXQFWJAwGOzoVsE/hkieU.nib0sDe9c0lPR/upVVdwoa7oKfCfy', NULL, NULL, NULL, NULL, 1, NULL, '2026-02-15 17:34:00', '2026-02-28 03:14:44'),
(56, 1, 1, 'عبدالعزيز محمد بن عبدالعزيز التميمي', '1150741153', '$2y$10$7kpLMFwDoz7xjxHg7oi8L.JxjJuOSKknQA7zfigS4lTHfnZ0mhqQS', NULL, NULL, NULL, NULL, 1, NULL, '2026-02-15 17:34:00', '2026-02-28 03:14:44'),
(57, 1, 1, 'عبدالله دواس بن مشلح الدوسري', '1148295395', '$2y$10$bAlIR2xWo/D5WDW/2oHiqOJwZOAHBiQVwtn/mugRSZXrQwpZcXudG', NULL, NULL, NULL, NULL, 1, NULL, '2026-02-15 17:34:00', '2026-02-28 03:14:44'),
(58, 1, 1, 'عبدالله سعد عبدالله القرني', '1152082457', '$2y$10$wvTmhh3XjMOwaJGn4jVvv.fbi6ucADP/NMqllGNkreUeohQkNL4p2', NULL, NULL, NULL, NULL, 1, NULL, '2026-02-15 17:34:00', '2026-02-28 03:14:44'),
(59, 1, 1, 'فهد عبدالحميد فهد بن طلحه', '1152001374', '$2y$10$OFHRLfl22StUg1zMgay5O.fteLaq9KNu3tEnkgGBYOocarL/bimem', NULL, NULL, NULL, NULL, 1, NULL, '2026-02-15 17:34:00', '2026-02-28 03:14:44'),
(60, 1, 1, 'مازن فهد بن سلمان المطيري', '1159708989', '$2y$10$vEKHquqGQHdNaHwQLTf39OBdIz/WL3kKMTQ6nrq9KzHG6D1SBTYNm', NULL, NULL, NULL, NULL, 1, NULL, '2026-02-15 17:34:00', '2026-02-28 03:14:44'),
(61, 1, 1, 'مسفر شبيب بن مقعد الدوسري', '1150825923', '$2y$10$g6jhuL4wJxBQXfaxt3krgOw5K5LWylni0j.bV2uglcVHft53O.yoi', NULL, NULL, NULL, NULL, 1, NULL, '2026-02-15 17:34:00', '2026-02-28 03:14:44'),
(62, 1, 1, 'ناجي برغش ناجي الدوسري', '1146932494', '$2y$10$tT4rdXx94BU7AZYJBzNfFud4I7aXpCvfNbt0I27sySH6Sv03UBolG', NULL, NULL, NULL, NULL, 1, NULL, '2026-02-15 17:34:00', '2026-02-28 03:14:44'),
(63, 1, 1, 'نايف حمد بن محمد العمر', '1152319412', '$2y$10$S0kudKPB4GqseZdN/RhZjuyDL1qRYrs0SR5OpoJr4wwdDNMliGE3y', NULL, NULL, NULL, NULL, 1, NULL, '2026-02-15 17:34:00', '2026-02-28 03:14:44'),
(64, 1, 1, 'يزن حاكم بن ابراهيم الدوسري', '1148551813', '$2y$10$ygmqEwEOZ5RroYAdS2pIkeVznkzJnrK7Mo1EwJk2Wa54rTFAVuHeK', NULL, NULL, NULL, NULL, 1, NULL, '2026-02-15 17:34:00', '2026-02-28 03:14:44'),
(65, 1, 4, 'أنس السيد عطيه جاويش', '2432655849', '$2y$10$WsZa0Dt17tfUtQwxHvbn8umVNRnUhMcHwU9O2qyrKnz9.0JrPVg5W', NULL, NULL, NULL, NULL, 1, NULL, '2026-02-15 17:34:00', '2026-02-28 03:14:44'),
(66, 1, 4, 'احمد سلطان راشد الشلوان', '1148142092', '$2y$10$QL62Z6EMzs1Q6SNjfyFVqeugDCikX.asaynnag5DQ9Z98uq2oTIia', NULL, NULL, NULL, NULL, 1, NULL, '2026-02-15 17:34:00', '2026-02-28 03:14:44'),
(67, 1, 4, 'باسم سعود عوض الرشيدي', '1144966965', '$2y$10$rwPAoZ5OvwjKqtmEQeoyhOR0vyVEY76Rm2pjS4KLruKRXUjTLQG7i', NULL, NULL, NULL, NULL, 1, NULL, '2026-02-15 17:34:00', '2026-02-28 03:14:44'),
(68, 1, 4, 'تركي عادل مطلق العازمي', '1161321599', '$2y$10$19RipibJW4ik6EQP2VWejuLDQoxv6TgxorjjU.nXzrIwQK.WDlk7G', NULL, NULL, NULL, NULL, 1, NULL, '2026-02-15 17:34:00', '2026-02-28 03:14:44'),
(69, 1, 4, 'خالد عبدالله بن علي بن عفتان', '1146343601', '$2y$10$tdLerzq6RgPCteKSq/3.4unJrKeqw5tNJQ8mgvC9hKv3hx6nqUwda', NULL, NULL, NULL, NULL, 1, NULL, '2026-02-15 17:34:00', '2026-02-28 03:14:44'),
(70, 1, 4, 'راكان محمد بن عبدالله الدوسري', '1147603409', '$2y$10$xhfi5aVbrOkeQg/NWDJWteeU6n5gPadB9EVBHf15y3EK2GHwBcn8G', NULL, NULL, NULL, NULL, 1, NULL, '2026-02-15 17:34:00', '2026-02-28 03:14:44'),
(71, 1, 4, 'زياد وليد السيد الكتامى', '2315235305', '$2y$10$i.dKUqM/b5ZXkbjHU1kPx.o/NZsfBPhDsVHwIHuLtRJ8Mtb5.6xr6', NULL, NULL, NULL, NULL, 1, NULL, '2026-02-15 17:34:00', '2026-02-28 03:14:44'),
(72, 1, 4, 'صالح خالد صالح القدان', '1140641323', '$2y$10$wl58icU4lA./6.oSTKX9a.O6Wbndb.BDHnDHFrZVLBX7mToCIVb0K', NULL, NULL, NULL, NULL, 1, NULL, '2026-02-15 17:34:00', '2026-02-28 03:14:44'),
(73, 1, 4, 'طارق عبدالعزيز راشد الدريهم', '1146122633', '$2y$10$WSF0N0ljwWNxyj2z2MchdeOjhNb1W73tbZ0epGdxrOpVeFoNS7MQ.', NULL, NULL, NULL, NULL, 1, NULL, '2026-02-15 17:34:00', '2026-02-28 03:14:44'),
(74, 1, 4, 'عبدالاله محمد مناور المطيري', '1147901639', '$2y$10$7nXPbXUA/FXOfa95klp6h.Yy0e2T1fl4smVMsOarstieZr0hQtJp.', NULL, NULL, NULL, NULL, 1, NULL, '2026-02-15 17:34:00', '2026-02-28 03:14:44'),
(75, 1, 4, 'عبدالعزيز عبدالله عبدالعزيز البياهي', '1147610651', '$2y$10$IzT0/Bw3vEBWoUEf/KBtxewm7m3BDURZeLyBB8ZOgg1eGeONsuPUm', NULL, NULL, NULL, NULL, 1, NULL, '2026-02-15 17:34:00', '2026-02-28 03:14:44'),
(76, 1, 4, 'عبدالله سامي علي المكاوني', '1148400755', '$2y$10$2kJEp6vwbV5RR2Wrw7szoergV4ZjX5IJYhYZx3OUDrqdhSmXpd2je', NULL, NULL, NULL, NULL, 1, NULL, '2026-02-15 17:34:00', '2026-02-28 03:14:44'),
(77, 1, 4, 'عبدالله محسن بن عبدالله السبيعي', '1149352062', '$2y$10$8Cj0G3JFwpNx4rx7WyqiZO.9.0Hu8Zan8QuLRzoXTZyszd8o07t1i', NULL, NULL, NULL, NULL, 1, NULL, '2026-02-15 17:34:00', '2026-02-28 03:14:44'),
(78, 1, 4, 'عبيد فهد عبيد الدوسري', '1146690829', '$2y$10$0NHhvCKzMUjpfwMAB86xTu/LhdJTzDCbp70nVJmcJ9MNlZBsE2gx6', NULL, NULL, NULL, NULL, 1, NULL, '2026-02-15 17:34:00', '2026-02-28 03:14:44'),
(79, 1, 4, 'عماد غشام خضران الرشيدي', '1145518542', '$2y$10$IVyPa1kieeeQA1O/Tr.kIu0pHuoD.6Pct/1VH6eOVN5bzmGff8f6W', NULL, NULL, NULL, NULL, 1, NULL, '2026-02-15 17:34:00', '2026-02-28 03:14:44'),
(80, 1, 4, 'فهد مهناء فهد القباني', '1148181645', '$2y$10$ItvQ/UuXeWu13WzLOPQs1eKx8EZ..DivUNYdnXVfjbxzx5XIdM/Bq', NULL, NULL, NULL, NULL, 1, NULL, '2026-02-15 17:34:00', '2026-02-28 03:14:44'),
(81, 1, 4, 'فيصل سعيد عبدالله حسن', '1149743732', '$2y$10$COSOTex3ukDpsNPtM37Mb.qLYrByK/Tqb37ri.d17k5liuaomXj8.', NULL, NULL, NULL, NULL, 1, NULL, '2026-02-15 17:34:00', '2026-02-28 03:14:44'),
(82, 1, 4, 'فيصل محمد معجب الدوسري', '1146521636', '$2y$10$qH45zUx7D.w0rdx8L0PnjudgawhNA1xa2YSBvzlguHHzLefsZE2.u', NULL, NULL, NULL, NULL, 1, NULL, '2026-02-15 17:34:00', '2026-02-28 03:14:44'),
(83, 1, 4, 'محمد حسن بن محمد الباهلي', '1146843485', '$2y$10$A/NTaSCsik5TH0rxPXsisOF8f/NRQ70LL/t3awkU9ShZEOqAxR83q', NULL, NULL, NULL, NULL, 1, NULL, '2026-02-15 17:34:00', '2026-02-28 03:14:44'),
(84, 1, 4, 'محمد راشد بن محمد المري', '1155614876', '$2y$10$rAH1m.rQkF0kSk7zlmAcw.Mya9NHKqHD9TGHaDhvOQa2aQejyyDd6', NULL, NULL, NULL, NULL, 1, NULL, '2026-02-15 17:34:00', '2026-02-28 03:14:44'),
(85, 1, 4, 'محمد علي حمدان المطيري', '1147831497', '$2y$10$T6xXP0rG76iwpP2hisuNruZWVLo0g5mIZrErJ1DEN13rLYwFvkNtO', NULL, NULL, NULL, NULL, 1, NULL, '2026-02-15 17:34:00', '2026-02-28 03:14:44'),
(86, 1, 4, 'محمد فلاح علوش الدوسري', '1149999151', '$2y$10$qRD6NxUrouG/aHR.ZBCXr.mfyjJm3WVjIPD3AV..pUIgUPVTKWdmy', NULL, NULL, NULL, NULL, 1, NULL, '2026-02-15 17:34:00', '2026-02-28 03:14:44'),
(87, 1, 4, 'محمد فيصل حسن العييناء', '1147198962', '$2y$10$dKzK4B3.iiNNjRYkTJ4gce1YLDAN./7CUoyiw4wskF1eDsdYRUz9C', NULL, NULL, NULL, NULL, 1, NULL, '2026-02-15 17:34:00', '2026-02-28 03:14:44'),
(88, 1, 4, 'محمد ناصر محمد ال مبارك', '1146691454', '$2y$10$bnr1.PDDWPCU58W2LSQlQ.iN5DfkB3DYIMzrjpHF8.nuw5KxbSU4y', NULL, NULL, NULL, NULL, 1, NULL, '2026-02-15 17:34:00', '2026-02-28 03:14:44'),
(89, 1, 4, 'مشعل حزام بن محمد السبيعي', '1145454656', '$2y$10$nMrOKLJ.t77ijVEkXdsxpOfS19WjScVi5a9rm3GtwvAAi9YvuH1FC', NULL, NULL, NULL, NULL, 1, NULL, '2026-02-15 17:34:00', '2026-02-28 03:14:44'),
(90, 1, 4, 'مشعل فلاح بن عايض العنزي', '1146675358', '$2y$10$Pr77T0XcH0cUAkGiWjc2/uTGBHB6lV4FI7v90fYLYRiRUz0hhyHZq', NULL, NULL, NULL, NULL, 1, NULL, '2026-02-15 17:34:00', '2026-02-28 03:14:44'),
(91, 1, 4, 'مهاب يسري عبدالوهاب عبدالكريم طيب', '2585394311', '$2y$10$OIr/Yg/dCmWftMsZy7G1fONtr/86yFgOTI864IyrvW3AHTG401SUa', NULL, NULL, NULL, NULL, 1, NULL, '2026-02-15 17:34:00', '2026-02-28 03:14:44'),
(92, 1, 4, 'نادر تركي لاحق العتيبي', '1146357098', '$2y$10$tkfcPsrPJVFwvfITpUuFhOEiIkQ2/OUpaHmUnmu9B3O7s9AbiG0Hi', NULL, NULL, NULL, NULL, 1, NULL, '2026-02-15 17:34:00', '2026-02-28 03:14:44'),
(93, 1, 4, 'ياسر أحمد هادي عسيري', '1147669327', '$2y$10$CgE2QGCOA78qs2qhP4gDluAyPljw11sXRsU6PZ3cMPLJmfEccq1Dy', NULL, NULL, NULL, NULL, 1, NULL, '2026-02-15 17:34:00', '2026-02-28 03:14:44'),
(94, 1, 4, 'يوسف حامد حميد الرشيدي', '1148879545', '$2y$10$9WUklcIHKwuwqtB2GvF4.eFBXJoAdKsk2G49EDVNwJOuE5cYaFMVm', NULL, NULL, NULL, NULL, 1, NULL, '2026-02-15 17:34:00', '2026-02-28 03:14:44'),
(95, 1, 5, 'اسامه سعد سعد شلبى', '2281273884', '$2y$10$qcWs4U/PgtEd7TGv.TXiqeK.76QUzYKtWsizudsRpGH3Ff/q9f7s.', NULL, NULL, NULL, NULL, 1, NULL, '2026-02-15 17:34:00', '2026-02-28 03:14:44'),
(96, 1, 5, 'اياد بندر بن مقبل المطيري', '1144540968', '$2y$10$JItvvRKQX3eFSWUVaeSSYeV3V74dy0GcQHmOd4f6i1p9Ia7qQJR.e', NULL, NULL, NULL, NULL, 1, NULL, '2026-02-15 17:34:00', '2026-02-28 03:14:44'),
(97, 1, 5, 'بندر فهد محمد العتيبي', '1148667510', '$2y$10$I0R8NuETySmk67ywd65mNejVK9BT8Zu1RU/Jxp6kvDzb9Gadf0aP2', NULL, NULL, NULL, NULL, 1, NULL, '2026-02-15 17:34:00', '2026-02-28 03:14:44'),
(98, 1, 5, 'تركي خالد بن عيد الدوسري', '1143862900', '$2y$10$.p7g8n5ND7W.25vkbL/7N.sio5hoLYNZQx7QYThOgbZLdy2sbNmb6', NULL, NULL, NULL, NULL, 1, NULL, '2026-02-15 17:34:00', '2026-02-28 03:14:44'),
(99, 1, 5, 'تركي على عبدالعزيز الشقيفى', '1147727679', '$2y$10$pcCjSH0AXqr8y/htZfH/uuUJeQWQn8kQ4YpELhF31rMzzMglqgKue', NULL, NULL, NULL, NULL, 1, NULL, '2026-02-15 17:34:00', '2026-02-28 03:14:44'),
(100, 1, 5, 'حازم علي عائض الزهراني', '1149176628', '$2y$10$pU5s.0CnkNkcDP4OFrwh1uUcQTLx/tbj342LDRjoKjnfVqIUp2FFa', NULL, NULL, NULL, NULL, 1, NULL, '2026-02-15 17:34:00', '2026-02-28 03:14:44'),
(101, 1, 5, 'خالد رفاعي قريع الدوسري', '1153976905', '$2y$10$vSWkJvWDrkoajXw6RwFeQ.o6U26CN/rCorwScslTe5pUNPioenLh2', NULL, NULL, NULL, NULL, 1, NULL, '2026-02-15 17:34:00', '2026-02-28 03:14:44'),
(102, 1, 5, 'خالد طلال علي الشقيفي', '1147600892', '$2y$10$08yMywKfsA8sA3LPlJXBnOm8exhl4yyh1sfcadVtiMuMdeer/2lpu', NULL, NULL, NULL, NULL, 1, NULL, '2026-02-15 17:34:00', '2026-02-28 03:14:44'),
(103, 1, 5, 'راكان مسفر بن مقعد الدوسري', '1145575245', '$2y$10$9s.GoNqNFHgD3cIz6F/C/Ofv3HDIrk97tJqwrrEUxsStmHZKzf.I2', NULL, NULL, NULL, NULL, 1, NULL, '2026-02-15 17:34:00', '2026-02-28 03:14:44'),
(104, 1, 5, 'زياد محمد عبدالمقصود عبدالمقصود', '2272907805', '$2y$10$ugyykYnKxdV8EWqrxx70Su95wr1EJRaHgOPfnPT.XLlsJ3.7FNCzK', NULL, NULL, NULL, NULL, 1, NULL, '2026-02-15 17:34:00', '2026-02-28 03:14:44'),
(105, 1, 5, 'سلطان عبدالرحمن سلطان الدوسري', '1148989898', '$2y$10$lj4UpVjZr5fMV.buEtjKwONvBF4oKK/QQtVywA0D9Z7bbqI2v7LB.', NULL, NULL, NULL, NULL, 1, NULL, '2026-02-15 17:34:00', '2026-02-28 03:14:44'),
(106, 1, 5, 'سلمان سعد سلمان الدخيني', '1147432734', '$2y$10$zZJDNUwI542odkJUnP84xe5Ba2bxeisHm.OMm9TUpWY7H93kuxck2', NULL, NULL, NULL, NULL, 1, NULL, '2026-02-15 17:34:00', '2026-02-28 03:14:44'),
(107, 1, 5, 'صالح عبدالله صالح الموسى', '1145795272', '$2y$10$oYAlLY6yToT8ZX9f2Wp6C.jgYurGoe5mh458xOWtD68VIHUs4OJzC', NULL, NULL, NULL, NULL, 1, NULL, '2026-02-15 17:34:00', '2026-02-28 03:14:44'),
(108, 1, 5, 'طلال يوسف بن سعيد العتيبي', '1147406290', '$2y$10$4e3Or3EpjxPudCqzERlZpOYrx.i9NktSmkZa4rQAPGrVjJE1naWK.', NULL, NULL, NULL, NULL, 1, NULL, '2026-02-15 17:34:00', '2026-02-28 03:14:44'),
(109, 1, 5, 'عبدالرحمن مبارك بن عبدالرحمن العقيف', '1148653395', '$2y$10$QM/ElKPowcX2QxeOzxvtte60RpbVBaCVv0.a7LpaoBCXr.LKcfyhy', NULL, NULL, NULL, NULL, 1, NULL, '2026-02-15 17:34:00', '2026-02-28 03:14:44'),
(110, 1, 5, 'عبدالرحمن محمد بن موسم العتيبي', '1153338023', '$2y$10$21aFt6yUeK5uhbZcsHNdU.BnAFB/6KiZL.jXQmACrm85ONR5sC.W6', NULL, NULL, NULL, NULL, 1, NULL, '2026-02-15 17:34:00', '2026-02-28 03:14:44'),
(111, 1, 5, 'عبدالعزيز خالد ابراهيم الغنام', '1145159438', '$2y$10$7RgfN/3spCJPAFlleEgowODCXsB4pfqeN1hUwcu3uxJOEpsfrCsLK', NULL, NULL, NULL, NULL, 1, NULL, '2026-02-15 17:34:00', '2026-02-28 03:14:44'),
(112, 1, 5, 'عبدالله جمعان بن مطلق الدوسري', '1147820045', '$2y$10$XzcSJVpAk.uuIpEzSJiqweE2cDBYY4cFwpcLBsUcD0rRb2TKckk9e', NULL, NULL, NULL, NULL, 1, NULL, '2026-02-15 17:34:00', '2026-02-28 03:14:44'),
(113, 1, 5, 'فارس سعد محمد سعد عسيري', '1147327033', '$2y$10$.l56UwLEoU57fK4R7sK/uuqxagGy1N0ToC9qvONOdNnitKGakSiCC', NULL, NULL, NULL, NULL, 1, NULL, '2026-02-15 17:34:00', '2026-02-28 03:14:44'),
(114, 1, 5, 'فهد يوسف عثمان المطرود', '1148909623', '$2y$10$IDjHfMS.l1aBbVDZmqxck.IFmin/JX/OLL8teMURk0nsQfMVz/Ukq', NULL, NULL, NULL, NULL, 1, NULL, '2026-02-15 17:34:00', '2026-02-28 03:14:44'),
(115, 1, 5, 'محمد عبدالله بن محمد الخريش', '1145205132', '$2y$10$cMcyjAOa6eJEMKJaPtiF7u/je20BwjpCPFvwE0bJhpGOTfigkY.mG', NULL, NULL, NULL, NULL, 1, NULL, '2026-02-15 17:34:00', '2026-02-28 03:14:44'),
(116, 1, 5, 'محمد عبدالله بن محمد الخضير', '1147651317', '$2y$10$5E2ve03XqJQ7kEA8gHSH7O9mQStv5wk64m4NUEKbCNMc0fqfysK7e', NULL, NULL, NULL, NULL, 1, NULL, '2026-02-15 17:34:00', '2026-02-28 03:14:44'),
(117, 1, 5, 'محمد فالح محمد البلوي', '1146575277', '$2y$10$Obiis6B5XDZH9lzNKP6O.eLmcVz.GVY/kjKG7Kv1BRs1tWjlg/SJ.', NULL, NULL, NULL, NULL, 1, NULL, '2026-02-15 17:34:00', '2026-02-28 03:14:44'),
(118, 1, 5, 'محمد فهيد بخيتان الدوسري', '1147582223', '$2y$10$hklSSijCgGMGLAvCNco45ub21mdlJHmV5rVBchgJMNbsXDxOUEiZS', NULL, NULL, NULL, NULL, 1, NULL, '2026-02-15 17:34:00', '2026-02-28 03:14:44'),
(119, 1, 5, 'محمد مهند بن محمد القعيضب', '1147095424', '$2y$10$16mn.S2DEPQeUY9ymNZt9OdjyMYMZ4M7iiPhc1axu5580yykFvDCu', NULL, NULL, NULL, NULL, 1, NULL, '2026-02-15 17:34:00', '2026-02-28 03:14:44'),
(120, 1, 5, 'مشعل مسلط محصن الشيباني', '1158408862', '$2y$10$T0bZeHH1UwRPAmKCIzWU7unkIAuNxRHgjn5OA14OdNZSp1Nru8QlW', NULL, NULL, NULL, NULL, 1, NULL, '2026-02-15 17:34:00', '2026-02-28 03:14:44'),
(121, 1, 5, 'معاذ بن إبراهيم بن سليمان الهندي', '1146083439', '$2y$10$klka2cqXEw2NjYXw90xv1ORglnKiNsp74/.E0Q9g8WRk7uenJGS.2', NULL, NULL, NULL, NULL, 1, NULL, '2026-02-15 17:34:00', '2026-02-28 03:14:44'),
(122, 1, 5, 'ناصر عبدالعزيز بن خالد المطيويع', '1148375619', '$2y$10$2XtdUVYUFz6Nx37VgdHI1.GRKTSbJRdNrBP8JZKum6xj55eheXfC.', NULL, NULL, NULL, NULL, 1, NULL, '2026-02-15 17:34:00', '2026-02-28 03:14:44'),
(123, 1, 5, 'ناصر عبدالله سعد البعيجان', '1145623151', '$2y$10$442PXQpl7ww/4Voj6KBDWeQ1CltUycST57bfQ9tekUAir4J5GjhCC', NULL, NULL, NULL, NULL, 1, NULL, '2026-02-15 17:34:00', '2026-02-28 03:14:44'),
(124, 1, 5, 'نايف بن ممدوح بن عقاب بن نحيت', '1153492663', '$2y$10$Sc1XSFV/htua.qCcIJ470eYpTpfsf5nNqABTIMQicR6UMojhaayNO', NULL, NULL, NULL, NULL, 1, NULL, '2026-02-15 17:34:00', '2026-02-28 03:14:44'),
(125, 1, 9, 'أحمد شقدوف محمد عقدي', '1146521727', '$2y$10$3xEC5mvHodYot3FIKPS3QuCcIh7CtVxFAHTnKd9tNyQ4EurZn1mTa', NULL, NULL, NULL, NULL, 1, '2026-02-21 06:15:13', '2026-02-15 17:34:00', '2026-02-28 03:14:44'),
(126, 1, 9, 'تميم عبدالرحمن محمد العتيبي', '1148623059', '$2y$10$GawH7jHwdhu35qzOPsDXDuAR9JrhIAeC7PhGT79QJjp.hwWYc9pPO', NULL, NULL, NULL, NULL, 1, NULL, '2026-02-15 17:34:00', '2026-02-28 03:14:44'),
(127, 1, 9, 'خالد ناصر عبدالله المقابلة الدوسري', '1142615507', '$2y$10$eCYWJ.kgdHrzdhEfLYFPAOPrFBA1oW24.QQt/qFxMgyi9ZXOC/y5O', NULL, NULL, NULL, NULL, 1, NULL, '2026-02-15 17:34:00', '2026-02-28 03:14:44'),
(128, 1, 9, 'درع بن ناصر بن محمد الدرع', '1148644089', '$2y$10$vOtyNvCPOccO2zYdtpnu.eXmwRQBu4zv4u2JVt6TuChRjc62eu.c2', NULL, NULL, NULL, NULL, 1, NULL, '2026-02-15 17:34:00', '2026-02-28 03:14:44'),
(129, 1, 9, 'راكان عبدالعزيز عبدالله الداعج', '1146753999', '$2y$10$LpKEZM4aFeon3wI.d4UmV.nqxw.6NL8GaBX6drvNOnYNi9xs.aAqG', NULL, NULL, NULL, NULL, 1, NULL, '2026-02-15 17:34:00', '2026-02-28 03:14:44'),
(130, 1, 9, 'سلطان خالد سعد الزمامي', '1154690927', '$2y$10$yBjQOdAXxYETPMbJjPyyaeczOiCVYvLLYQZPTJ8r1YRrR8EZ/XslG', NULL, NULL, NULL, NULL, 1, NULL, '2026-02-15 17:34:00', '2026-02-28 03:14:44'),
(131, 1, 9, 'سلطان رشيد سعد الحربي', '1145444046', '$2y$10$mJqQ6DLClzZmKF79Kvo0SuYv1Pd5nEo0k8xHxTHWVEZcvCOeyz8OK', NULL, NULL, NULL, NULL, 1, NULL, '2026-02-15 17:34:00', '2026-02-28 03:14:44'),
(132, 1, 9, 'طارد عبدالهادي ضيف الله الكبرى', '1145308498', '$2y$10$Fc7zu0UMzWOwxczKE8KL7OKPyfOciw/bi.wtjWlnkS6OpmSC5NFIu', NULL, NULL, NULL, NULL, 1, NULL, '2026-02-15 17:34:00', '2026-02-28 03:14:44'),
(133, 1, 9, 'عبدالعزيز ناصر عبدالله السبيعي', '1149034546', '$2y$10$VRWiImgpefP0jS6Pjtd6XeubwBkiEIgBOV0UniQikX6lqYLSztYvK', NULL, NULL, NULL, NULL, 1, NULL, '2026-02-15 17:34:00', '2026-02-28 03:14:44'),
(134, 1, 9, 'عبدالكريم فهد ميزان البدراني', '1146223019', '$2y$10$YHvuGUhuKSZpcCIF7SiEeO.dQExCn/ctKE.NJ7FM/ceBnos5JNZBS', NULL, NULL, NULL, NULL, 1, NULL, '2026-02-15 17:34:00', '2026-02-28 03:14:44'),
(135, 1, 9, 'عبدالله راشد عبدالرحمن الكنهل', '1148125436', '$2y$10$ZH6FABFpYJoAX.MT5XP1O.MPaRchCe5//ItUdBz/vPFlu6yqQ7ofC', NULL, NULL, NULL, NULL, 1, NULL, '2026-02-15 17:34:00', '2026-02-28 03:14:44'),
(136, 1, 9, 'عبدالله مبخوت محمد الدوسري', '1144720826', '$2y$10$SOBlR4s3lpUwiPNjCuMJEOMvCt25WzWPpmDtlL0kiMuWcrFLsk9wO', NULL, NULL, NULL, NULL, 1, NULL, '2026-02-15 17:34:00', '2026-02-28 03:14:44'),
(137, 1, 9, 'عبدالملك عبدالله محمد التميمي', '1147295370', '$2y$10$SfzTXPG04zQSyQHw5LGvGuyz1PCtuECkgj1j.1PoSnkzSop/18oU.', NULL, NULL, NULL, NULL, 1, NULL, '2026-02-15 17:34:00', '2026-02-28 03:14:44'),
(138, 1, 9, 'عزام طارق ناصر الجمعه', '1148192048', '$2y$10$REndww4zPup3kk3imj/08ezQ2O2lBfuS1BybtQHrdhQAMX7xuKaEK', NULL, NULL, NULL, NULL, 1, NULL, '2026-02-15 17:34:00', '2026-02-28 03:14:44'),
(139, 1, 9, 'عزام فهد بن سعد الجهيم', '1149668160', '$2y$10$ujm6XOnM0mAfc0Z1CE/toOrOVrPHjTB07BCLIhP.PF0zBglc7ToUK', NULL, NULL, NULL, NULL, 1, NULL, '2026-02-15 17:34:00', '2026-02-28 03:14:44'),
(140, 1, 9, 'فراج ناصر بن فراج الدوسري', '1151582861', '$2y$10$5AqULSyyWurEHxvzhBvv1Oux2PVCNDFGoqVLSQobHMTMWfwqRDKwO', NULL, NULL, NULL, NULL, 1, NULL, '2026-02-15 17:34:00', '2026-02-28 03:14:44'),
(141, 1, 9, 'فهد خالد نفل الحارثي', '1147289316', '$2y$10$Eo9/fxF301ZiwBgF9OQd..5NEm1Sdi3PBZGEPtju2HS20USh0IO6u', NULL, NULL, NULL, NULL, 1, NULL, '2026-02-15 17:34:00', '2026-02-28 03:14:44'),
(142, 1, 9, 'مشاري خالد بن هلال العتيبي', '1145764260', '$2y$10$zTdbhdooOiseE71/LBll3Oq6TwpfNedSAXUUe5e..TxlRApKoWDv.', NULL, NULL, NULL, NULL, 1, NULL, '2026-02-15 17:34:00', '2026-02-28 03:14:44'),
(143, 1, 9, 'معاذ بندر بن ابراهيم الفرحان', '1147262826', '$2y$10$3gC7hjR/C9nRr43NNH9yCultZn73oLDGH.Ut/5hcm0sYn59PDNPmu', NULL, NULL, NULL, NULL, 1, NULL, '2026-02-15 17:34:00', '2026-02-28 03:14:44'),
(144, 1, 9, 'معاذ مناحي عايض البقمي', '1148125865', '$2y$10$A7PgRWWEjsF9EXCgBpL5TOxK2WXyEU1UBQVDya8oRDRCY2H/8CcK.', NULL, NULL, NULL, NULL, 1, NULL, '2026-02-15 17:34:00', '2026-02-28 03:14:44'),
(145, 1, 9, 'معجب سالم عجب الدوسري', '1148964529', '$2y$10$qaNgT1Z4nPXR0g2187tI8OWUNGh7oVN4PrM1.2Cf/HbTEmK1LKn0y', NULL, NULL, NULL, NULL, 1, NULL, '2026-02-15 17:34:00', '2026-02-28 03:14:44'),
(146, 1, 9, 'نايف احمد بن ابراهيم الفرحان', '1147602039', '$2y$10$kug39SEqvdlNkdNB1NggeeZpyj1opEdDCYdJPiMOimx9EncgonGZC', NULL, NULL, NULL, NULL, 1, NULL, '2026-02-15 17:34:00', '2026-02-28 03:14:44'),
(147, 1, 2, 'أمير حسين بن أحمد محنشي', '1153670979', '$2y$10$zuXLxKuT4/kncKb2MaNA/ep9i38o3195iBJq7OmcKpk064K4uaJ6W', NULL, NULL, NULL, NULL, 1, '2026-02-21 14:03:07', '2026-02-15 17:34:00', '2026-02-28 03:14:44'),
(148, 1, 2, 'راكان عبدالله عبدالعزيز العبيداء', '1152855472', '$2y$10$ACjc5o/5dZvIILd/1CIWceQAlwMRtPvoIbsG3SfnHlTb7.e56DxKC', NULL, NULL, NULL, NULL, 1, NULL, '2026-02-15 17:34:00', '2026-02-28 03:14:44'),
(149, 1, 2, 'ريان عبدالعزيز بن سالم المبارك', '1153382880', '$2y$10$EumRZqAH9gmvy94CwxoBIuBpRLGPlzl7/dLWCDy5PK7TOXPn.JgKy', NULL, NULL, NULL, NULL, 1, NULL, '2026-02-15 17:34:00', '2026-02-28 03:14:44'),
(150, 1, 2, 'سالم حزيم سالم الدوسري', '1148082710', '$2y$10$aqFG6z.wpuxoqaSroZN3t..PTkemGU9IQw84qpWiAMMmIgtQwuiBC', NULL, NULL, NULL, NULL, 1, NULL, '2026-02-15 17:34:00', '2026-02-28 03:14:44'),
(151, 1, 2, 'سالم خالد سالم المبارك', '1152767503', '$2y$10$Dsc5dsPXiObkUG7s0peI5ePB7Dp/OOjUWARtc7AEcgJuWZvX2v9I6', NULL, NULL, NULL, NULL, 1, NULL, '2026-02-15 17:34:00', '2026-02-28 03:14:44'),
(152, 1, 2, 'عبدالاله ابراهيم بن علي العبيداء', '1153152812', '$2y$10$jMrvFR4O7NXfmJnhjk6rBucAxj43VbNbcQjL1LdFFEzJtRQKGfc7W', NULL, NULL, NULL, NULL, 1, NULL, '2026-02-15 17:34:00', '2026-02-28 03:14:44'),
(153, 1, 2, 'عبدالرحمن عبدالله بن نفل الدوسري', '1154521205', '$2y$10$Nb/hL7sC2HLtullk/PF35.b9HGInl/NMk29hqDHLwJA3SY5a7DRgS', NULL, NULL, NULL, NULL, 1, NULL, '2026-02-15 17:34:00', '2026-02-28 03:14:44'),
(154, 1, 2, 'عبدالرحمن يحيى علي بجوي', '1152797682', '$2y$10$cpZ90ekjmnWrBl6mzXQ8d.UPJO/vfDylAHXjSxNbH4p.AzWq0CFF6', NULL, NULL, NULL, NULL, 1, NULL, '2026-02-15 17:34:00', '2026-02-28 03:14:44'),
(155, 1, 2, 'عبدالله عبدالرحمن بن عويد الحربي', '1146635006', '$2y$10$JTyY/yFGojrk9/vE05Rz5Ov.A4q2rLRKV1l6H9JQGlAmcRuQRYR6O', NULL, NULL, NULL, NULL, 1, NULL, '2026-02-15 17:34:00', '2026-02-28 03:14:44'),
(156, 1, 2, 'عبدالله عبدالرحمن ناصر البعيجان', '1151476254', '$2y$10$c7pn9DTkYnDF2/wimGYwUen.0./l3GhX3xHHVHf/8LIj4f8v/PE3C', NULL, NULL, NULL, NULL, 1, NULL, '2026-02-15 17:34:00', '2026-02-28 03:14:44'),
(157, 1, 2, 'عبدالمجيد حسن محمد عسيري', '1151834700', '$2y$10$WK8pNyfiZMoF9kInYhImReBV/eEsU6srrSiZ8JRHFOZBPwzeC5zY2', NULL, NULL, NULL, NULL, 1, NULL, '2026-02-15 17:34:00', '2026-02-28 03:14:44'),
(158, 1, 2, 'فايز أحمد فايز الحربي', '1146675259', '$2y$10$YvpqpSx7ZY1Swele0hvOMONO9rPNywCB5tYjZPmYJKPPzmzuXiTAm', NULL, NULL, NULL, NULL, 1, NULL, '2026-02-15 17:34:00', '2026-02-28 03:14:44'),
(159, 1, 2, 'فهد نواف فهد القباني', '1173207109', '$2y$10$OVN9YNPTOATIqqaRO76keeLSnCnLxYEMxDHMdAMNGwL0VXLh8.1Ji', NULL, NULL, NULL, NULL, 1, NULL, '2026-02-15 17:34:00', '2026-02-28 03:14:44'),
(160, 1, 2, 'محمد بدر بن محمد الدوسري', '1151753389', '$2y$10$WFV45bXlIiWhD5Qv9IEWJOiimz1UiLjVsBg6p1WAngkTGs7YFS8Se', NULL, NULL, NULL, NULL, 1, NULL, '2026-02-15 17:34:00', '2026-02-28 03:14:44'),
(161, 1, 2, 'محمد خالد بن محمد الأحمري', '1153558240', '$2y$10$rd1/bAQJRs/BMyiXvqUijeufQOlTCHgT7a71VaIRSClc6wfjRPgP2', NULL, NULL, NULL, NULL, 1, NULL, '2026-02-15 17:34:00', '2026-02-28 03:14:44'),
(162, 1, 2, 'محمد ناصر معجب الدوسري', '1152446256', '$2y$10$GluTF1/TjVq4XGfzWUyHTeCz140bL5oUmIIqW81xg3GnHNT9Y.2rm', NULL, NULL, NULL, NULL, 1, NULL, '2026-02-15 17:34:00', '2026-02-28 03:14:44'),
(163, 1, 2, 'ناصر عبدالاله ناصر المعيبد', '1152800668', '$2y$10$8csJf8mxrK7jZx2l4On9beFupjmEnJ2owSJd4CkR4FpMqhv/nfbaa', NULL, NULL, NULL, NULL, 1, NULL, '2026-02-15 17:34:00', '2026-02-28 03:14:44'),
(164, 1, 2, 'وافي خالد محمد البقمي', '1152149785', '$2y$10$bylneGgiSutZZm.8LzEoCuLcT.3dvL1/2UgvZ2KFMy1C6rlyzuiEi', NULL, NULL, NULL, NULL, 1, NULL, '2026-02-15 17:34:00', '2026-02-28 03:14:44'),
(165, 1, 2, 'وسام احمد بن فالح الرشيدي', '1152244735', '$2y$10$Goa6Zf.KuKfuwe0ZIhDu0u5Xzz1bH8dIEw6daTFL5B8V31406uvI.', NULL, NULL, NULL, NULL, 1, NULL, '2026-02-15 17:34:00', '2026-02-28 03:14:44');

-- --------------------------------------------------------

--
-- بنية الجدول `student_badges`
--

CREATE TABLE `student_badges` (
  `id` int(11) NOT NULL,
  `student_id` int(11) NOT NULL,
  `badge_id` int(11) NOT NULL,
  `awarded_by` int(11) DEFAULT NULL,
  `awarded_at` timestamp NOT NULL DEFAULT current_timestamp(),
  `notes` text DEFAULT NULL
) ENGINE=InnoDB DEFAULT CHARSET=utf8mb4 COLLATE=utf8mb4_unicode_ci;

--
-- إرجاع أو استيراد بيانات الجدول `student_badges`
--

INSERT INTO `student_badges` (`id`, `student_id`, `badge_id`, `awarded_by`, `awarded_at`, `notes`) VALUES
(1, 97, 5, 1, '2026-02-22 00:36:09', ''),
(2, 11, 6, 1, '2026-02-22 00:37:53', ''),
(3, 27, 1, NULL, '2026-02-24 06:41:27', 'تلقائي: نسبة حضور متميزة (100%) خلال آخر 30 يوم'),
(4, 23, 1, NULL, '2026-02-24 06:41:27', 'تلقائي: نسبة حضور متميزة (100%) خلال آخر 30 يوم'),
(5, 6, 1, NULL, '2026-02-24 06:48:44', 'تلقائي: نسبة حضور متميزة (100%) خلال آخر 30 يوم'),
(6, 21, 1, NULL, '2026-02-24 06:48:44', 'تلقائي: نسبة حضور متميزة (100%) خلال آخر 30 يوم'),
(7, 25, 1, NULL, '2026-02-24 06:48:44', 'تلقائي: نسبة حضور متميزة (100%) خلال آخر 30 يوم'),
(8, 32, 1, NULL, '2026-02-24 06:48:44', 'تلقائي: نسبة حضور متميزة (100%) خلال آخر 30 يوم'),
(9, 34, 1, NULL, '2026-02-24 06:48:44', 'تلقائي: نسبة حضور متميزة (100%) خلال آخر 30 يوم'),
(10, 35, 1, NULL, '2026-02-24 06:48:44', 'تلقائي: نسبة حضور متميزة (100%) خلال آخر 30 يوم'),
(11, 37, 1, NULL, '2026-02-24 06:48:44', 'تلقائي: نسبة حضور متميزة (100%) خلال آخر 30 يوم'),
(12, 38, 1, NULL, '2026-02-24 06:48:44', 'تلقائي: نسبة حضور متميزة (100%) خلال آخر 30 يوم'),
(13, 45, 1, NULL, '2026-02-24 06:48:44', 'تلقائي: نسبة حضور متميزة (100%) خلال آخر 30 يوم'),
(14, 46, 1, NULL, '2026-02-24 06:48:44', 'تلقائي: نسبة حضور متميزة (100%) خلال آخر 30 يوم');

-- --------------------------------------------------------

--
-- بنية الجدول `student_fitness`
--

CREATE TABLE `student_fitness` (
  `id` int(10) UNSIGNED NOT NULL,
  `student_id` int(10) UNSIGNED NOT NULL,
  `test_id` int(10) UNSIGNED NOT NULL,
  `value` decimal(10,2) NOT NULL,
  `score` int(10) UNSIGNED NOT NULL DEFAULT 0,
  `test_date` date NOT NULL,
  `recorded_by` int(10) UNSIGNED DEFAULT NULL,
  `created_at` timestamp NULL DEFAULT current_timestamp(),
  `updated_at` timestamp NULL DEFAULT current_timestamp() ON UPDATE current_timestamp()
) ENGINE=InnoDB DEFAULT CHARSET=utf8mb4 COLLATE=utf8mb4_unicode_ci;

--
-- إرجاع أو استيراد بيانات الجدول `student_fitness`
--

INSERT INTO `student_fitness` (`id`, `student_id`, `test_id`, `value`, `score`, `test_date`, `recorded_by`, `created_at`, `updated_at`) VALUES
(1, 1, 1, 6.10, 9, '2026-02-15', 1, '2026-02-14 03:42:23', '2026-02-15 04:43:29'),
(2, 1, 2, 7.00, 2, '2025-01-15', NULL, '2026-02-14 03:42:23', '2026-02-14 03:42:23'),
(3, 1, 3, 11.00, 3, '2025-01-15', NULL, '2026-02-14 03:42:23', '2026-02-14 03:42:23'),
(4, 1, 5, 7.70, 8, '2025-01-15', NULL, '2026-02-14 03:42:23', '2026-02-14 03:42:23'),
(5, 2, 2, 7.00, 2, '2025-01-15', NULL, '2026-02-14 03:42:23', '2026-02-14 03:42:23'),
(6, 2, 3, 32.00, 9, '2025-01-15', NULL, '2026-02-14 03:42:23', '2026-02-14 03:42:23'),
(7, 2, 5, 9.10, 7, '2025-01-15', NULL, '2026-02-14 03:42:23', '2026-02-14 03:42:23'),
(8, 3, 3, 5.00, 1, '2025-01-15', NULL, '2026-02-14 03:42:23', '2026-02-14 03:42:23'),
(9, 3, 4, 8.00, 2, '2025-01-15', NULL, '2026-02-14 03:42:23', '2026-02-14 03:42:23'),
(10, 4, 3, 31.00, 9, '2025-01-15', NULL, '2026-02-14 03:42:23', '2026-02-14 03:42:23'),
(11, 4, 5, 7.70, 8, '2025-01-15', NULL, '2026-02-14 03:42:23', '2026-02-14 03:42:23'),
(12, 5, 1, 6.10, 9, '2026-02-15', 1, '2026-02-14 03:42:23', '2026-02-15 04:43:29'),
(13, 5, 2, 18.00, 5, '2025-01-15', NULL, '2026-02-14 03:42:23', '2026-02-14 03:42:23'),
(14, 5, 3, 29.00, 8, '2025-01-15', NULL, '2026-02-14 03:42:23', '2026-02-14 03:42:23'),
(15, 6, 2, 12.00, 3, '2025-01-15', NULL, '2026-02-14 03:42:23', '2026-02-14 03:42:23'),
(16, 6, 3, 19.00, 5, '2025-01-15', NULL, '2026-02-14 03:42:23', '2026-02-14 03:42:23'),
(17, 6, 4, 29.00, 8, '2025-01-15', NULL, '2026-02-14 03:42:23', '2026-02-14 03:42:23'),
(18, 7, 1, 14.50, 2, '2026-02-24', 1, '2026-02-14 03:42:23', '2026-02-24 06:16:38'),
(19, 7, 2, 22.00, 6, '2025-01-15', NULL, '2026-02-14 03:42:23', '2026-02-14 03:42:23'),
(20, 7, 3, 13.00, 4, '2025-01-15', NULL, '2026-02-14 03:42:23', '2026-02-14 03:42:23'),
(21, 7, 4, 6.00, 2, '2025-01-15', NULL, '2026-02-14 03:42:23', '2026-02-14 03:42:23'),
(22, 7, 5, 14.70, 2, '2025-01-15', NULL, '2026-02-14 03:42:23', '2026-02-14 03:42:23'),
(23, 8, 1, 6.60, 9, '2026-02-24', 1, '2026-02-14 03:42:23', '2026-02-24 06:16:38'),
(24, 8, 3, 17.00, 5, '2025-01-15', NULL, '2026-02-14 03:42:23', '2026-02-14 03:42:23'),
(25, 8, 4, 29.00, 8, '2025-01-15', NULL, '2026-02-14 03:42:23', '2026-02-14 03:42:23'),
(26, 8, 5, 6.80, 9, '2025-01-15', NULL, '2026-02-14 03:42:23', '2026-02-14 03:42:23'),
(27, 9, 1, 5.90, 9, '2025-01-15', NULL, '2026-02-14 03:42:23', '2026-02-14 03:42:23'),
(28, 9, 2, 14.00, 4, '2025-01-15', NULL, '2026-02-14 03:42:23', '2026-02-14 03:42:23'),
(29, 9, 3, 27.00, 8, '2025-01-15', NULL, '2026-02-14 03:42:23', '2026-02-14 03:42:23'),
(30, 9, 4, 28.00, 8, '2025-01-15', NULL, '2026-02-14 03:42:23', '2026-02-14 03:42:23'),
(31, 10, 1, 12.50, 4, '2025-01-15', NULL, '2026-02-14 03:42:23', '2026-02-14 03:42:23'),
(32, 10, 2, 26.00, 7, '2025-01-15', NULL, '2026-02-14 03:42:23', '2026-02-14 03:42:23'),
(33, 10, 3, 34.00, 10, '2025-01-15', NULL, '2026-02-14 03:42:23', '2026-02-14 03:42:23'),
(34, 10, 4, 6.00, 2, '2025-01-15', NULL, '2026-02-14 03:42:23', '2026-02-14 03:42:23'),
(35, 10, 5, 5.60, 10, '2025-01-15', NULL, '2026-02-14 03:42:23', '2026-02-14 03:42:23'),
(36, 11, 1, 12.90, 4, '2026-02-24', 1, '2026-02-14 03:42:23', '2026-02-24 06:16:38'),
(37, 11, 2, 29.00, 8, '2025-01-15', NULL, '2026-02-14 03:42:23', '2026-02-14 03:42:23'),
(38, 11, 3, 23.00, 7, '2025-01-15', NULL, '2026-02-14 03:42:23', '2026-02-14 03:42:23'),
(39, 11, 4, 27.00, 8, '2025-01-15', NULL, '2026-02-14 03:42:23', '2026-02-14 03:42:23'),
(40, 11, 5, 8.80, 7, '2025-01-15', NULL, '2026-02-14 03:42:23', '2026-02-14 03:42:23'),
(41, 12, 3, 11.00, 3, '2025-01-15', NULL, '2026-02-14 03:42:23', '2026-02-14 03:42:23'),
(42, 12, 4, 21.00, 6, '2025-01-15', NULL, '2026-02-14 03:42:23', '2026-02-14 03:42:23'),
(43, 12, 5, 6.60, 9, '2025-01-15', NULL, '2026-02-14 03:42:23', '2026-02-14 03:42:23'),
(44, 13, 1, 8.10, 8, '2026-02-24', 1, '2026-02-14 03:42:23', '2026-02-24 06:16:38'),
(45, 13, 2, 33.00, 9, '2025-01-15', NULL, '2026-02-14 03:42:23', '2026-02-14 03:42:23'),
(46, 13, 4, 10.00, 3, '2025-01-15', NULL, '2026-02-14 03:42:23', '2026-02-14 03:42:23'),
(47, 13, 5, 10.50, 6, '2025-01-15', NULL, '2026-02-14 03:42:23', '2026-02-14 03:42:23'),
(48, 14, 2, 29.00, 8, '2025-01-15', NULL, '2026-02-14 03:42:23', '2026-02-14 03:42:23'),
(49, 14, 3, 18.00, 5, '2025-01-15', NULL, '2026-02-14 03:42:23', '2026-02-14 03:42:23'),
(50, 14, 5, 8.90, 7, '2025-01-15', NULL, '2026-02-14 03:42:23', '2026-02-14 03:42:23'),
(51, 15, 1, 7.10, 8, '2025-01-15', NULL, '2026-02-14 03:42:23', '2026-02-14 03:42:23'),
(52, 15, 2, 10.00, 3, '2025-01-15', NULL, '2026-02-14 03:42:23', '2026-02-14 03:42:23'),
(53, 15, 3, 10.00, 3, '2025-01-15', NULL, '2026-02-14 03:42:23', '2026-02-14 03:42:23'),
(54, 15, 4, 33.00, 9, '2025-01-15', NULL, '2026-02-14 03:42:23', '2026-02-14 03:42:23'),
(55, 15, 5, 13.70, 3, '2025-01-15', NULL, '2026-02-14 03:42:23', '2026-02-14 03:42:23'),
(56, 16, 1, 13.20, 3, '2025-01-15', NULL, '2026-02-14 03:42:23', '2026-02-14 03:42:23'),
(57, 16, 3, 31.00, 9, '2025-01-15', NULL, '2026-02-14 03:42:23', '2026-02-14 03:42:23'),
(58, 16, 4, 12.00, 3, '2025-01-15', NULL, '2026-02-14 03:42:23', '2026-02-14 03:42:23'),
(59, 16, 5, 9.00, 7, '2025-01-15', NULL, '2026-02-14 03:42:23', '2026-02-14 03:42:23'),
(60, 17, 4, 10.00, 3, '2025-01-15', NULL, '2026-02-14 03:42:23', '2026-02-14 03:42:23'),
(61, 17, 5, 7.50, 8, '2025-01-15', NULL, '2026-02-14 03:42:23', '2026-02-14 03:42:23'),
(62, 18, 1, 14.70, 2, '2025-01-15', NULL, '2026-02-14 03:42:23', '2026-02-14 03:42:23'),
(63, 18, 2, 22.00, 6, '2025-01-15', NULL, '2026-02-14 03:42:23', '2026-02-14 03:42:23'),
(64, 18, 3, 35.00, 10, '2025-01-15', NULL, '2026-02-14 03:42:23', '2026-02-14 03:42:23'),
(65, 18, 5, 7.30, 8, '2025-01-15', NULL, '2026-02-14 03:42:23', '2026-02-14 03:42:23'),
(66, 19, 1, 14.70, 2, '2025-01-15', NULL, '2026-02-14 03:42:23', '2026-02-14 03:42:23'),
(67, 19, 2, 32.00, 9, '2025-01-15', NULL, '2026-02-14 03:42:23', '2026-02-14 03:42:23'),
(68, 19, 3, 24.00, 7, '2025-01-15', NULL, '2026-02-14 03:42:23', '2026-02-14 03:42:23'),
(69, 19, 4, 11.00, 3, '2025-01-15', NULL, '2026-02-14 03:42:23', '2026-02-14 03:42:23'),
(70, 19, 5, 6.80, 9, '2025-01-15', NULL, '2026-02-14 03:42:23', '2026-02-14 03:42:23'),
(71, 20, 1, 14.10, 3, '2025-01-15', NULL, '2026-02-14 03:42:23', '2026-02-14 03:42:23'),
(72, 20, 2, 19.00, 5, '2025-01-15', NULL, '2026-02-14 03:42:23', '2026-02-14 03:42:23'),
(73, 20, 3, 13.00, 4, '2025-01-15', NULL, '2026-02-14 03:42:23', '2026-02-14 03:42:23'),
(74, 20, 4, 14.00, 4, '2025-01-15', NULL, '2026-02-14 03:42:23', '2026-02-14 03:42:23'),
(75, 20, 5, 6.10, 9, '2025-01-15', NULL, '2026-02-14 03:42:23', '2026-02-14 03:42:23'),
(76, 21, 1, 12.80, 4, '2025-01-15', NULL, '2026-02-14 03:42:23', '2026-02-14 03:42:23'),
(77, 21, 2, 8.00, 2, '2025-01-15', NULL, '2026-02-14 03:42:23', '2026-02-14 03:42:23'),
(78, 21, 3, 5.00, 1, '2025-01-15', NULL, '2026-02-14 03:42:23', '2026-02-14 03:42:23'),
(79, 22, 2, 25.00, 7, '2025-01-15', NULL, '2026-02-14 03:42:23', '2026-02-14 03:42:23'),
(80, 22, 3, 13.00, 4, '2025-01-15', NULL, '2026-02-14 03:42:23', '2026-02-14 03:42:23'),
(81, 22, 5, 7.00, 8, '2025-01-15', NULL, '2026-02-14 03:42:23', '2026-02-14 03:42:23'),
(82, 23, 1, 9.40, 6, '2026-02-24', 1, '2026-02-14 03:42:23', '2026-02-24 06:41:27'),
(83, 23, 4, 15.00, 4, '2025-01-15', NULL, '2026-02-14 03:42:23', '2026-02-14 03:42:23'),
(84, 23, 5, 12.90, 4, '2025-01-15', NULL, '2026-02-14 03:42:23', '2026-02-14 03:42:23'),
(85, 24, 1, 12.40, 4, '2026-02-24', 1, '2026-02-14 03:42:23', '2026-02-24 06:41:27'),
(86, 24, 4, 27.00, 8, '2025-01-15', NULL, '2026-02-14 03:42:23', '2026-02-14 03:42:23'),
(87, 24, 5, 10.20, 6, '2025-01-15', NULL, '2026-02-14 03:42:23', '2026-02-14 03:42:23'),
(88, 25, 3, 22.00, 6, '2025-01-15', NULL, '2026-02-14 03:42:23', '2026-02-14 03:42:23'),
(89, 25, 4, 13.00, 4, '2025-01-15', NULL, '2026-02-14 03:42:23', '2026-02-14 03:42:23'),
(90, 25, 5, 8.10, 8, '2025-01-15', NULL, '2026-02-14 03:42:23', '2026-02-14 03:42:23'),
(91, 26, 2, 23.00, 7, '2025-01-15', NULL, '2026-02-14 03:42:23', '2026-02-14 03:42:23'),
(92, 26, 3, 13.00, 4, '2025-01-15', NULL, '2026-02-14 03:42:23', '2026-02-14 03:42:23'),
(93, 26, 4, 21.00, 6, '2025-01-15', NULL, '2026-02-14 03:42:23', '2026-02-14 03:42:23'),
(94, 27, 1, 7.40, 8, '2026-02-24', 1, '2026-02-14 03:42:23', '2026-02-24 06:41:27'),
(95, 27, 2, 35.00, 10, '2025-01-15', NULL, '2026-02-14 03:42:23', '2026-02-14 03:42:23'),
(96, 27, 3, 26.00, 7, '2025-01-15', NULL, '2026-02-14 03:42:23', '2026-02-14 03:42:23'),
(97, 27, 5, 10.40, 6, '2025-01-15', NULL, '2026-02-14 03:42:23', '2026-02-14 03:42:23'),
(98, 28, 3, 9.00, 3, '2025-01-15', NULL, '2026-02-14 03:42:23', '2026-02-14 03:42:23'),
(99, 28, 4, 34.00, 10, '2025-01-15', NULL, '2026-02-14 03:42:23', '2026-02-14 03:42:23'),
(100, 29, 1, 11.40, 5, '2026-02-24', 1, '2026-02-14 03:42:23', '2026-02-24 06:41:27'),
(101, 29, 3, 7.00, 2, '2025-01-15', NULL, '2026-02-14 03:42:23', '2026-02-14 03:42:23'),
(102, 29, 4, 9.00, 3, '2025-01-15', NULL, '2026-02-14 03:42:23', '2026-02-14 03:42:23'),
(103, 29, 5, 9.20, 7, '2025-01-15', NULL, '2026-02-14 03:42:23', '2026-02-14 03:42:23'),
(104, 30, 1, 11.40, 5, '2025-01-15', NULL, '2026-02-14 03:42:23', '2026-02-14 03:42:23'),
(105, 30, 3, 19.00, 5, '2025-01-15', NULL, '2026-02-14 03:42:23', '2026-02-14 03:42:23'),
(106, 30, 4, 6.00, 2, '2025-01-15', NULL, '2026-02-14 03:42:23', '2026-02-14 03:42:23'),
(107, 30, 5, 5.40, 10, '2025-01-15', NULL, '2026-02-14 03:42:23', '2026-02-14 03:42:23'),
(108, 31, 1, 13.10, 4, '2025-01-15', NULL, '2026-02-14 03:42:23', '2026-02-14 03:42:23'),
(109, 31, 2, 13.00, 4, '2025-01-15', NULL, '2026-02-14 03:42:23', '2026-02-14 03:42:23'),
(110, 31, 3, 28.00, 8, '2025-01-15', NULL, '2026-02-14 03:42:23', '2026-02-14 03:42:23'),
(111, 31, 5, 10.10, 6, '2025-01-15', NULL, '2026-02-14 03:42:23', '2026-02-14 03:42:23'),
(112, 32, 1, 8.90, 7, '2025-01-15', NULL, '2026-02-14 03:42:23', '2026-02-14 03:42:23'),
(113, 32, 2, 7.00, 2, '2025-01-15', NULL, '2026-02-14 03:42:23', '2026-02-14 03:42:23'),
(114, 32, 3, 19.00, 5, '2025-01-15', NULL, '2026-02-14 03:42:23', '2026-02-14 03:42:23'),
(115, 32, 4, 22.00, 6, '2025-01-15', NULL, '2026-02-14 03:42:23', '2026-02-14 03:42:23'),
(116, 32, 5, 14.70, 2, '2025-01-15', NULL, '2026-02-14 03:42:23', '2026-02-14 03:42:23'),
(117, 33, 1, 8.70, 7, '2025-01-15', NULL, '2026-02-14 03:42:23', '2026-02-14 03:42:23'),
(118, 33, 2, 13.00, 4, '2025-01-15', NULL, '2026-02-14 03:42:23', '2026-02-14 03:42:23'),
(119, 33, 3, 6.00, 2, '2025-01-15', NULL, '2026-02-14 03:42:23', '2026-02-14 03:42:23'),
(120, 33, 4, 17.00, 5, '2025-01-15', NULL, '2026-02-14 03:42:23', '2026-02-14 03:42:23'),
(121, 33, 5, 12.80, 4, '2025-01-15', NULL, '2026-02-14 03:42:23', '2026-02-14 03:42:23'),
(122, 34, 1, 10.20, 6, '2025-01-15', NULL, '2026-02-14 03:42:23', '2026-02-14 03:42:23'),
(123, 34, 2, 6.00, 2, '2025-01-15', NULL, '2026-02-14 03:42:23', '2026-02-14 03:42:23'),
(124, 34, 4, 21.00, 6, '2025-01-15', NULL, '2026-02-14 03:42:23', '2026-02-14 03:42:23'),
(125, 34, 5, 8.30, 7, '2025-01-15', NULL, '2026-02-14 03:42:23', '2026-02-14 03:42:23'),
(126, 35, 2, 22.00, 6, '2025-01-15', NULL, '2026-02-14 03:42:23', '2026-02-14 03:42:23'),
(127, 35, 4, 35.00, 10, '2025-01-15', NULL, '2026-02-14 03:42:23', '2026-02-14 03:42:23'),
(128, 36, 1, 11.80, 5, '2025-01-15', NULL, '2026-02-14 03:42:23', '2026-02-14 03:42:23'),
(129, 36, 2, 23.00, 7, '2025-01-15', NULL, '2026-02-14 03:42:23', '2026-02-14 03:42:23'),
(130, 36, 3, 15.00, 4, '2025-01-15', NULL, '2026-02-14 03:42:23', '2026-02-14 03:42:23'),
(131, 36, 4, 10.00, 3, '2025-01-15', NULL, '2026-02-14 03:42:23', '2026-02-14 03:42:23'),
(132, 37, 1, 11.60, 5, '2025-01-15', NULL, '2026-02-14 03:42:23', '2026-02-14 03:42:23'),
(133, 37, 2, 19.00, 5, '2025-01-15', NULL, '2026-02-14 03:42:23', '2026-02-14 03:42:23'),
(134, 37, 3, 31.00, 9, '2025-01-15', NULL, '2026-02-14 03:42:23', '2026-02-14 03:42:23'),
(135, 37, 4, 5.00, 1, '2025-01-15', NULL, '2026-02-14 03:42:23', '2026-02-14 03:42:23'),
(136, 37, 5, 7.80, 8, '2025-01-15', NULL, '2026-02-14 03:42:23', '2026-02-14 03:42:23'),
(137, 38, 2, 21.00, 6, '2025-01-15', NULL, '2026-02-14 03:42:23', '2026-02-14 03:42:23'),
(138, 38, 3, 9.00, 3, '2025-01-15', NULL, '2026-02-14 03:42:23', '2026-02-14 03:42:23'),
(139, 38, 4, 33.00, 9, '2025-01-15', NULL, '2026-02-14 03:42:23', '2026-02-14 03:42:23'),
(140, 38, 5, 6.90, 8, '2025-01-15', NULL, '2026-02-14 03:42:23', '2026-02-14 03:42:23'),
(141, 39, 2, 5.00, 1, '2025-01-15', NULL, '2026-02-14 03:42:23', '2026-02-14 03:42:23'),
(142, 39, 3, 27.00, 8, '2025-01-15', NULL, '2026-02-14 03:42:23', '2026-02-14 03:42:23'),
(143, 39, 5, 13.90, 3, '2025-01-15', NULL, '2026-02-14 03:42:23', '2026-02-14 03:42:23'),
(144, 40, 1, 8.80, 7, '2025-01-15', NULL, '2026-02-14 03:42:23', '2026-02-14 03:42:23'),
(145, 40, 5, 13.60, 3, '2025-01-15', NULL, '2026-02-14 03:42:23', '2026-02-14 03:42:23'),
(146, 41, 2, 5.00, 1, '2025-01-15', NULL, '2026-02-14 03:42:23', '2026-02-14 03:42:23'),
(147, 41, 3, 13.00, 4, '2025-01-15', NULL, '2026-02-14 03:42:23', '2026-02-14 03:42:23'),
(148, 41, 4, 20.00, 6, '2025-01-15', NULL, '2026-02-14 03:42:23', '2026-02-14 03:42:23'),
(149, 41, 5, 13.90, 3, '2025-01-15', NULL, '2026-02-14 03:42:23', '2026-02-14 03:42:23'),
(150, 42, 1, 6.50, 9, '2025-01-15', NULL, '2026-02-14 03:42:23', '2026-02-14 03:42:23'),
(151, 42, 2, 9.00, 3, '2025-01-15', NULL, '2026-02-14 03:42:23', '2026-02-14 03:42:23'),
(152, 42, 3, 25.00, 7, '2025-01-15', NULL, '2026-02-14 03:42:23', '2026-02-14 03:42:23'),
(153, 42, 4, 14.00, 4, '2025-01-15', NULL, '2026-02-14 03:42:23', '2026-02-14 03:42:23'),
(154, 43, 1, 14.20, 3, '2025-01-15', NULL, '2026-02-14 03:42:23', '2026-02-14 03:42:23'),
(155, 43, 3, 22.00, 6, '2025-01-15', NULL, '2026-02-14 03:42:23', '2026-02-14 03:42:23'),
(156, 43, 4, 27.00, 8, '2025-01-15', NULL, '2026-02-14 03:42:23', '2026-02-14 03:42:23'),
(157, 43, 5, 5.60, 10, '2025-01-15', NULL, '2026-02-14 03:42:23', '2026-02-14 03:42:23'),
(158, 44, 2, 20.00, 6, '2025-01-15', NULL, '2026-02-14 03:42:23', '2026-02-14 03:42:23'),
(159, 44, 3, 34.00, 10, '2025-01-15', NULL, '2026-02-14 03:42:23', '2026-02-14 03:42:23'),
(160, 44, 4, 15.00, 4, '2025-01-15', NULL, '2026-02-14 03:42:23', '2026-02-14 03:42:23'),
(161, 44, 5, 7.60, 8, '2025-01-15', NULL, '2026-02-14 03:42:23', '2026-02-14 03:42:23'),
(162, 45, 1, 6.10, 9, '2025-01-15', NULL, '2026-02-14 03:42:23', '2026-02-14 03:42:23'),
(163, 45, 3, 12.00, 3, '2025-01-15', NULL, '2026-02-14 03:42:23', '2026-02-14 03:42:23'),
(164, 45, 4, 25.00, 7, '2025-01-15', NULL, '2026-02-14 03:42:23', '2026-02-14 03:42:23'),
(165, 45, 5, 10.10, 6, '2025-01-15', NULL, '2026-02-14 03:42:23', '2026-02-14 03:42:23'),
(166, 46, 1, 5.20, 10, '2025-01-15', NULL, '2026-02-14 03:42:23', '2026-02-14 03:42:23'),
(167, 46, 2, 32.00, 9, '2025-01-15', NULL, '2026-02-14 03:42:23', '2026-02-14 03:42:23'),
(168, 46, 3, 23.00, 7, '2025-01-15', NULL, '2026-02-14 03:42:23', '2026-02-14 03:42:23'),
(169, 46, 4, 22.00, 6, '2025-01-15', NULL, '2026-02-14 03:42:23', '2026-02-14 03:42:23'),
(170, 46, 5, 5.30, 10, '2025-01-15', NULL, '2026-02-14 03:42:23', '2026-02-14 03:42:23'),
(171, 47, 1, 14.50, 2, '2025-01-15', NULL, '2026-02-14 03:42:23', '2026-02-14 03:42:23'),
(172, 47, 2, 26.00, 7, '2025-01-15', NULL, '2026-02-14 03:42:23', '2026-02-14 03:42:23'),
(173, 47, 3, 9.00, 3, '2025-01-15', NULL, '2026-02-14 03:42:23', '2026-02-14 03:42:23'),
(174, 47, 4, 11.00, 3, '2025-01-15', NULL, '2026-02-14 03:42:23', '2026-02-14 03:42:23'),
(175, 47, 5, 14.00, 3, '2025-01-15', NULL, '2026-02-14 03:42:23', '2026-02-14 03:42:23'),
(176, 2, 1, 5.00, 10, '2026-02-24', 1, '2026-02-15 04:43:29', '2026-02-24 06:16:38');

-- --------------------------------------------------------

--
-- بنية الجدول `student_health`
--

CREATE TABLE `student_health` (
  `id` int(10) UNSIGNED NOT NULL,
  `student_id` int(10) UNSIGNED NOT NULL,
  `condition_type` enum('asthma','diabetes','heart','allergy','bones','vision','exemption','other') NOT NULL,
  `condition_name` varchar(150) NOT NULL,
  `severity` enum('mild','moderate','severe') NOT NULL DEFAULT 'mild',
  `notes` text DEFAULT NULL,
  `is_active` tinyint(1) NOT NULL DEFAULT 1,
  `start_date` date DEFAULT NULL,
  `end_date` date DEFAULT NULL,
  `recorded_by` int(10) UNSIGNED DEFAULT NULL,
  `created_at` timestamp NULL DEFAULT current_timestamp(),
  `updated_at` timestamp NULL DEFAULT current_timestamp() ON UPDATE current_timestamp()
) ENGINE=InnoDB DEFAULT CHARSET=utf8mb4 COLLATE=utf8mb4_unicode_ci;

--
-- إرجاع أو استيراد بيانات الجدول `student_health`
--

INSERT INTO `student_health` (`id`, `student_id`, `condition_type`, `condition_name`, `severity`, `notes`, `is_active`, `start_date`, `end_date`, `recorded_by`, `created_at`, `updated_at`) VALUES
(1, 46, 'asthma', 'ربو', 'mild', 'يحتاج بخاخ قبل الجري الطويل', 1, '2024-09-01', NULL, 1, '2026-02-14 03:42:23', '2026-02-14 03:42:23'),
(2, 39, 'asthma', 'ربو شديد', 'severe', 'يحتاج بخاخ دائم - تجنب الجري المطول', 1, '2024-09-01', NULL, 1, '2026-02-14 03:42:23', '2026-02-14 03:42:23'),
(3, 18, 'diabetes', 'سكري نوع 1', 'moderate', 'يحتاج متابعة مستوى السكر قبل التمارين', 1, '2024-09-01', NULL, 1, '2026-02-14 03:42:23', '2026-02-14 03:42:23'),
(4, 24, 'heart', 'عيب خلقي بالقلب', 'severe', 'تجنب التمارين العنيفة - حسب تقرير الطبيب', 1, '2024-09-01', NULL, 1, '2026-02-14 03:42:23', '2026-02-14 03:42:23'),
(5, 21, 'allergy', 'حساسية صدرية', 'mild', 'تظهر مع الغبار والأتربة', 1, '2024-09-01', NULL, 1, '2026-02-14 03:42:23', '2026-02-14 03:42:23'),
(6, 36, 'bones', 'كسر سابق بالذراع', 'mild', 'تعافى - يحتاج حذر في تمارين الذراعين', 1, '2024-09-01', NULL, 1, '2026-02-14 03:42:23', '2026-02-14 03:42:23'),
(7, 22, 'bones', 'خشونة بالركبة', 'moderate', 'تجنب القفز والجري الطويل', 1, '2024-09-01', NULL, 1, '2026-02-14 03:42:23', '2026-02-14 03:42:23'),
(8, 19, 'vision', 'ضعف نظر شديد', 'moderate', 'يرتدي نظارة - حذر في الرياضات الجماعية', 1, '2024-09-01', NULL, 1, '2026-02-14 03:42:23', '2026-02-14 03:42:23'),
(9, 34, 'exemption', 'إعفاء طبي جزئي', 'moderate', 'معفى من اختبارات الجري فقط', 1, '2024-09-01', NULL, 1, '2026-02-14 03:42:23', '2026-02-14 03:42:23'),
(10, 25, 'exemption', 'إعفاء طبي كامل', 'severe', 'معفى من جميع الاختبارات البدنية', 1, '2024-09-01', NULL, 1, '2026-02-14 03:42:23', '2026-02-14 03:42:23'),
(11, 16, 'other', 'صداع نصفي متكرر', 'mild', 'يحتاج راحة عند الإحساس بالصداع', 1, '2024-09-01', NULL, 1, '2026-02-14 03:42:23', '2026-02-14 03:42:23'),
(12, 4, 'allergy', 'حساسية من الشمس', 'mild', 'تجنب التمارين في الشمس المباشرة', 1, '2024-09-01', NULL, 1, '2026-02-14 03:42:23', '2026-02-14 03:42:23'),
(13, 11, 'other', 'ارتفاع درجة الحرارة', 'mild', NULL, 1, NULL, NULL, 1, '2026-02-21 13:32:20', '2026-02-21 13:32:20');

-- --------------------------------------------------------

--
-- بنية الجدول `student_measurements`
--

CREATE TABLE `student_measurements` (
  `id` int(10) UNSIGNED NOT NULL,
  `student_id` int(10) UNSIGNED NOT NULL,
  `measurement_date` date NOT NULL,
  `height_cm` decimal(5,1) DEFAULT NULL,
  `weight_kg` decimal(5,1) DEFAULT NULL,
  `bmi` decimal(4,1) DEFAULT NULL,
  `bmi_category` enum('underweight','normal','overweight','obese') DEFAULT NULL,
  `waist_cm` decimal(5,1) DEFAULT NULL,
  `resting_heart_rate` int(10) UNSIGNED DEFAULT NULL,
  `notes` text DEFAULT NULL,
  `recorded_by` int(10) UNSIGNED DEFAULT NULL,
  `created_at` timestamp NULL DEFAULT current_timestamp(),
  `updated_at` timestamp NULL DEFAULT current_timestamp() ON UPDATE current_timestamp()
) ENGINE=InnoDB DEFAULT CHARSET=utf8mb4 COLLATE=utf8mb4_unicode_ci;

--
-- إرجاع أو استيراد بيانات الجدول `student_measurements`
--

INSERT INTO `student_measurements` (`id`, `student_id`, `measurement_date`, `height_cm`, `weight_kg`, `bmi`, `bmi_category`, `waist_cm`, `resting_heart_rate`, `notes`, `recorded_by`, `created_at`, `updated_at`) VALUES
(1, 1, '2024-09-15', 165.0, 73.0, 26.8, 'overweight', 64.0, 87, NULL, 1, '2026-02-14 03:42:23', '2026-02-14 03:42:23'),
(2, 1, '2025-01-15', 166.0, 76.0, 27.6, 'overweight', 87.0, 66, NULL, 1, '2026-02-14 03:42:23', '2026-02-14 03:42:23'),
(3, 2, '2024-09-15', 184.0, 86.0, 25.4, 'overweight', 65.0, 91, NULL, 1, '2026-02-14 03:42:23', '2026-02-14 03:42:23'),
(4, 2, '2025-01-15', 185.0, 87.0, 25.4, 'overweight', 66.0, 90, NULL, 1, '2026-02-14 03:42:23', '2026-02-14 03:42:23'),
(5, 3, '2024-09-15', 170.0, 65.0, 22.5, 'normal', 71.0, 73, NULL, 1, '2026-02-14 03:42:23', '2026-02-14 03:42:23'),
(6, 3, '2025-01-15', 172.0, 65.0, 22.0, 'normal', 67.0, 70, NULL, 1, '2026-02-14 03:42:23', '2026-02-14 03:42:23'),
(7, 4, '2024-09-15', 181.0, 45.0, 13.7, 'underweight', 99.0, 93, NULL, 1, '2026-02-14 03:42:23', '2026-02-14 03:42:23'),
(8, 4, '2025-01-15', 182.0, 43.0, 13.0, 'underweight', 74.0, 83, NULL, 1, '2026-02-14 03:42:23', '2026-02-14 03:42:23'),
(9, 5, '2024-09-15', 183.0, 88.0, 26.3, 'overweight', 100.0, 70, NULL, 1, '2026-02-14 03:42:23', '2026-02-14 03:42:23'),
(10, 5, '2025-01-15', 183.0, 91.0, 27.2, 'overweight', 86.0, 83, NULL, 1, '2026-02-14 03:42:23', '2026-02-14 03:42:23'),
(11, 6, '2024-09-15', 172.0, 77.0, 26.0, 'overweight', 90.0, 66, NULL, 1, '2026-02-14 03:42:23', '2026-02-14 03:42:23'),
(12, 6, '2025-01-15', 172.0, 77.0, 26.0, 'overweight', 69.0, 70, NULL, 1, '2026-02-14 03:42:23', '2026-02-14 03:42:23'),
(13, 7, '2024-09-15', 163.0, 56.0, 21.1, 'normal', 69.0, 68, NULL, 1, '2026-02-14 03:42:23', '2026-02-14 03:42:23'),
(14, 7, '2025-01-15', 164.0, 56.0, 20.8, 'normal', 69.0, 93, NULL, 1, '2026-02-14 03:42:23', '2026-02-14 03:42:23'),
(15, 8, '2024-09-15', 168.0, 47.0, 16.7, 'underweight', 70.0, 88, NULL, 1, '2026-02-14 03:42:23', '2026-02-14 03:42:23'),
(16, 8, '2025-01-15', 169.0, 48.0, 16.8, 'underweight', 72.0, 72, NULL, 1, '2026-02-14 03:42:23', '2026-02-14 03:42:23'),
(17, 9, '2024-09-15', 167.0, 84.0, 30.1, 'obese', 60.0, 75, NULL, 1, '2026-02-14 03:42:23', '2026-02-14 03:42:23'),
(18, 9, '2025-01-15', 169.0, 85.0, 29.8, 'overweight', 72.0, 80, NULL, 1, '2026-02-14 03:42:23', '2026-02-14 03:42:23'),
(19, 10, '2024-09-15', 185.0, 86.0, 25.1, 'overweight', 98.0, 86, NULL, 1, '2026-02-14 03:42:23', '2026-02-14 03:42:23'),
(20, 10, '2025-01-15', 188.0, 89.0, 25.2, 'overweight', 96.0, 84, NULL, 1, '2026-02-14 03:42:23', '2026-02-14 03:42:23'),
(21, 11, '2024-09-15', 164.0, 91.0, 33.8, 'obese', 81.0, 80, NULL, 1, '2026-02-14 03:42:23', '2026-02-14 03:42:23'),
(22, 11, '2025-01-15', 165.0, 94.0, 34.5, 'obese', 71.0, 89, NULL, 1, '2026-02-14 03:42:23', '2026-02-14 03:42:23'),
(23, 12, '2024-09-15', 171.0, 73.0, 25.0, 'overweight', 99.0, 71, NULL, 1, '2026-02-14 03:42:23', '2026-02-14 03:42:23'),
(24, 12, '2025-01-15', 173.0, 75.0, 25.1, 'overweight', 84.0, 84, NULL, 1, '2026-02-14 03:42:23', '2026-02-14 03:42:23'),
(25, 13, '2024-09-15', 165.0, 72.0, 26.4, 'overweight', 99.0, 68, NULL, 1, '2026-02-14 03:42:23', '2026-02-14 03:42:23'),
(26, 13, '2025-01-15', 168.0, 72.0, 25.5, 'overweight', 78.0, 81, NULL, 1, '2026-02-14 03:42:23', '2026-02-14 03:42:23'),
(27, 14, '2024-09-15', 159.0, 84.0, 33.2, 'obese', 95.0, 72, NULL, 1, '2026-02-14 03:42:23', '2026-02-14 03:42:23'),
(28, 14, '2025-01-15', 160.0, 86.0, 33.6, 'obese', 73.0, 61, NULL, 1, '2026-02-14 03:42:23', '2026-02-14 03:42:23'),
(29, 15, '2024-09-15', 157.0, 95.0, 38.5, 'obese', 81.0, 69, NULL, 1, '2026-02-14 03:42:23', '2026-02-14 03:42:23'),
(30, 15, '2025-01-15', 157.0, 94.0, 38.1, 'obese', 100.0, 93, NULL, 1, '2026-02-14 03:42:23', '2026-02-14 03:42:23'),
(31, 16, '2024-09-15', 164.0, 61.0, 22.7, 'normal', 90.0, 82, NULL, 1, '2026-02-14 03:42:23', '2026-02-14 03:42:23'),
(32, 16, '2025-01-15', 166.0, 62.0, 22.5, 'normal', 85.0, 91, NULL, 1, '2026-02-14 03:42:23', '2026-02-14 03:42:23'),
(33, 17, '2024-09-15', 171.0, 88.0, 30.1, 'obese', 78.0, 81, NULL, 1, '2026-02-14 03:42:23', '2026-02-14 03:42:23'),
(34, 17, '2025-01-15', 173.0, 88.0, 29.4, 'overweight', 83.0, 77, NULL, 1, '2026-02-14 03:42:23', '2026-02-14 03:42:23'),
(35, 18, '2024-09-15', 159.0, 81.0, 32.0, 'obese', 88.0, 89, NULL, 1, '2026-02-14 03:42:23', '2026-02-14 03:42:23'),
(36, 18, '2025-01-15', 162.0, 82.0, 31.2, 'obese', 89.0, 85, NULL, 1, '2026-02-14 03:42:23', '2026-02-14 03:42:23'),
(37, 19, '2024-09-15', 185.0, 57.0, 16.7, 'underweight', 74.0, 78, NULL, 1, '2026-02-14 03:42:23', '2026-02-14 03:42:23'),
(38, 19, '2025-01-15', 186.0, 59.0, 17.1, 'underweight', 97.0, 89, NULL, 1, '2026-02-14 03:42:23', '2026-02-14 03:42:23'),
(39, 20, '2024-09-15', 180.0, 55.0, 17.0, 'underweight', 83.0, 88, NULL, 1, '2026-02-14 03:42:23', '2026-02-14 03:42:23'),
(40, 20, '2025-01-15', 182.0, 53.0, 16.0, 'underweight', 73.0, 92, NULL, 1, '2026-02-14 03:42:23', '2026-02-14 03:42:23'),
(41, 21, '2024-09-15', 173.0, 81.0, 27.1, 'overweight', 73.0, 90, NULL, 1, '2026-02-14 03:42:23', '2026-02-14 03:42:23'),
(42, 21, '2025-01-15', 173.0, 80.0, 26.7, 'overweight', 94.0, 65, NULL, 1, '2026-02-14 03:42:23', '2026-02-14 03:42:23'),
(43, 22, '2024-09-15', 176.0, 48.0, 15.5, 'underweight', 84.0, 86, NULL, 1, '2026-02-14 03:42:23', '2026-02-14 03:42:23'),
(44, 22, '2025-01-15', 178.0, 51.0, 16.1, 'underweight', 75.0, 68, NULL, 1, '2026-02-14 03:42:23', '2026-02-14 03:42:23'),
(45, 23, '2024-09-15', 163.0, 85.0, 32.0, 'obese', 97.0, 74, NULL, 1, '2026-02-14 03:42:23', '2026-02-14 03:42:23'),
(46, 23, '2025-01-15', 166.0, 86.0, 31.2, 'obese', 78.0, 68, NULL, 1, '2026-02-14 03:42:23', '2026-02-14 03:42:23'),
(47, 24, '2024-09-15', 182.0, 91.0, 27.5, 'overweight', 66.0, 62, NULL, 1, '2026-02-14 03:42:23', '2026-02-14 03:42:23'),
(48, 24, '2025-01-15', 182.0, 92.0, 27.8, 'overweight', 100.0, 69, NULL, 1, '2026-02-14 03:42:23', '2026-02-14 03:42:23'),
(49, 25, '2024-09-15', 160.0, 82.0, 32.0, 'obese', 74.0, 86, NULL, 1, '2026-02-14 03:42:23', '2026-02-14 03:42:23'),
(50, 25, '2025-01-15', 163.0, 83.0, 31.2, 'obese', 62.0, 86, NULL, 1, '2026-02-14 03:42:23', '2026-02-14 03:42:23'),
(51, 26, '2024-09-15', 163.0, 62.0, 23.3, 'normal', 64.0, 92, NULL, 1, '2026-02-14 03:42:23', '2026-02-14 03:42:23'),
(52, 26, '2025-01-15', 165.0, 63.0, 23.1, 'normal', 61.0, 83, NULL, 1, '2026-02-14 03:42:23', '2026-02-14 03:42:23'),
(53, 27, '2024-09-15', 176.0, 95.0, 30.7, 'obese', 90.0, 84, NULL, 1, '2026-02-14 03:42:23', '2026-02-14 03:42:23'),
(54, 27, '2025-01-15', 179.0, 94.0, 29.3, 'overweight', 91.0, 85, NULL, 1, '2026-02-14 03:42:23', '2026-02-14 03:42:23'),
(55, 28, '2024-09-15', 160.0, 52.0, 20.3, 'normal', 92.0, 92, NULL, 1, '2026-02-14 03:42:23', '2026-02-14 03:42:23'),
(56, 28, '2025-01-15', 162.0, 51.0, 19.4, 'normal', 76.0, 69, NULL, 1, '2026-02-14 03:42:23', '2026-02-14 03:42:23'),
(57, 29, '2024-09-15', 168.0, 58.0, 20.5, 'normal', 60.0, 79, NULL, 1, '2026-02-14 03:42:23', '2026-02-14 03:42:23'),
(58, 29, '2025-01-15', 169.0, 60.0, 21.0, 'normal', 89.0, 81, NULL, 1, '2026-02-14 03:42:23', '2026-02-14 03:42:23'),
(59, 30, '2024-09-15', 167.0, 60.0, 21.5, 'normal', 91.0, 75, NULL, 1, '2026-02-14 03:42:23', '2026-02-14 03:42:23'),
(60, 30, '2025-01-15', 167.0, 58.0, 20.8, 'normal', 95.0, 88, NULL, 1, '2026-02-14 03:42:23', '2026-02-14 03:42:23'),
(61, 31, '2024-09-15', 157.0, 75.0, 30.4, 'obese', 91.0, 63, NULL, 1, '2026-02-14 03:42:23', '2026-02-14 03:42:23'),
(62, 31, '2025-01-15', 157.0, 77.0, 31.2, 'obese', 82.0, 80, NULL, 1, '2026-02-14 03:42:23', '2026-02-14 03:42:23'),
(63, 32, '2024-09-15', 171.0, 80.0, 27.4, 'overweight', 81.0, 72, NULL, 1, '2026-02-14 03:42:23', '2026-02-14 03:42:23'),
(64, 32, '2025-01-15', 171.0, 81.0, 27.7, 'overweight', 86.0, 94, NULL, 1, '2026-02-14 03:42:23', '2026-02-14 03:42:23'),
(65, 33, '2024-09-15', 182.0, 62.0, 18.7, 'normal', 81.0, 91, NULL, 1, '2026-02-14 03:42:23', '2026-02-14 03:42:23'),
(66, 33, '2025-01-15', 184.0, 61.0, 18.0, 'underweight', 84.0, 85, NULL, 1, '2026-02-14 03:42:23', '2026-02-14 03:42:23'),
(67, 34, '2024-09-15', 185.0, 87.0, 25.4, 'overweight', 70.0, 63, NULL, 1, '2026-02-14 03:42:23', '2026-02-14 03:42:23'),
(68, 34, '2025-01-15', 186.0, 87.0, 25.1, 'overweight', 96.0, 75, NULL, 1, '2026-02-14 03:42:23', '2026-02-14 03:42:23'),
(69, 35, '2024-09-15', 168.0, 75.0, 26.6, 'overweight', 93.0, 90, NULL, 1, '2026-02-14 03:42:23', '2026-02-14 03:42:23'),
(70, 35, '2025-01-15', 171.0, 78.0, 26.7, 'overweight', 100.0, 83, NULL, 1, '2026-02-14 03:42:23', '2026-02-14 03:42:23'),
(71, 36, '2024-09-15', 184.0, 72.0, 21.3, 'normal', 78.0, 82, NULL, 1, '2026-02-14 03:42:23', '2026-02-14 03:42:23'),
(72, 36, '2025-01-15', 185.0, 73.0, 21.3, 'normal', 79.0, 95, NULL, 1, '2026-02-14 03:42:23', '2026-02-14 03:42:23'),
(73, 37, '2024-09-15', 159.0, 74.0, 29.3, 'overweight', 97.0, 60, NULL, 1, '2026-02-14 03:42:23', '2026-02-14 03:42:23'),
(74, 37, '2025-01-15', 161.0, 74.0, 28.5, 'overweight', 92.0, 73, NULL, 1, '2026-02-14 03:42:23', '2026-02-14 03:42:23'),
(75, 38, '2024-09-15', 185.0, 52.0, 15.2, 'underweight', 79.0, 81, NULL, 1, '2026-02-14 03:42:23', '2026-02-14 03:42:23'),
(76, 38, '2025-01-15', 185.0, 53.0, 15.5, 'underweight', 100.0, 86, NULL, 1, '2026-02-14 03:42:23', '2026-02-14 03:42:23'),
(77, 39, '2024-09-15', 159.0, 86.0, 34.0, 'obese', 83.0, 93, NULL, 1, '2026-02-14 03:42:23', '2026-02-14 03:42:23'),
(78, 39, '2025-01-15', 159.0, 85.0, 33.6, 'obese', 98.0, 65, NULL, 1, '2026-02-14 03:42:23', '2026-02-14 03:42:23'),
(79, 40, '2024-09-15', 179.0, 51.0, 15.9, 'underweight', 68.0, 64, NULL, 1, '2026-02-14 03:42:23', '2026-02-14 03:42:23'),
(80, 40, '2025-01-15', 179.0, 53.0, 16.5, 'underweight', 83.0, 91, NULL, 1, '2026-02-14 03:42:23', '2026-02-14 03:42:23'),
(81, 41, '2024-09-15', 157.0, 48.0, 19.5, 'normal', 71.0, 74, NULL, 1, '2026-02-14 03:42:23', '2026-02-14 03:42:23'),
(82, 41, '2025-01-15', 158.0, 51.0, 20.4, 'normal', 81.0, 90, NULL, 1, '2026-02-14 03:42:23', '2026-02-14 03:42:23'),
(83, 42, '2024-09-15', 171.0, 61.0, 20.9, 'normal', 77.0, 86, NULL, 1, '2026-02-14 03:42:23', '2026-02-14 03:42:23'),
(84, 42, '2025-01-15', 174.0, 60.0, 19.8, 'normal', 91.0, 68, NULL, 1, '2026-02-14 03:42:23', '2026-02-14 03:42:23'),
(85, 43, '2024-09-15', 185.0, 83.0, 24.3, 'normal', 79.0, 61, NULL, 1, '2026-02-14 03:42:23', '2026-02-14 03:42:23'),
(86, 43, '2025-01-15', 185.0, 86.0, 25.1, 'overweight', 74.0, 79, NULL, 1, '2026-02-14 03:42:23', '2026-02-14 03:42:23'),
(87, 44, '2024-09-15', 180.0, 66.0, 20.4, 'normal', 93.0, 88, NULL, 1, '2026-02-14 03:42:23', '2026-02-14 03:42:23'),
(88, 44, '2025-01-15', 180.0, 66.0, 20.4, 'normal', 63.0, 69, NULL, 1, '2026-02-14 03:42:23', '2026-02-14 03:42:23'),
(89, 45, '2024-09-15', 176.0, 93.0, 30.0, 'obese', 97.0, 85, NULL, 1, '2026-02-14 03:42:23', '2026-02-14 03:42:23'),
(90, 45, '2025-01-15', 179.0, 94.0, 29.3, 'overweight', 61.0, 71, NULL, 1, '2026-02-14 03:42:23', '2026-02-14 03:42:23'),
(91, 46, '2024-09-15', 179.0, 77.0, 24.0, 'normal', 89.0, 74, NULL, 1, '2026-02-14 03:42:23', '2026-02-14 03:42:23'),
(92, 46, '2025-01-15', 179.0, 80.0, 25.0, 'overweight', 65.0, 88, NULL, 1, '2026-02-14 03:42:23', '2026-02-14 03:42:23'),
(93, 47, '2024-09-15', 163.0, 93.0, 35.0, 'obese', 98.0, 82, NULL, 1, '2026-02-14 03:42:23', '2026-02-14 03:42:23'),
(94, 47, '2025-01-15', 164.0, 93.0, 34.6, 'obese', 63.0, 76, NULL, 1, '2026-02-14 03:42:23', '2026-02-14 03:42:23'),
(95, 1, '2026-02-21', NULL, 70.0, NULL, NULL, NULL, NULL, NULL, 1, '2026-02-21 13:48:29', '2026-02-21 13:48:29');

-- --------------------------------------------------------

--
-- بنية الجدول `student_teams`
--

CREATE TABLE `student_teams` (
  `id` int(10) UNSIGNED NOT NULL,
  `tournament_team_id` int(10) UNSIGNED NOT NULL COMMENT 'معرف فريق البطولة',
  `team_name` varchar(100) NOT NULL COMMENT 'اسم الفريق',
  `captain_student_id` int(10) UNSIGNED DEFAULT NULL COMMENT 'قائد الفريق',
  `created_at` timestamp NULL DEFAULT current_timestamp()
) ENGINE=InnoDB DEFAULT CHARSET=utf8mb4 COLLATE=utf8mb4_unicode_ci COMMENT='فرق الطلاب';

--
-- إرجاع أو استيراد بيانات الجدول `student_teams`
--

INSERT INTO `student_teams` (`id`, `tournament_team_id`, `team_name`, `captain_student_id`, `created_at`) VALUES
(1, 79, 'الأسود', 4, '2026-02-22 01:38:42'),
(2, 80, 'النمور', 5, '2026-02-22 01:38:42'),
(3, 81, 'الصقور', 1, '2026-02-22 01:38:42'),
(4, 82, 'الفهود', 6, '2026-02-22 01:38:42'),
(5, 152, 'الأول الثانوي - 1/1', NULL, '2026-02-28 12:17:50'),
(6, 153, 'الثاني الثانوي - 2/1', NULL, '2026-02-28 12:18:03');

-- --------------------------------------------------------

--
-- بنية الجدول `student_team_members`
--

CREATE TABLE `student_team_members` (
  `id` int(10) UNSIGNED NOT NULL,
  `student_team_id` int(10) UNSIGNED NOT NULL COMMENT 'معرف فريق الطلاب',
  `student_id` int(10) UNSIGNED NOT NULL COMMENT 'معرف الطالب',
  `position` varchar(50) DEFAULT NULL COMMENT 'المركز',
  `jersey_number` int(10) UNSIGNED DEFAULT NULL COMMENT 'رقم القميص',
  `is_substitute` tinyint(1) DEFAULT 0 COMMENT 'احتياطي',
  `created_at` timestamp NULL DEFAULT current_timestamp()
) ENGINE=InnoDB DEFAULT CHARSET=utf8mb4 COLLATE=utf8mb4_unicode_ci COMMENT='أعضاء فرق الطلاب';

--
-- إرجاع أو استيراد بيانات الجدول `student_team_members`
--

INSERT INTO `student_team_members` (`id`, `student_team_id`, `student_id`, `position`, `jersey_number`, `is_substitute`, `created_at`) VALUES
(1, 1, 4, NULL, NULL, 0, '2026-02-22 01:38:42'),
(2, 1, 63, NULL, NULL, 0, '2026-02-22 01:38:42'),
(3, 1, 48, NULL, NULL, 0, '2026-02-22 01:38:42'),
(4, 1, 54, NULL, NULL, 0, '2026-02-22 01:38:42'),
(5, 1, 55, NULL, NULL, 0, '2026-02-22 01:38:42'),
(6, 2, 5, NULL, NULL, 0, '2026-02-22 01:38:42'),
(7, 2, 62, NULL, NULL, 0, '2026-02-22 01:38:42'),
(8, 2, 64, NULL, NULL, 0, '2026-02-22 01:38:42'),
(9, 2, 53, NULL, NULL, 0, '2026-02-22 01:38:42'),
(10, 2, 56, NULL, NULL, 0, '2026-02-22 01:38:42'),
(11, 3, 1, NULL, NULL, 0, '2026-02-22 01:38:42'),
(12, 3, 61, NULL, NULL, 0, '2026-02-22 01:38:42'),
(13, 3, 49, NULL, NULL, 0, '2026-02-22 01:38:42'),
(14, 3, 52, NULL, NULL, 0, '2026-02-22 01:38:42'),
(15, 3, 57, NULL, NULL, 0, '2026-02-22 01:38:42'),
(16, 4, 6, NULL, NULL, 0, '2026-02-22 01:38:42'),
(17, 4, 60, NULL, NULL, 0, '2026-02-22 01:38:42'),
(18, 4, 50, NULL, NULL, 0, '2026-02-22 01:38:42'),
(19, 4, 51, NULL, NULL, 0, '2026-02-22 01:38:42'),
(20, 4, 58, NULL, NULL, 0, '2026-02-22 01:38:42'),
(21, 4, 59, NULL, NULL, 0, '2026-02-22 01:38:42'),
(22, 5, 1, NULL, NULL, 0, '2026-02-28 12:17:50'),
(23, 5, 5, NULL, NULL, 0, '2026-02-28 12:17:50'),
(24, 5, 48, NULL, NULL, 0, '2026-02-28 12:17:50'),
(25, 5, 50, NULL, NULL, 0, '2026-02-28 12:17:50'),
(26, 6, 24, NULL, NULL, 0, '2026-02-28 12:18:03'),
(27, 6, 26, NULL, NULL, 0, '2026-02-28 12:18:03'),
(28, 6, 28, NULL, NULL, 0, '2026-02-28 12:18:03'),
(29, 6, 65, NULL, NULL, 0, '2026-02-28 12:18:03');

-- --------------------------------------------------------

--
-- بنية الجدول `teacher_classes`
--

CREATE TABLE `teacher_classes` (
  `id` int(10) UNSIGNED NOT NULL,
  `teacher_id` int(10) UNSIGNED NOT NULL,
  `class_id` int(10) UNSIGNED NOT NULL,
  `is_temporary` tinyint(1) NOT NULL DEFAULT 0 COMMENT '1 = تعيين مؤقت من الإدارة',
  `assigned_by` int(10) UNSIGNED DEFAULT NULL COMMENT 'من قام بالتعيين (admin_id)',
  `assigned_at` timestamp NOT NULL DEFAULT current_timestamp(),
  `expires_at` date DEFAULT NULL COMMENT 'تاريخ انتهاء التعيين المؤقت'
) ENGINE=InnoDB DEFAULT CHARSET=utf8mb4 COLLATE=utf8mb4_unicode_ci COMMENT='ربط المعلمين بفصولهم (دائم أو مؤقت)';

--
-- إرجاع أو استيراد بيانات الجدول `teacher_classes`
--

INSERT INTO `teacher_classes` (`id`, `teacher_id`, `class_id`, `is_temporary`, `assigned_by`, `assigned_at`, `expires_at`) VALUES
(1, 2, 1, 0, NULL, '2026-02-20 23:21:29', NULL),
(2, 2, 2, 0, NULL, '2026-02-20 23:21:29', NULL),
(3, 2, 4, 0, NULL, '2026-02-20 23:21:29', NULL),
(4, 2, 5, 0, NULL, '2026-02-20 23:21:29', NULL),
(8, 2, 9, 0, NULL, '2026-02-20 23:21:29', NULL),
(9, 4, 6, 0, 1, '2026-02-21 00:09:48', NULL),
(10, 4, 7, 0, 1, '2026-02-21 00:09:53', NULL),
(11, 4, 8, 0, 1, '2026-02-21 00:09:56', NULL),
(12, 8, 1, 0, 1, '2026-02-21 00:10:12', NULL);

-- --------------------------------------------------------

--
-- بنية الجدول `team_members`
--

CREATE TABLE `team_members` (
  `id` int(10) UNSIGNED NOT NULL,
  `team_id` int(10) UNSIGNED NOT NULL,
  `student_id` int(10) UNSIGNED NOT NULL,
  `jersey_number` int(10) UNSIGNED DEFAULT NULL,
  `position` varchar(50) DEFAULT NULL,
  `status` enum('active','substitute','injured','suspended') NOT NULL DEFAULT 'active',
  `joined_at` date DEFAULT NULL,
  `notes` text DEFAULT NULL,
  `created_at` timestamp NOT NULL DEFAULT current_timestamp(),
  `updated_at` timestamp NOT NULL DEFAULT current_timestamp() ON UPDATE current_timestamp()
) ENGINE=InnoDB DEFAULT CHARSET=utf8mb4 COLLATE=utf8mb4_unicode_ci;

--
-- إرجاع أو استيراد بيانات الجدول `team_members`
--

INSERT INTO `team_members` (`id`, `team_id`, `student_id`, `jersey_number`, `position`, `status`, `joined_at`, `notes`, `created_at`, `updated_at`) VALUES
(6, 1, 48, NULL, NULL, 'substitute', '2026-02-21', NULL, '2026-02-20 22:09:21', '2026-02-20 22:12:53'),
(7, 1, 49, NULL, NULL, 'active', '2026-02-21', NULL, '2026-02-20 22:09:21', '2026-02-20 22:09:21'),
(8, 1, 50, NULL, NULL, 'active', '2026-02-21', NULL, '2026-02-20 22:09:21', '2026-02-20 22:09:21'),
(9, 1, 51, NULL, NULL, 'active', '2026-02-21', NULL, '2026-02-20 22:09:21', '2026-02-20 22:09:21'),
(10, 1, 52, NULL, NULL, 'active', '2026-02-21', NULL, '2026-02-20 22:09:21', '2026-02-20 22:09:21'),
(11, 1, 53, NULL, NULL, 'active', '2026-02-21', NULL, '2026-02-20 22:09:21', '2026-02-20 22:09:21'),
(12, 1, 54, NULL, NULL, 'active', '2026-02-21', NULL, '2026-02-20 22:09:21', '2026-02-20 22:09:21'),
(13, 1, 55, NULL, NULL, 'active', '2026-02-21', NULL, '2026-02-20 22:09:21', '2026-02-20 22:09:21'),
(14, 1, 56, NULL, NULL, 'active', '2026-02-21', NULL, '2026-02-20 22:09:21', '2026-02-20 22:09:21'),
(15, 1, 57, NULL, NULL, 'active', '2026-02-21', NULL, '2026-02-20 22:09:21', '2026-02-20 22:09:21'),
(16, 1, 58, NULL, NULL, 'active', '2026-02-21', NULL, '2026-02-20 22:09:21', '2026-02-20 22:09:21'),
(17, 1, 59, NULL, NULL, 'active', '2026-02-21', NULL, '2026-02-20 22:09:21', '2026-02-20 22:09:21'),
(18, 1, 60, NULL, NULL, 'active', '2026-02-21', NULL, '2026-02-20 22:09:21', '2026-02-20 22:09:21'),
(19, 1, 61, NULL, NULL, 'active', '2026-02-21', NULL, '2026-02-20 22:09:21', '2026-02-20 22:09:21'),
(20, 1, 62, NULL, NULL, 'active', '2026-02-21', NULL, '2026-02-20 22:09:21', '2026-02-20 22:09:21'),
(21, 1, 63, NULL, NULL, 'active', '2026-02-21', NULL, '2026-02-20 22:09:21', '2026-02-20 22:09:21'),
(38, 6, 65, NULL, NULL, 'active', '2026-02-21', NULL, '2026-02-20 22:41:17', '2026-02-20 22:41:17'),
(39, 6, 67, NULL, NULL, 'active', '2026-02-21', NULL, '2026-02-20 22:41:17', '2026-02-20 22:41:17'),
(40, 6, 136, NULL, NULL, 'active', '2026-02-21', NULL, '2026-02-20 22:41:17', '2026-02-20 22:41:17'),
(41, 6, 43, NULL, NULL, 'active', '2026-02-21', NULL, '2026-02-20 22:41:17', '2026-02-20 22:41:17'),
(42, 6, 47, NULL, NULL, 'active', '2026-02-21', NULL, '2026-02-20 22:41:17', '2026-02-20 22:41:17'),
(63, 11, 2, NULL, NULL, 'active', '2026-02-23', NULL, '2026-02-23 00:50:54', '2026-02-23 00:50:54'),
(64, 11, 7, NULL, NULL, 'active', '2026-02-23', NULL, '2026-02-23 00:50:54', '2026-02-23 00:50:54'),
(66, 11, 11, NULL, NULL, 'active', '2026-02-23', NULL, '2026-02-23 00:50:54', '2026-02-23 00:50:54'),
(68, 11, 13, NULL, NULL, 'active', '2026-02-23', NULL, '2026-02-23 00:50:54', '2026-02-23 00:50:54'),
(69, 11, 147, NULL, NULL, 'active', '2026-02-23', NULL, '2026-02-23 00:50:54', '2026-02-23 00:50:54'),
(70, 11, 148, NULL, NULL, 'active', '2026-02-23', NULL, '2026-02-23 00:50:54', '2026-02-23 00:50:54'),
(71, 11, 149, NULL, NULL, 'active', '2026-02-23', NULL, '2026-02-23 00:50:54', '2026-02-23 00:50:54'),
(72, 11, 150, NULL, NULL, 'active', '2026-02-23', NULL, '2026-02-23 00:50:54', '2026-02-23 00:50:54'),
(73, 11, 151, NULL, NULL, 'active', '2026-02-23', NULL, '2026-02-23 00:50:54', '2026-02-23 00:50:54'),
(75, 11, 153, NULL, NULL, 'active', '2026-02-23', NULL, '2026-02-23 00:50:54', '2026-02-23 00:50:54'),
(76, 11, 154, NULL, NULL, 'active', '2026-02-23', NULL, '2026-02-23 00:50:54', '2026-02-23 00:50:54'),
(78, 11, 156, NULL, NULL, 'active', '2026-02-23', NULL, '2026-02-23 00:50:54', '2026-02-23 00:50:54'),
(80, 11, 158, NULL, NULL, 'active', '2026-02-23', NULL, '2026-02-23 00:50:54', '2026-02-23 00:50:54'),
(81, 11, 159, NULL, NULL, 'active', '2026-02-23', NULL, '2026-02-23 00:50:54', '2026-02-23 00:50:54'),
(82, 11, 160, NULL, NULL, 'active', '2026-02-23', NULL, '2026-02-23 00:50:54', '2026-02-23 00:50:54'),
(84, 11, 162, NULL, NULL, 'active', '2026-02-23', NULL, '2026-02-23 00:50:54', '2026-02-23 00:50:54'),
(88, 12, 3, NULL, NULL, 'active', '2026-02-23', NULL, '2026-02-23 01:03:02', '2026-02-23 01:03:02'),
(89, 12, 22, NULL, NULL, 'active', '2026-02-23', NULL, '2026-02-23 01:03:02', '2026-02-23 01:03:02'),
(90, 12, 23, NULL, NULL, 'active', '2026-02-23', NULL, '2026-02-23 01:03:02', '2026-02-23 01:03:02'),
(91, 12, 24, NULL, NULL, 'active', '2026-02-23', NULL, '2026-02-23 01:03:02', '2026-02-23 01:03:02'),
(92, 12, 25, NULL, NULL, 'active', '2026-02-23', NULL, '2026-02-23 01:03:02', '2026-02-23 01:03:02'),
(93, 12, 26, NULL, NULL, 'active', '2026-02-23', NULL, '2026-02-23 01:03:02', '2026-02-23 01:03:02'),
(94, 12, 27, NULL, NULL, 'active', '2026-02-23', NULL, '2026-02-23 01:03:02', '2026-02-23 01:03:02'),
(95, 12, 28, NULL, NULL, 'active', '2026-02-23', NULL, '2026-02-23 01:03:02', '2026-02-23 01:03:02'),
(96, 12, 29, NULL, NULL, 'active', '2026-02-23', NULL, '2026-02-23 01:03:02', '2026-02-23 01:03:02'),
(97, 12, 65, NULL, NULL, 'active', '2026-02-23', NULL, '2026-02-23 01:03:02', '2026-02-23 01:03:02'),
(98, 12, 66, NULL, NULL, 'active', '2026-02-23', NULL, '2026-02-23 01:03:02', '2026-02-23 01:03:02'),
(99, 12, 67, NULL, NULL, 'active', '2026-02-23', NULL, '2026-02-23 01:03:02', '2026-02-23 01:03:02'),
(100, 12, 68, NULL, NULL, 'active', '2026-02-23', NULL, '2026-02-23 01:03:02', '2026-02-23 01:03:02'),
(101, 12, 69, NULL, NULL, 'active', '2026-02-23', NULL, '2026-02-23 01:03:02', '2026-02-23 01:03:02'),
(102, 12, 70, NULL, NULL, 'active', '2026-02-23', NULL, '2026-02-23 01:03:02', '2026-02-23 01:03:02'),
(103, 12, 71, NULL, NULL, 'active', '2026-02-23', NULL, '2026-02-23 01:03:02', '2026-02-23 01:03:02'),
(104, 12, 72, NULL, NULL, 'active', '2026-02-23', NULL, '2026-02-23 01:03:02', '2026-02-23 01:03:02'),
(105, 12, 73, NULL, NULL, 'active', '2026-02-23', NULL, '2026-02-23 01:03:02', '2026-02-23 01:03:02'),
(106, 12, 74, NULL, NULL, 'active', '2026-02-23', NULL, '2026-02-23 01:03:02', '2026-02-23 01:03:02'),
(107, 12, 75, NULL, NULL, 'active', '2026-02-23', NULL, '2026-02-23 01:03:02', '2026-02-23 01:03:02'),
(108, 12, 76, NULL, NULL, 'active', '2026-02-23', NULL, '2026-02-23 01:03:02', '2026-02-23 01:03:02'),
(109, 12, 77, NULL, NULL, 'active', '2026-02-23', NULL, '2026-02-23 01:03:02', '2026-02-23 01:03:02'),
(110, 12, 78, NULL, NULL, 'active', '2026-02-23', NULL, '2026-02-23 01:03:02', '2026-02-23 01:03:02'),
(111, 12, 79, NULL, NULL, 'active', '2026-02-23', NULL, '2026-02-23 01:03:02', '2026-02-23 01:03:02'),
(112, 12, 80, NULL, NULL, 'active', '2026-02-23', NULL, '2026-02-23 01:03:02', '2026-02-23 01:03:02'),
(113, 12, 81, NULL, NULL, 'active', '2026-02-23', NULL, '2026-02-23 01:03:02', '2026-02-23 01:03:02'),
(114, 12, 82, NULL, NULL, 'active', '2026-02-23', NULL, '2026-02-23 01:03:02', '2026-02-23 01:03:02'),
(115, 12, 83, NULL, NULL, 'active', '2026-02-23', NULL, '2026-02-23 01:03:02', '2026-02-23 01:03:02'),
(116, 12, 84, NULL, NULL, 'active', '2026-02-23', NULL, '2026-02-23 01:03:02', '2026-02-23 01:03:02'),
(117, 12, 85, NULL, NULL, 'active', '2026-02-23', NULL, '2026-02-23 01:03:02', '2026-02-23 01:03:02'),
(118, 12, 86, NULL, NULL, 'active', '2026-02-23', NULL, '2026-02-23 01:03:02', '2026-02-23 01:03:02'),
(119, 12, 87, NULL, NULL, 'active', '2026-02-23', NULL, '2026-02-23 01:03:02', '2026-02-23 01:03:02'),
(120, 12, 88, NULL, NULL, 'active', '2026-02-23', NULL, '2026-02-23 01:03:02', '2026-02-23 01:03:02'),
(121, 12, 89, NULL, NULL, 'active', '2026-02-23', NULL, '2026-02-23 01:03:02', '2026-02-23 01:03:02'),
(122, 12, 90, NULL, NULL, 'active', '2026-02-23', NULL, '2026-02-23 01:03:02', '2026-02-23 01:03:02'),
(123, 12, 91, NULL, NULL, 'active', '2026-02-23', NULL, '2026-02-23 01:03:02', '2026-02-23 01:03:02'),
(124, 12, 92, NULL, NULL, 'active', '2026-02-23', NULL, '2026-02-23 01:03:02', '2026-02-23 01:03:02'),
(125, 12, 93, NULL, NULL, 'active', '2026-02-23', NULL, '2026-02-23 01:03:02', '2026-02-23 01:03:02'),
(126, 12, 94, NULL, NULL, 'active', '2026-02-23', NULL, '2026-02-23 01:03:02', '2026-02-23 01:03:02'),
(127, 13, 30, NULL, NULL, 'active', '2026-02-23', NULL, '2026-02-23 01:03:38', '2026-02-23 01:03:38'),
(128, 13, 32, NULL, NULL, 'active', '2026-02-23', NULL, '2026-02-23 01:03:38', '2026-02-23 01:03:38'),
(129, 13, 33, NULL, NULL, 'active', '2026-02-23', NULL, '2026-02-23 01:03:38', '2026-02-23 01:03:38'),
(130, 13, 34, NULL, NULL, 'active', '2026-02-23', NULL, '2026-02-23 01:03:38', '2026-02-23 01:03:38'),
(131, 13, 95, NULL, NULL, 'active', '2026-02-23', NULL, '2026-02-23 01:03:38', '2026-02-23 01:03:38'),
(132, 13, 96, NULL, NULL, 'active', '2026-02-23', NULL, '2026-02-23 01:03:38', '2026-02-23 01:03:38'),
(133, 13, 97, NULL, NULL, 'active', '2026-02-23', NULL, '2026-02-23 01:03:38', '2026-02-23 01:03:38'),
(134, 13, 98, NULL, NULL, 'active', '2026-02-23', NULL, '2026-02-23 01:03:38', '2026-02-23 01:03:38'),
(135, 13, 99, NULL, NULL, 'active', '2026-02-23', NULL, '2026-02-23 01:03:38', '2026-02-23 01:03:38'),
(136, 13, 100, NULL, NULL, 'active', '2026-02-23', NULL, '2026-02-23 01:03:38', '2026-02-23 01:03:38'),
(137, 13, 101, NULL, NULL, 'active', '2026-02-23', NULL, '2026-02-23 01:03:38', '2026-02-23 01:03:38'),
(138, 13, 102, NULL, NULL, 'active', '2026-02-23', NULL, '2026-02-23 01:03:38', '2026-02-23 01:03:38'),
(139, 13, 103, NULL, NULL, 'active', '2026-02-23', NULL, '2026-02-23 01:03:38', '2026-02-23 01:03:38'),
(140, 13, 104, NULL, NULL, 'active', '2026-02-23', NULL, '2026-02-23 01:03:38', '2026-02-23 01:03:38'),
(141, 13, 105, NULL, NULL, 'active', '2026-02-23', NULL, '2026-02-23 01:03:38', '2026-02-23 01:03:38'),
(142, 13, 106, NULL, NULL, 'active', '2026-02-23', NULL, '2026-02-23 01:03:38', '2026-02-23 01:03:38'),
(143, 13, 107, NULL, NULL, 'active', '2026-02-23', NULL, '2026-02-23 01:03:38', '2026-02-23 01:03:38'),
(144, 13, 108, NULL, NULL, 'active', '2026-02-23', NULL, '2026-02-23 01:03:38', '2026-02-23 01:03:38'),
(145, 13, 109, NULL, NULL, 'active', '2026-02-23', NULL, '2026-02-23 01:03:38', '2026-02-23 01:03:38'),
(146, 13, 110, NULL, NULL, 'active', '2026-02-23', NULL, '2026-02-23 01:03:38', '2026-02-23 01:03:38'),
(147, 13, 111, NULL, NULL, 'active', '2026-02-23', NULL, '2026-02-23 01:03:38', '2026-02-23 01:03:38'),
(148, 13, 112, NULL, NULL, 'active', '2026-02-23', NULL, '2026-02-23 01:03:38', '2026-02-23 01:03:38'),
(149, 13, 113, NULL, NULL, 'active', '2026-02-23', NULL, '2026-02-23 01:03:38', '2026-02-23 01:03:38'),
(150, 13, 114, NULL, NULL, 'active', '2026-02-23', NULL, '2026-02-23 01:03:38', '2026-02-23 01:03:38'),
(151, 13, 115, NULL, NULL, 'active', '2026-02-23', NULL, '2026-02-23 01:03:38', '2026-02-23 01:03:38'),
(152, 13, 116, NULL, NULL, 'active', '2026-02-23', NULL, '2026-02-23 01:03:38', '2026-02-23 01:03:38'),
(153, 13, 117, NULL, NULL, 'active', '2026-02-23', NULL, '2026-02-23 01:03:38', '2026-02-23 01:03:38'),
(154, 13, 118, NULL, NULL, 'active', '2026-02-23', NULL, '2026-02-23 01:03:38', '2026-02-23 01:03:38'),
(155, 13, 119, NULL, NULL, 'active', '2026-02-23', NULL, '2026-02-23 01:03:38', '2026-02-23 01:03:38'),
(156, 13, 120, NULL, NULL, 'active', '2026-02-23', NULL, '2026-02-23 01:03:38', '2026-02-23 01:03:38'),
(157, 13, 121, NULL, NULL, 'active', '2026-02-23', NULL, '2026-02-23 01:03:38', '2026-02-23 01:03:38'),
(158, 13, 122, NULL, NULL, 'active', '2026-02-23', NULL, '2026-02-23 01:03:38', '2026-02-23 01:03:38'),
(159, 13, 123, NULL, NULL, 'active', '2026-02-23', NULL, '2026-02-23 01:03:38', '2026-02-23 01:03:38'),
(160, 13, 124, NULL, NULL, 'active', '2026-02-23', NULL, '2026-02-23 01:03:38', '2026-02-23 01:03:38'),
(161, 14, 147, NULL, NULL, 'active', '2026-02-23', NULL, '2026-02-23 01:13:43', '2026-02-23 01:13:43'),
(162, 14, 48, NULL, NULL, 'active', '2026-02-23', NULL, '2026-02-23 01:13:48', '2026-02-23 01:13:48'),
(163, 14, 49, NULL, NULL, 'active', '2026-02-23', NULL, '2026-02-23 01:13:51', '2026-02-23 01:13:51'),
(164, 14, 65, NULL, NULL, 'active', '2026-02-23', NULL, '2026-02-23 01:13:55', '2026-02-23 01:13:55'),
(165, 14, 67, NULL, NULL, 'active', '2026-02-23', NULL, '2026-02-23 01:14:03', '2026-02-23 01:14:03'),
(166, 14, 96, NULL, NULL, 'substitute', '2026-02-23', NULL, '2026-02-23 01:15:13', '2026-02-23 01:15:13');

-- --------------------------------------------------------

--
-- بنية الجدول `tournaments`
--

CREATE TABLE `tournaments` (
  `id` int(10) UNSIGNED NOT NULL,
  `school_id` int(10) UNSIGNED DEFAULT NULL,
  `name` varchar(150) NOT NULL COMMENT 'اسم البطولة',
  `description` text DEFAULT NULL COMMENT 'وصف البطولة',
  `type` enum('single_elimination','double_elimination','round_robin_single','round_robin_double','mixed') NOT NULL,
  `team_mode` enum('class_based','student_based') NOT NULL DEFAULT 'class_based' COMMENT 'وضع الفرق',
  `sport_type` varchar(50) DEFAULT 'كرة قدم' COMMENT 'نوع الرياضة',
  `start_date` date DEFAULT NULL COMMENT 'تاريخ البدء',
  `end_date` date DEFAULT NULL COMMENT 'تاريخ الانتهاء',
  `randomize_teams` tinyint(1) NOT NULL DEFAULT 1 COMMENT 'ترتيب عشوائي للفرق',
  `balance_method` enum('none','skill_level','random') NOT NULL DEFAULT 'none',
  `auto_generate` tinyint(1) NOT NULL DEFAULT 1 COMMENT 'توليد المباريات تلقائياً',
  `teams_per_match` int(10) UNSIGNED DEFAULT 2 COMMENT 'عدد الفرق في المباراة',
  `points_win` int(10) UNSIGNED DEFAULT 3 COMMENT 'نقاط الفوز',
  `points_draw` int(10) UNSIGNED DEFAULT 1 COMMENT 'نقاط التعادل',
  `points_loss` int(10) UNSIGNED DEFAULT 0 COMMENT 'نقاط الخسارة',
  `status` enum('draft','registration','in_progress','completed','cancelled') NOT NULL DEFAULT 'draft' COMMENT 'حالة البطولة',
  `winner_team_id` int(10) UNSIGNED DEFAULT NULL COMMENT 'الفريق الفائز',
  `public_token` varchar(64) DEFAULT NULL,
  `is_public` tinyint(1) NOT NULL DEFAULT 0,
  `created_by` int(10) UNSIGNED DEFAULT NULL COMMENT 'منشئ البطولة',
  `created_at` timestamp NULL DEFAULT current_timestamp(),
  `updated_at` timestamp NULL DEFAULT current_timestamp() ON UPDATE current_timestamp()
) ENGINE=InnoDB DEFAULT CHARSET=utf8mb4 COLLATE=utf8mb4_unicode_ci COMMENT='جدول البطولات';

--
-- إرجاع أو استيراد بيانات الجدول `tournaments`
--

INSERT INTO `tournaments` (`id`, `school_id`, `name`, `description`, `type`, `team_mode`, `sport_type`, `start_date`, `end_date`, `randomize_teams`, `balance_method`, `auto_generate`, `teams_per_match`, `points_win`, `points_draw`, `points_loss`, `status`, `winner_team_id`, `public_token`, `is_public`, `created_by`, `created_at`, `updated_at`) VALUES
(2, 1, 'تجربة', '', 'single_elimination', 'class_based', 'كرة طائرة', NULL, NULL, 1, 'none', 1, 2, 3, 1, 0, 'in_progress', NULL, NULL, 0, 1, '2026-02-13 21:45:47', '2026-02-28 03:14:44'),
(3, 1, 'jdljd', '', 'single_elimination', 'class_based', 'كرة قدم', NULL, NULL, 1, 'none', 1, 2, 3, 1, 0, 'in_progress', NULL, NULL, 0, 1, '2026-02-13 22:59:41', '2026-02-28 03:14:44'),
(4, 1, '2', '', 'double_elimination', 'class_based', 'كرة قدم', NULL, NULL, 1, 'none', 1, 2, 3, 1, 0, 'in_progress', NULL, NULL, 0, 1, '2026-02-13 23:03:44', '2026-02-28 03:14:44'),
(6, 1, 'تجربة خروج المغلوب من مباراتين', '', 'double_elimination', 'class_based', 'كرة قدم', NULL, NULL, 1, 'none', 1, 2, 3, 1, 0, 'in_progress', NULL, NULL, 0, 1, '2026-02-15 07:46:48', '2026-02-28 03:14:44'),
(7, 1, 'بطولة خروج المغلوب من مرتين تجربة (2)', '', 'double_elimination', 'class_based', 'كرة قدم', NULL, NULL, 1, 'none', 1, 2, 3, 1, 0, 'in_progress', NULL, NULL, 0, 1, '2026-02-15 08:40:08', '2026-02-28 03:14:44'),
(9, 1, 'Test Double Elimination', '', 'double_elimination', 'class_based', 'كرة قدم', NULL, NULL, 1, 'none', 1, 2, 3, 1, 0, 'in_progress', NULL, NULL, 0, 1, '2026-02-20 20:11:26', '2026-02-28 03:14:44'),
(16, 1, 'تجربة التوزيع العشوائي', '', 'single_elimination', 'class_based', 'كرة قدم', '2026-03-01', NULL, 1, 'skill_level', 1, 2, 3, 1, 0, 'in_progress', NULL, 'cf937b6becb85add184e8ab25c30e3b9', 1, 1, '2026-02-22 01:37:13', '2026-02-28 03:14:44'),
(17, 1, 'تجربة خروج المغلوب من مرتين', '', 'double_elimination', 'student_based', 'كرة قدم', NULL, NULL, 1, 'skill_level', 1, 2, 3, 1, 0, 'in_progress', NULL, NULL, 0, 1, '2026-02-22 01:38:26', '2026-02-28 03:14:44'),
(19, 1, 'تجربة طريقة الخلط والمزج', '', 'mixed', 'class_based', 'كرة قدم', NULL, NULL, 1, 'none', 1, 2, 3, 1, 0, 'in_progress', NULL, NULL, 0, 1, '2026-02-22 12:34:57', '2026-02-28 03:14:44'),
(20, 1, 'تجربة ٢ لطريقة المزيج', '', 'mixed', 'class_based', 'كرة قدم', NULL, NULL, 1, 'none', 1, 2, 3, 1, 0, 'in_progress', NULL, NULL, 0, 1, '2026-02-22 23:55:18', '2026-02-28 03:14:44'),
(21, 1, 'تجربة ٣', '', 'mixed', 'class_based', 'كرة قدم', NULL, NULL, 1, 'none', 1, 2, 3, 1, 0, 'in_progress', NULL, '89711f96e8fd991bd2275edf76a1d9cf', 1, 1, '2026-02-23 00:07:09', '2026-02-28 03:14:44'),
(22, 1, 'تجربة ٤', '', 'mixed', 'class_based', 'كرة قدم', '2026-04-01', NULL, 1, 'none', 1, 2, 3, 1, 0, 'in_progress', NULL, 'b5e1ac7070f5805064afe0c88a62e4be', 1, 1, '2026-02-23 00:35:17', '2026-02-28 03:14:44'),
(23, 1, 'تجربة التوزيع العشوائي١', '', 'mixed', 'class_based', 'كرة قدم', NULL, NULL, 1, 'none', 1, 2, 3, 1, 0, 'completed', 126, 'de8aaa0d33108a4ab57ac5e101e8e19b', 1, 1, '2026-02-23 00:42:13', '2026-02-28 12:31:45'),
(24, 1, 'يب', '', 'round_robin_double', 'class_based', 'كرة قدم', NULL, NULL, 1, 'none', 1, 2, 3, 1, 0, 'in_progress', NULL, '8d1bf3b3cce8d5fadcbab676250e51ad', 1, 1, '2026-02-23 01:03:58', '2026-02-28 03:14:44'),
(26, 1, 'تجربة الإشعارات', '', 'single_elimination', 'class_based', 'كرة قدم', '2026-03-07', '2026-03-14', 1, 'none', 1, 2, 3, 1, 0, 'in_progress', NULL, '715ca66106b2e853fe20f5076ff926b6', 1, 1, '2026-02-28 12:17:27', '2026-02-28 12:20:26');

-- --------------------------------------------------------

--
-- بنية الجدول `tournament_player_stats`
--

CREATE TABLE `tournament_player_stats` (
  `id` int(10) UNSIGNED NOT NULL,
  `tournament_id` int(10) UNSIGNED NOT NULL,
  `school_id` int(10) UNSIGNED DEFAULT NULL,
  `student_id` int(10) UNSIGNED NOT NULL,
  `team_id` int(10) UNSIGNED NOT NULL,
  `goals` int(10) UNSIGNED DEFAULT 0,
  `own_goals` int(10) UNSIGNED DEFAULT 0,
  `assists` int(10) UNSIGNED DEFAULT 0,
  `yellow_cards` int(10) UNSIGNED DEFAULT 0,
  `red_cards` int(10) UNSIGNED DEFAULT 0,
  `man_of_match` int(10) UNSIGNED DEFAULT 0,
  `matches_played` int(10) UNSIGNED DEFAULT 0,
  `awards` varchar(255) DEFAULT NULL,
  `last_updated` timestamp NOT NULL DEFAULT current_timestamp() ON UPDATE current_timestamp(),
  `cheers_count` int(10) UNSIGNED NOT NULL DEFAULT 0
) ENGINE=InnoDB DEFAULT CHARSET=utf8mb4 COLLATE=utf8mb4_unicode_ci;

--
-- إرجاع أو استيراد بيانات الجدول `tournament_player_stats`
--

INSERT INTO `tournament_player_stats` (`id`, `tournament_id`, `school_id`, `student_id`, `team_id`, `goals`, `own_goals`, `assists`, `yellow_cards`, `red_cards`, `man_of_match`, `matches_played`, `awards`, `last_updated`, `cheers_count`) VALUES
(1, 24, 1, 60, 132, 0, 0, 0, 0, 0, 0, 0, 'الأخلاق الرياضية', '2026-02-28 03:50:24', 0),
(2, 24, 1, 0, 137, 0, 0, 0, 0, 0, 1, 0, NULL, '2026-02-28 03:50:24', 0),
(3, 24, 1, 52, 132, 0, 0, 0, 0, 0, 0, 0, 'اللاعب المثالي', '2026-02-28 03:50:24', 0),
(4, 24, 1, 65, 134, 1, 0, 0, 0, 0, 0, 0, NULL, '2026-02-28 03:50:24', 0),
(5, 24, 1, 22, 136, 2, 0, 0, 0, 0, 0, 0, NULL, '2026-02-28 03:50:24', 0),
(6, 24, 1, 43, 134, 0, 0, 0, 0, 0, 1, 0, NULL, '2026-02-28 03:50:24', 0),
(7, 23, 1, 22, 126, 1, 0, 0, 0, 0, 1, 0, NULL, '2026-02-28 03:50:24', 1);

-- --------------------------------------------------------

--
-- بنية الجدول `tournament_teams`
--

CREATE TABLE `tournament_teams` (
  `id` int(10) UNSIGNED NOT NULL,
  `school_id` int(10) UNSIGNED DEFAULT NULL,
  `tournament_id` int(10) UNSIGNED NOT NULL COMMENT 'معرف البطولة',
  `class_id` int(10) UNSIGNED DEFAULT NULL COMMENT 'معرف الفصل (اختياري)',
  `sports_team_id` int(10) UNSIGNED DEFAULT NULL,
  `team_name` varchar(100) NOT NULL COMMENT 'اسم الفريق',
  `team_color` varchar(20) DEFAULT '#10b981' COMMENT 'لون الفريق',
  `seed_number` int(10) UNSIGNED DEFAULT NULL COMMENT 'رقم البذرة/الترتيب',
  `is_eliminated` tinyint(1) NOT NULL DEFAULT 0 COMMENT 'هل تم إقصاؤه',
  `elimination_count` int(10) UNSIGNED DEFAULT 0 COMMENT 'عدد مرات الخسارة (للخروج المزدوج)',
  `current_round` int(10) UNSIGNED DEFAULT 1 COMMENT 'الجولة الحالية',
  `final_rank` int(10) UNSIGNED DEFAULT NULL COMMENT 'الترتيب النهائي',
  `created_at` timestamp NULL DEFAULT current_timestamp(),
  `group_name` varchar(10) DEFAULT NULL,
  `cheers_count` int(10) UNSIGNED NOT NULL DEFAULT 0
) ENGINE=InnoDB DEFAULT CHARSET=utf8mb4 COLLATE=utf8mb4_unicode_ci COMMENT='فرق البطولات';

--
-- إرجاع أو استيراد بيانات الجدول `tournament_teams`
--

INSERT INTO `tournament_teams` (`id`, `school_id`, `tournament_id`, `class_id`, `sports_team_id`, `team_name`, `team_color`, `seed_number`, `is_eliminated`, `elimination_count`, `current_round`, `final_rank`, `created_at`, `group_name`, `cheers_count`) VALUES
(9, 1, 2, 1, NULL, 'الأول الثانوي - 1/1', '#ef4444', 6, 1, 0, 1, NULL, '2026-02-13 21:46:14', NULL, 0),
(10, 1, 2, 2, NULL, 'الأول الثانوي - 1/2', '#3b82f6', 2, 1, 0, 1, NULL, '2026-02-13 21:46:14', NULL, 0),
(11, 1, 2, 4, NULL, 'الثاني الثانوي - 2/1', '#10b981', 4, 1, 0, 1, NULL, '2026-02-13 21:46:14', NULL, 0),
(12, 1, 2, 5, NULL, 'الثاني الثانوي - 2/2', '#f59e0b', 5, 0, 0, 1, NULL, '2026-02-13 21:46:14', NULL, 0),
(13, 1, 2, 6, NULL, 'الثالث الثانوي - 3/1', '#8b5cf6', 1, 1, 0, 1, NULL, '2026-02-13 21:46:14', NULL, 0),
(14, 1, 2, 7, NULL, 'الثالث الثانوي - 3/2', '#ec4899', 3, 0, 0, 1, NULL, '2026-02-13 21:46:14', NULL, 0),
(15, 1, 3, 1, NULL, 'الأول الثانوي - 1/1', '#ef4444', 4, 0, 0, 1, NULL, '2026-02-13 23:00:24', NULL, 0),
(16, 1, 3, 2, NULL, 'الأول الثانوي - 1/2', '#3b82f6', 6, 0, 0, 1, NULL, '2026-02-13 23:00:24', NULL, 0),
(17, 1, 3, 4, NULL, 'الثاني الثانوي - 2/1', '#10b981', 2, 0, 0, 1, NULL, '2026-02-13 23:00:24', NULL, 0),
(18, 1, 3, 5, NULL, 'الثاني الثانوي - 2/2', '#f59e0b', 1, 0, 0, 1, NULL, '2026-02-13 23:00:24', NULL, 0),
(19, 1, 3, 6, NULL, 'الثالث الثانوي - 3/1', '#8b5cf6', 3, 0, 0, 1, NULL, '2026-02-13 23:00:24', NULL, 0),
(20, 1, 3, 7, NULL, 'الثالث الثانوي - 3/2', '#ec4899', 5, 0, 0, 1, NULL, '2026-02-13 23:00:24', NULL, 0),
(21, 1, 4, 1, NULL, 'الأول الثانوي - 1/1', '#ef4444', 5, 0, 1, 1, NULL, '2026-02-13 23:04:30', NULL, 0),
(22, 1, 4, 2, NULL, 'الأول الثانوي - 1/2', '#3b82f6', 1, 0, 1, 1, NULL, '2026-02-13 23:04:30', NULL, 0),
(23, 1, 4, 4, NULL, 'الثاني الثانوي - 2/1', '#10b981', 2, 0, 1, 1, NULL, '2026-02-13 23:04:30', NULL, 0),
(24, 1, 4, 5, NULL, 'الثاني الثانوي - 2/2', '#f59e0b', 4, 0, 1, 1, NULL, '2026-02-13 23:04:30', NULL, 0),
(25, 1, 4, 6, NULL, 'الثالث الثانوي - 3/1', '#8b5cf6', 6, 0, 0, 1, NULL, '2026-02-13 23:04:30', NULL, 0),
(26, 1, 4, 7, NULL, 'الثالث الثانوي - 3/2', '#ec4899', 3, 0, 0, 1, NULL, '2026-02-13 23:04:30', NULL, 0),
(41, 1, 6, 1, NULL, 'الأول الثانوي - 1/1', '#ef4444', 4, 0, 1, 1, NULL, '2026-02-15 07:46:59', NULL, 0),
(42, 1, 6, 2, NULL, 'الأول الثانوي - 1/2', '#3b82f6', 2, 0, 0, 1, NULL, '2026-02-15 07:46:59', NULL, 0),
(43, 1, 6, 3, NULL, 'الأول الثانوي - 1/3', '#10b981', 5, 0, 1, 1, NULL, '2026-02-15 07:46:59', NULL, 0),
(44, 1, 6, 4, NULL, 'الثاني الثانوي - 2/1', '#f59e0b', 7, 0, 1, 1, NULL, '2026-02-15 07:46:59', NULL, 0),
(45, 1, 6, 5, NULL, 'الثاني الثانوي - 2/2', '#8b5cf6', 6, 0, 1, 1, NULL, '2026-02-15 07:46:59', NULL, 0),
(46, 1, 6, 6, NULL, 'الثالث الثانوي - 3/1', '#ec4899', 1, 0, 1, 1, NULL, '2026-02-15 07:46:59', NULL, 0),
(47, 1, 6, 7, NULL, 'الثالث الثانوي - 3/2', '#06b6d4', 3, 0, 1, 1, NULL, '2026-02-15 07:46:59', NULL, 0),
(48, 1, 7, 1, NULL, 'الأول الثانوي - 1/1', '#ef4444', 3, 0, 0, 1, NULL, '2026-02-15 08:40:15', NULL, 0),
(49, 1, 7, 2, NULL, 'الأول الثانوي - 1/2', '#3b82f6', 4, 0, 1, 1, NULL, '2026-02-15 08:40:15', NULL, 0),
(50, 1, 7, 3, NULL, 'الأول الثانوي - 1/3', '#10b981', 5, 0, 0, 1, NULL, '2026-02-15 08:40:15', NULL, 0),
(51, 1, 7, 4, NULL, 'الثاني الثانوي - 2/1', '#f59e0b', 6, 0, 1, 1, NULL, '2026-02-15 08:40:15', NULL, 0),
(52, 1, 7, 5, NULL, 'الثاني الثانوي - 2/2', '#8b5cf6', 1, 0, 0, 1, NULL, '2026-02-15 08:40:15', NULL, 0),
(53, 1, 7, 6, NULL, 'الثالث الثانوي - 3/1', '#ec4899', 7, 0, 0, 1, NULL, '2026-02-15 08:40:15', NULL, 0),
(54, 1, 7, 7, NULL, 'الثالث الثانوي - 3/2', '#06b6d4', 2, 0, 1, 1, NULL, '2026-02-15 08:40:15', NULL, 0),
(63, 1, 9, NULL, NULL, 'Team A', '#3b82f6', 2, 1, 2, 1, NULL, '2026-02-20 20:18:17', NULL, 0),
(64, 1, 9, NULL, NULL, 'Team B', '#10b981', 3, 1, 2, 1, NULL, '2026-02-20 20:18:50', NULL, 0),
(65, 1, 9, NULL, NULL, 'Team C', '#f59e0b', 1, 0, 1, 1, NULL, '2026-02-20 20:19:27', NULL, 0),
(66, 1, 9, NULL, NULL, 'Team D', '#ef4444', 4, 1, 2, 1, NULL, '2026-02-20 20:20:05', NULL, 0),
(79, 1, 17, NULL, NULL, 'الأسود', '#ef4444', 2, 0, 0, 1, NULL, '2026-02-22 01:38:42', NULL, 0),
(80, 1, 17, NULL, NULL, 'النمور', '#3b82f6', 4, 0, 0, 1, NULL, '2026-02-22 01:38:42', NULL, 0),
(81, 1, 17, NULL, NULL, 'الصقور', '#10b981', 1, 0, 0, 1, NULL, '2026-02-22 01:38:42', NULL, 0),
(82, 1, 17, NULL, NULL, 'الفهود', '#f59e0b', 3, 0, 0, 1, NULL, '2026-02-22 01:38:42', NULL, 0),
(92, 1, 19, 1, NULL, 'الأول الثانوي - 1/1', '#ef4444', 2, 0, 0, 1, NULL, '2026-02-22 12:35:07', 'B', 0),
(93, 1, 19, 2, NULL, 'الأول الثانوي - 1/2', '#3b82f6', 8, 0, 0, 1, NULL, '2026-02-22 12:35:07', 'B', 0),
(94, 1, 19, 4, NULL, 'الثاني الثانوي - 2/1', '#10b981', 6, 0, 0, 1, NULL, '2026-02-22 12:35:07', 'B', 0),
(95, 1, 19, 5, NULL, 'الثاني الثانوي - 2/2', '#f59e0b', 3, 0, 0, 1, NULL, '2026-02-22 12:35:07', 'A', 0),
(96, 1, 19, 9, NULL, 'الثاني الثانوي - 2/3', '#8b5cf6', 5, 0, 0, 1, NULL, '2026-02-22 12:35:07', 'A', 0),
(97, 1, 19, 6, NULL, 'الثالث الثانوي - 3/1', '#ec4899', 7, 0, 0, 1, NULL, '2026-02-22 12:35:07', 'A', 0),
(98, 1, 19, 7, NULL, 'الثالث الثانوي - 3/2', '#06b6d4', 1, 0, 0, 1, NULL, '2026-02-22 12:35:07', 'A', 0),
(99, 1, 19, 8, NULL, 'الثالث الثانوي - 3/3', '#84cc16', 4, 0, 0, 1, NULL, '2026-02-22 12:35:07', 'B', 0),
(100, 1, 20, 1, NULL, 'الأول الثانوي - 1/1', '#ef4444', 6, 0, 0, 1, NULL, '2026-02-22 23:55:32', 'B', 0),
(101, 1, 20, 2, NULL, 'الأول الثانوي - 1/2', '#3b82f6', 1, 0, 0, 1, NULL, '2026-02-22 23:55:32', 'A', 0),
(102, 1, 20, 4, NULL, 'الثاني الثانوي - 2/1', '#10b981', 7, 0, 0, 1, NULL, '2026-02-22 23:55:32', 'A', 0),
(103, 1, 20, 5, NULL, 'الثاني الثانوي - 2/2', '#f59e0b', 5, 0, 0, 1, NULL, '2026-02-22 23:55:32', 'A', 0),
(104, 1, 20, 9, NULL, 'الثاني الثانوي - 2/3', '#8b5cf6', 8, 0, 0, 1, NULL, '2026-02-22 23:55:32', 'B', 0),
(105, 1, 20, 6, NULL, 'الثالث الثانوي - 3/1', '#ec4899', 3, 0, 0, 1, NULL, '2026-02-22 23:55:32', 'A', 0),
(106, 1, 20, 7, NULL, 'الثالث الثانوي - 3/2', '#06b6d4', 2, 0, 0, 1, NULL, '2026-02-22 23:55:32', 'B', 0),
(107, 1, 20, 8, NULL, 'الثالث الثانوي - 3/3', '#84cc16', 4, 0, 0, 1, NULL, '2026-02-22 23:55:32', 'B', 0),
(108, 1, 21, 1, NULL, 'الأول الثانوي - 1/1', '#ef4444', 5, 0, 0, 1, NULL, '2026-02-23 00:07:16', 'A', 0),
(109, 1, 21, 2, NULL, 'الأول الثانوي - 1/2', '#3b82f6', 6, 0, 0, 1, NULL, '2026-02-23 00:07:16', 'B', 0),
(110, 1, 21, 4, NULL, 'الثاني الثانوي - 2/1', '#10b981', 7, 0, 0, 1, NULL, '2026-02-23 00:07:16', 'A', 0),
(111, 1, 21, 5, NULL, 'الثاني الثانوي - 2/2', '#f59e0b', 2, 1, 0, 1, NULL, '2026-02-23 00:07:16', 'B', 0),
(112, 1, 21, 9, NULL, 'الثاني الثانوي - 2/3', '#8b5cf6', 8, 0, 0, 1, NULL, '2026-02-23 00:07:16', 'B', 0),
(113, 1, 21, 6, NULL, 'الثالث الثانوي - 3/1', '#ec4899', 1, 0, 0, 1, NULL, '2026-02-23 00:07:16', 'A', 0),
(114, 1, 21, 7, NULL, 'الثالث الثانوي - 3/2', '#06b6d4', 3, 1, 0, 1, NULL, '2026-02-23 00:07:16', 'A', 0),
(115, 1, 21, 8, NULL, 'الثالث الثانوي - 3/3', '#84cc16', 4, 1, 0, 1, NULL, '2026-02-23 00:07:16', 'B', 0),
(116, 1, 22, 1, NULL, 'الأول الثانوي - 1/1', '#ef4444', 7, 0, 0, 1, NULL, '2026-02-23 00:35:38', 'A', 0),
(117, 1, 22, 2, NULL, 'الأول الثانوي - 1/2', '#3b82f6', 2, 0, 0, 1, NULL, '2026-02-23 00:35:38', 'B', 0),
(118, 1, 22, 4, NULL, 'الثاني الثانوي - 2/1', '#10b981', 1, 0, 0, 1, NULL, '2026-02-23 00:35:38', 'A', 0),
(119, 1, 22, 5, NULL, 'الثاني الثانوي - 2/2', '#f59e0b', 5, 0, 0, 1, NULL, '2026-02-23 00:35:38', 'A', 0),
(120, 1, 22, 9, NULL, 'الثاني الثانوي - 2/3', '#8b5cf6', 8, 0, 0, 1, NULL, '2026-02-23 00:35:38', 'B', 0),
(121, 1, 22, 6, NULL, 'الثالث الثانوي - 3/1', '#ec4899', 3, 0, 0, 1, NULL, '2026-02-23 00:35:38', 'A', 0),
(122, 1, 22, 7, NULL, 'الثالث الثانوي - 3/2', '#06b6d4', 6, 0, 0, 1, NULL, '2026-02-23 00:35:38', 'B', 0),
(123, 1, 22, 8, NULL, 'الثالث الثانوي - 3/3', '#84cc16', 4, 0, 0, 1, NULL, '2026-02-23 00:35:38', 'B', 0),
(124, 1, 23, 1, NULL, 'الأول الثانوي - 1/1', '#ef4444', 7, 0, 0, 1, NULL, '2026-02-23 00:42:27', 'A', 0),
(125, 1, 23, 2, NULL, 'الأول الثانوي - 1/2', '#3b82f6', 2, 0, 0, 1, NULL, '2026-02-23 00:42:27', 'B', 0),
(126, 1, 23, 4, NULL, 'الثاني الثانوي - 2/1', '#10b981', 1, 0, 0, 1, NULL, '2026-02-23 00:42:27', 'A', 1),
(127, 1, 23, 5, NULL, 'الثاني الثانوي - 2/2', '#f59e0b', 4, 0, 0, 1, NULL, '2026-02-23 00:42:27', 'B', 0),
(128, 1, 23, 9, NULL, 'الثاني الثانوي - 2/3', '#8b5cf6', 6, 0, 0, 1, NULL, '2026-02-23 00:42:27', 'B', 0),
(129, 1, 23, 6, NULL, 'الثالث الثانوي - 3/1', '#ec4899', 5, 0, 0, 1, NULL, '2026-02-23 00:42:27', 'A', 0),
(130, 1, 23, 7, NULL, 'الثالث الثانوي - 3/2', '#06b6d4', 8, 0, 0, 1, NULL, '2026-02-23 00:42:27', 'B', 0),
(131, 1, 23, 8, NULL, 'الثالث الثانوي - 3/3', '#84cc16', 3, 0, 0, 1, NULL, '2026-02-23 00:42:27', 'A', 0),
(132, 1, 24, NULL, 1, 'فصل ١ / ١', '#1b10b7', 4, 0, 0, 1, NULL, '2026-02-23 01:07:15', NULL, 0),
(133, 1, 24, NULL, 2, 'منتخب كرة القدم بالمدرسة', '#10b981', 6, 0, 0, 1, NULL, '2026-02-23 01:07:15', NULL, 0),
(134, 1, 24, NULL, 6, 'فريق النسور', '#f59e0b', 3, 0, 0, 1, NULL, '2026-02-23 01:07:15', NULL, 0),
(135, 1, 24, NULL, 11, 'فريق فصل ١ / ٢', '#b7107a', 2, 0, 0, 1, NULL, '2026-02-23 01:07:15', NULL, 0),
(136, 1, 24, NULL, 12, 'فصل ٢ / ١', '#102cb7', 5, 0, 0, 1, NULL, '2026-02-23 01:07:15', NULL, 0),
(137, 1, 24, NULL, 13, 'فريق فصل ٢ / ٢', '#8ab710', 1, 0, 0, 1, NULL, '2026-02-23 01:07:15', NULL, 0),
(145, 1, 16, NULL, 1, 'فصل ١ / ١', '#1b10b7', 1, 0, 0, 1, NULL, '2026-02-23 03:09:09', NULL, 0),
(146, 1, 16, NULL, 2, 'منتخب كرة القدم بالمدرسة', '#10b981', 6, 0, 0, 1, NULL, '2026-02-23 03:09:09', NULL, 0),
(147, 1, 16, NULL, 6, 'فريق النسور', '#f59e0b', 7, 0, 0, 1, NULL, '2026-02-23 03:09:09', NULL, 0),
(148, 1, 16, NULL, 11, 'فريق فصل ١ / ٢', '#b7107a', 5, 0, 0, 1, NULL, '2026-02-23 03:09:09', NULL, 0),
(149, 1, 16, NULL, 12, 'فصل ٢ / ١', '#102cb7', 2, 0, 0, 1, NULL, '2026-02-23 03:09:09', NULL, 0),
(150, 1, 16, NULL, 13, 'فريق فصل ٢ / ٢', '#8ab710', 3, 0, 0, 1, NULL, '2026-02-23 03:09:09', NULL, 0),
(151, 1, 16, NULL, 14, 'فصل ٣ / ١', '#b71058', 4, 0, 0, 1, NULL, '2026-02-23 03:09:09', NULL, 0),
(152, 1, 26, 1, NULL, 'الأول الثانوي - 1/1', '#ef4444', 6, 0, 0, 1, NULL, '2026-02-28 12:17:50', NULL, 0),
(153, 1, 26, 4, NULL, 'الثاني الثانوي - 2/1', '#ef4444', 3, 0, 0, 1, NULL, '2026-02-28 12:18:03', NULL, 0),
(154, 1, 26, NULL, 6, 'فريق النسور', '#f59e0b', 1, 0, 0, 1, NULL, '2026-02-28 12:18:17', NULL, 0),
(155, 1, 26, NULL, 11, 'فريق فصل ١ / ٢', '#b7107a', 4, 0, 0, 1, NULL, '2026-02-28 12:18:17', NULL, 0),
(156, 1, 26, NULL, 12, 'فصل ٢ / ١', '#102cb7', 8, 0, 0, 1, NULL, '2026-02-28 12:18:17', NULL, 0),
(157, 1, 26, NULL, 13, 'فريق فصل ٢ / ٢', '#8ab710', 2, 1, 0, 1, NULL, '2026-02-28 12:18:17', NULL, 0),
(158, 1, 26, NULL, 14, 'فصل ٣ / ١', '#b71058', 7, 0, 0, 1, NULL, '2026-02-28 12:18:17', NULL, 0),
(159, 1, 26, NULL, NULL, 'فريق الأسود', '#ec4899', 5, 0, 0, 1, NULL, '2026-02-28 12:18:29', NULL, 0);

-- --------------------------------------------------------

--
-- بنية الجدول `training_attendance`
--

CREATE TABLE `training_attendance` (
  `id` int(10) UNSIGNED NOT NULL,
  `session_id` int(10) UNSIGNED NOT NULL,
  `student_id` int(10) UNSIGNED NOT NULL,
  `status` enum('present','absent','late','excused') NOT NULL DEFAULT 'present',
  `performance` tinyint(3) UNSIGNED DEFAULT NULL,
  `notes` varchar(255) DEFAULT NULL,
  `created_at` timestamp NOT NULL DEFAULT current_timestamp()
) ENGINE=InnoDB DEFAULT CHARSET=utf8mb4 COLLATE=utf8mb4_unicode_ci;

-- --------------------------------------------------------

--
-- بنية الجدول `training_sessions`
--

CREATE TABLE `training_sessions` (
  `id` int(10) UNSIGNED NOT NULL,
  `team_id` int(10) UNSIGNED NOT NULL,
  `title` varchar(150) NOT NULL DEFAULT 'تدريب',
  `session_date` date NOT NULL,
  `start_time` time DEFAULT NULL,
  `end_time` time DEFAULT NULL,
  `venue` varchar(100) DEFAULT NULL,
  `focus` varchar(200) DEFAULT NULL,
  `notes` text DEFAULT NULL,
  `coach_id` int(10) UNSIGNED DEFAULT NULL,
  `created_at` timestamp NOT NULL DEFAULT current_timestamp()
) ENGINE=InnoDB DEFAULT CHARSET=utf8mb4 COLLATE=utf8mb4_unicode_ci;

-- --------------------------------------------------------

--
-- بنية الجدول `users`
--

CREATE TABLE `users` (
  `id` int(10) UNSIGNED NOT NULL,
  `school_id` int(10) UNSIGNED DEFAULT NULL,
  `username` varchar(50) NOT NULL,
  `password` varchar(255) NOT NULL,
  `name` varchar(100) NOT NULL,
  `email` varchar(100) DEFAULT NULL,
  `phone` varchar(20) DEFAULT NULL,
  `specialization` varchar(100) DEFAULT NULL,
  `education` varchar(100) DEFAULT NULL,
  `experience_years` int(10) UNSIGNED DEFAULT NULL,
  `bio` text DEFAULT NULL,
  `birth_date` date DEFAULT NULL,
  `role` enum('admin','teacher','viewer','supervisor') NOT NULL DEFAULT 'teacher',
  `active` tinyint(1) NOT NULL DEFAULT 1,
  `last_login` timestamp NULL DEFAULT NULL,
  `created_at` timestamp NULL DEFAULT current_timestamp(),
  `updated_at` timestamp NULL DEFAULT current_timestamp() ON UPDATE current_timestamp()
) ENGINE=InnoDB DEFAULT CHARSET=utf8mb4 COLLATE=utf8mb4_unicode_ci;

--
-- إرجاع أو استيراد بيانات الجدول `users`
--

INSERT INTO `users` (`id`, `school_id`, `username`, `password`, `name`, `email`, `phone`, `specialization`, `education`, `experience_years`, `bio`, `birth_date`, `role`, `active`, `last_login`, `created_at`, `updated_at`) VALUES
(1, 1, 'admin', '$2y$12$ASMTifKdJyFQMNeJpvxVue6VEK.dTYoVoWe4CC1PjBkGhZEl4KFA.', 'إسماعيل البساوي', 'esm1774@gmail.com', '0507949591', 'مصارعة', 'بكالوريوس تربية رياضية', 0, '', NULL, 'admin', 1, '2026-02-28 12:05:36', '2026-02-14 03:42:23', '2026-02-28 12:05:36'),
(2, 1, 'teacher', '$2y$12$NDnF/tWCyT3rotUALBkmNOdKVTe2O6519ZjlpXKcJ2qpmisZ/DJXS', 'إسماعيل البساوي', 'esm1774@gmail.com', '0507949591', 'مصارعة', 'بكالوريوس تربية بدنية', 26, '', '1974-11-17', 'teacher', 1, '2026-02-23 05:19:39', '2026-02-14 03:42:23', '2026-02-28 03:14:44'),
(3, 1, 'viewer', '$2y$12$7ZfT/tVrdPGMxYoA17FQiecYmRGF5bHO7uUxnlAsyqVY9sfGoBPsi', 'مدير المدرسة', NULL, NULL, NULL, NULL, NULL, NULL, NULL, 'viewer', 1, '2026-02-15 17:43:27', '2026-02-14 03:42:23', '2026-02-28 03:14:44'),
(4, 1, 'teacher1', '$2y$12$TfM1oBamBsXEiRkDrOmxVeB/54DgvI/c/RMCgfzzvS/jzO7U/f7z.', 'أيمن محمد', NULL, NULL, NULL, NULL, NULL, NULL, NULL, 'teacher', 1, '2026-02-15 19:02:34', '2026-02-15 19:01:56', '2026-02-28 03:14:44'),
(8, 1, 'testuser', '$2y$12$LMGpAkB8oJt4MvkheOdqjeFA/RZYOV3BmSDoGz8DYPtgSPMXSHTbO', 'Test', NULL, NULL, NULL, NULL, NULL, NULL, NULL, 'teacher', 1, NULL, '2026-02-20 23:36:38', '2026-02-28 03:14:44'),
(9, 1, 'testusersuper1', '$2y$12$CEORltmwwzawvXZSH1hf5u1UW0FF/KD7wOaXkQjPLDjEe3qCMt52S', 'Supervisor Test', NULL, NULL, NULL, NULL, NULL, NULL, NULL, 'supervisor', 1, NULL, '2026-02-21 00:29:08', '2026-02-28 03:14:44'),
(10, 1, 'testusermarwan', '$2y$12$WQyDM/tknv2b86iqx8Vhee4iJEYbgkf6kvPNlj3dng8spi/yGp4uW', 'Marwan Supervisor', NULL, NULL, NULL, NULL, NULL, NULL, NULL, 'teacher', 0, NULL, '2026-02-21 00:37:40', '2026-02-28 03:14:44'),
(14, 2, 'sch_test1', '$2y$12$Ree6vplSKRPA.phu0czveOTPFxhBRXMM/ORfHVj9j4T8rpYM5jJnq', 'sch_test1', NULL, NULL, NULL, NULL, NULL, NULL, NULL, 'admin', 1, '2026-02-28 11:24:59', '2026-02-28 03:19:45', '2026-02-28 11:24:59');

-- --------------------------------------------------------

--
-- Stand-in structure for view `v_attendance_summary`
-- (See below for the actual view)
--
CREATE TABLE `v_attendance_summary` (
`student_id` int(10) unsigned
,`student_name` varchar(150)
,`class_id` int(10) unsigned
,`full_class_name` varchar(153)
,`present_count` decimal(22,0)
,`absent_count` decimal(22,0)
,`late_count` decimal(22,0)
,`total_records` bigint(21)
);

-- --------------------------------------------------------

--
-- Stand-in structure for view `v_class_rankings`
-- (See below for the actual view)
--
CREATE TABLE `v_class_rankings` (
`class_id` int(10) unsigned
,`class_name` varchar(50)
,`grade_name` varchar(100)
,`full_name` varchar(153)
,`students_count` bigint(21)
,`avg_score` decimal(14,4)
,`total_score` decimal(32,0)
,`points` decimal(13,0)
);

-- --------------------------------------------------------

--
-- Stand-in structure for view `v_matches_full`
-- (See below for the actual view)
--
CREATE TABLE `v_matches_full` (
`id` int(10) unsigned
,`tournament_id` int(10) unsigned
,`school_id` int(10) unsigned
,`round_number` int(10) unsigned
,`match_number` int(10) unsigned
,`bracket_type` enum('main','losers','final','third_place')
,`team1_id` int(10) unsigned
,`team2_id` int(10) unsigned
,`team1_score` int(10) unsigned
,`team2_score` int(10) unsigned
,`winner_team_id` int(10) unsigned
,`loser_team_id` int(10) unsigned
,`is_bye` tinyint(1)
,`match_date` date
,`match_time` time
,`venue` varchar(100)
,`status` enum('scheduled','in_progress','completed','postponed','cancelled')
,`next_match_id` int(10) unsigned
,`next_match_slot` enum('team1','team2')
,`loser_next_match_id` int(10) unsigned
,`loser_next_match_slot` enum('team1','team2')
,`notes` text
,`man_of_match_student_id` int(10) unsigned
,`man_of_match_name` varchar(100)
,`created_at` timestamp
,`updated_at` timestamp
,`group_name` varchar(10)
,`tournament_name` varchar(150)
,`tournament_type` enum('single_elimination','double_elimination','round_robin_single','round_robin_double','mixed')
,`team1_name` varchar(100)
,`team1_color` varchar(20)
,`team2_name` varchar(100)
,`team2_color` varchar(20)
,`winner_name` varchar(100)
);

-- --------------------------------------------------------

--
-- Stand-in structure for view `v_standings_full`
-- (See below for the actual view)
--
CREATE TABLE `v_standings_full` (
`id` int(10) unsigned
,`tournament_id` int(10) unsigned
,`school_id` int(10) unsigned
,`team_id` int(10) unsigned
,`played` int(10) unsigned
,`wins` int(10) unsigned
,`draws` int(10) unsigned
,`losses` int(10) unsigned
,`goals_for` int(10) unsigned
,`goals_against` int(10) unsigned
,`goal_difference` int(11)
,`points` int(10) unsigned
,`form` varchar(20)
,`last_updated` timestamp
,`group_name` varchar(10)
,`team_name` varchar(100)
,`team_color` varchar(20)
,`class_id` int(10) unsigned
,`class_name` varchar(50)
,`tournament_name` varchar(150)
,`tournament_type` enum('single_elimination','double_elimination','round_robin_single','round_robin_double','mixed')
);

-- --------------------------------------------------------

--
-- Stand-in structure for view `v_students_full`
-- (See below for the actual view)
--
CREATE TABLE `v_students_full` (
`id` int(10) unsigned
,`name` varchar(150)
,`student_number` varchar(20)
,`class_id` int(10) unsigned
,`active` tinyint(1)
,`date_of_birth` date
,`blood_type` enum('A+','A-','B+','B-','O+','O-','AB+','AB-')
,`guardian_phone` varchar(20)
,`medical_notes` text
,`class_name` varchar(50)
,`section` varchar(10)
,`grade_id` int(10) unsigned
,`grade_name` varchar(100)
,`grade_code` varchar(10)
,`full_class_name` varchar(153)
,`age` bigint(21)
);

-- --------------------------------------------------------

--
-- Stand-in structure for view `v_student_latest_measurements`
-- (See below for the actual view)
--
CREATE TABLE `v_student_latest_measurements` (
`id` int(10) unsigned
,`student_id` int(10) unsigned
,`measurement_date` date
,`height_cm` decimal(5,1)
,`weight_kg` decimal(5,1)
,`bmi` decimal(4,1)
,`bmi_category` enum('underweight','normal','overweight','obese')
,`waist_cm` decimal(5,1)
,`resting_heart_rate` int(10) unsigned
,`notes` text
,`recorded_by` int(10) unsigned
,`created_at` timestamp
,`updated_at` timestamp
);

-- --------------------------------------------------------

--
-- Stand-in structure for view `v_tournaments_summary`
-- (See below for the actual view)
--
CREATE TABLE `v_tournaments_summary` (
`id` int(10) unsigned
,`school_id` int(10) unsigned
,`name` varchar(150)
,`description` text
,`type` enum('single_elimination','double_elimination','round_robin_single','round_robin_double','mixed')
,`team_mode` enum('class_based','student_based')
,`sport_type` varchar(50)
,`start_date` date
,`end_date` date
,`randomize_teams` tinyint(1)
,`balance_method` enum('none','skill_level','random')
,`auto_generate` tinyint(1)
,`teams_per_match` int(10) unsigned
,`points_win` int(10) unsigned
,`points_draw` int(10) unsigned
,`points_loss` int(10) unsigned
,`status` enum('draft','registration','in_progress','completed','cancelled')
,`winner_team_id` int(10) unsigned
,`public_token` varchar(64)
,`is_public` tinyint(1)
,`created_by` int(10) unsigned
,`created_at` timestamp
,`updated_at` timestamp
,`team_count` bigint(21)
,`match_count` bigint(21)
,`completed_matches` decimal(22,0)
,`created_by_name` varchar(100)
);

-- --------------------------------------------------------

--
-- Structure for view `v_attendance_summary`
--
DROP TABLE IF EXISTS `v_attendance_summary`;

CREATE ALGORITHM=UNDEFINED DEFINER=`u402628076_pe_school`@`127.0.0.1` SQL SECURITY DEFINER VIEW `v_attendance_summary`  AS SELECT `s`.`id` AS `student_id`, `s`.`name` AS `student_name`, `s`.`class_id` AS `class_id`, concat(`g`.`name`,' - ',`c`.`name`) AS `full_class_name`, sum(case when `a`.`status` = 'present' then 1 else 0 end) AS `present_count`, sum(case when `a`.`status` = 'absent' then 1 else 0 end) AS `absent_count`, sum(case when `a`.`status` = 'late' then 1 else 0 end) AS `late_count`, count(`a`.`id`) AS `total_records` FROM (((`students` `s` join `classes` `c` on(`s`.`class_id` = `c`.`id`)) join `grades` `g` on(`c`.`grade_id` = `g`.`id`)) left join `attendance` `a` on(`a`.`student_id` = `s`.`id`)) WHERE `s`.`active` = 1 GROUP BY `s`.`id`, `s`.`name`, `s`.`class_id`, concat(`g`.`name`,' - ',`c`.`name`) ;

-- --------------------------------------------------------

--
-- Structure for view `v_class_rankings`
--
DROP TABLE IF EXISTS `v_class_rankings`;

CREATE ALGORITHM=UNDEFINED DEFINER=`u402628076_pe_school`@`localhost` SQL SECURITY DEFINER VIEW `v_class_rankings`  AS SELECT `c`.`id` AS `class_id`, `c`.`name` AS `class_name`, `g`.`name` AS `grade_name`, concat(`g`.`name`,' - ',`c`.`name`) AS `full_name`, count(distinct `s`.`id`) AS `students_count`, coalesce(avg(`sf`.`score`),0) AS `avg_score`, coalesce(sum(`sf`.`score`),0) AS `total_score`, round(coalesce(avg(`sf`.`score`),0) * 10,0) AS `points` FROM (((`classes` `c` join `grades` `g` on(`c`.`grade_id` = `g`.`id`)) left join `students` `s` on(`s`.`class_id` = `c`.`id` and `s`.`active` = 1)) left join `student_fitness` `sf` on(`sf`.`student_id` = `s`.`id`)) WHERE `c`.`active` = 1 GROUP BY `c`.`id` ORDER BY coalesce(avg(`sf`.`score`),0) DESC ;

-- --------------------------------------------------------

--
-- Structure for view `v_matches_full`
--
DROP TABLE IF EXISTS `v_matches_full`;

CREATE ALGORITHM=UNDEFINED DEFINER=`root`@`localhost` SQL SECURITY DEFINER VIEW `v_matches_full`  AS SELECT `m`.`id` AS `id`, `m`.`tournament_id` AS `tournament_id`, `m`.`school_id` AS `school_id`, `m`.`round_number` AS `round_number`, `m`.`match_number` AS `match_number`, `m`.`bracket_type` AS `bracket_type`, `m`.`team1_id` AS `team1_id`, `m`.`team2_id` AS `team2_id`, `m`.`team1_score` AS `team1_score`, `m`.`team2_score` AS `team2_score`, `m`.`winner_team_id` AS `winner_team_id`, `m`.`loser_team_id` AS `loser_team_id`, `m`.`is_bye` AS `is_bye`, `m`.`match_date` AS `match_date`, `m`.`match_time` AS `match_time`, `m`.`venue` AS `venue`, `m`.`status` AS `status`, `m`.`next_match_id` AS `next_match_id`, `m`.`next_match_slot` AS `next_match_slot`, `m`.`loser_next_match_id` AS `loser_next_match_id`, `m`.`loser_next_match_slot` AS `loser_next_match_slot`, `m`.`notes` AS `notes`, `m`.`man_of_match_student_id` AS `man_of_match_student_id`, `m`.`man_of_match_name` AS `man_of_match_name`, `m`.`created_at` AS `created_at`, `m`.`updated_at` AS `updated_at`, `m`.`group_name` AS `group_name`, `t`.`name` AS `tournament_name`, `t`.`type` AS `tournament_type`, `t1`.`team_name` AS `team1_name`, `t1`.`team_color` AS `team1_color`, `t2`.`team_name` AS `team2_name`, `t2`.`team_color` AS `team2_color`, `w`.`team_name` AS `winner_name` FROM ((((`matches` `m` join `tournaments` `t` on(`m`.`tournament_id` = `t`.`id`)) left join `tournament_teams` `t1` on(`m`.`team1_id` = `t1`.`id`)) left join `tournament_teams` `t2` on(`m`.`team2_id` = `t2`.`id`)) left join `tournament_teams` `w` on(`m`.`winner_team_id` = `w`.`id`)) ;

-- --------------------------------------------------------

--
-- Structure for view `v_standings_full`
--
DROP TABLE IF EXISTS `v_standings_full`;

CREATE ALGORITHM=UNDEFINED DEFINER=`root`@`localhost` SQL SECURITY DEFINER VIEW `v_standings_full`  AS SELECT `s`.`id` AS `id`, `s`.`tournament_id` AS `tournament_id`, `s`.`school_id` AS `school_id`, `s`.`team_id` AS `team_id`, `s`.`played` AS `played`, `s`.`wins` AS `wins`, `s`.`draws` AS `draws`, `s`.`losses` AS `losses`, `s`.`goals_for` AS `goals_for`, `s`.`goals_against` AS `goals_against`, `s`.`goal_difference` AS `goal_difference`, `s`.`points` AS `points`, `s`.`form` AS `form`, `s`.`last_updated` AS `last_updated`, `s`.`group_name` AS `group_name`, `tt`.`team_name` AS `team_name`, `tt`.`team_color` AS `team_color`, `tt`.`class_id` AS `class_id`, `c`.`name` AS `class_name`, `t`.`name` AS `tournament_name`, `t`.`type` AS `tournament_type` FROM (((`standings` `s` join `tournament_teams` `tt` on(`s`.`team_id` = `tt`.`id`)) join `tournaments` `t` on(`s`.`tournament_id` = `t`.`id`)) left join `classes` `c` on(`tt`.`class_id` = `c`.`id`)) ORDER BY `s`.`tournament_id` ASC, `s`.`points` DESC, `s`.`goal_difference` DESC, `s`.`goals_for` DESC ;

-- --------------------------------------------------------

--
-- Structure for view `v_students_full`
--
DROP TABLE IF EXISTS `v_students_full`;

CREATE ALGORITHM=UNDEFINED DEFINER=`u402628076_pe_school`@`localhost` SQL SECURITY DEFINER VIEW `v_students_full`  AS SELECT `s`.`id` AS `id`, `s`.`name` AS `name`, `s`.`student_number` AS `student_number`, `s`.`class_id` AS `class_id`, `s`.`active` AS `active`, `s`.`date_of_birth` AS `date_of_birth`, `s`.`blood_type` AS `blood_type`, `s`.`guardian_phone` AS `guardian_phone`, `s`.`medical_notes` AS `medical_notes`, `c`.`name` AS `class_name`, `c`.`section` AS `section`, `c`.`grade_id` AS `grade_id`, `g`.`name` AS `grade_name`, `g`.`code` AS `grade_code`, concat(`g`.`name`,' - ',`c`.`name`) AS `full_class_name`, timestampdiff(YEAR,`s`.`date_of_birth`,curdate()) AS `age` FROM ((`students` `s` join `classes` `c` on(`s`.`class_id` = `c`.`id`)) join `grades` `g` on(`c`.`grade_id` = `g`.`id`)) ;

-- --------------------------------------------------------

--
-- Structure for view `v_student_latest_measurements`
--
DROP TABLE IF EXISTS `v_student_latest_measurements`;

CREATE ALGORITHM=UNDEFINED DEFINER=`u402628076_pe_school`@`localhost` SQL SECURITY DEFINER VIEW `v_student_latest_measurements`  AS SELECT `sm`.`id` AS `id`, `sm`.`student_id` AS `student_id`, `sm`.`measurement_date` AS `measurement_date`, `sm`.`height_cm` AS `height_cm`, `sm`.`weight_kg` AS `weight_kg`, `sm`.`bmi` AS `bmi`, `sm`.`bmi_category` AS `bmi_category`, `sm`.`waist_cm` AS `waist_cm`, `sm`.`resting_heart_rate` AS `resting_heart_rate`, `sm`.`notes` AS `notes`, `sm`.`recorded_by` AS `recorded_by`, `sm`.`created_at` AS `created_at`, `sm`.`updated_at` AS `updated_at` FROM (`student_measurements` `sm` join (select `student_measurements`.`student_id` AS `student_id`,max(`student_measurements`.`measurement_date`) AS `latest_date` from `student_measurements` group by `student_measurements`.`student_id`) `latest` on(`sm`.`student_id` = `latest`.`student_id` and `sm`.`measurement_date` = `latest`.`latest_date`)) ;

-- --------------------------------------------------------

--
-- Structure for view `v_tournaments_summary`
--
DROP TABLE IF EXISTS `v_tournaments_summary`;

CREATE ALGORITHM=UNDEFINED DEFINER=`root`@`localhost` SQL SECURITY DEFINER VIEW `v_tournaments_summary`  AS SELECT `t`.`id` AS `id`, `t`.`school_id` AS `school_id`, `t`.`name` AS `name`, `t`.`description` AS `description`, `t`.`type` AS `type`, `t`.`team_mode` AS `team_mode`, `t`.`sport_type` AS `sport_type`, `t`.`start_date` AS `start_date`, `t`.`end_date` AS `end_date`, `t`.`randomize_teams` AS `randomize_teams`, `t`.`balance_method` AS `balance_method`, `t`.`auto_generate` AS `auto_generate`, `t`.`teams_per_match` AS `teams_per_match`, `t`.`points_win` AS `points_win`, `t`.`points_draw` AS `points_draw`, `t`.`points_loss` AS `points_loss`, `t`.`status` AS `status`, `t`.`winner_team_id` AS `winner_team_id`, `t`.`public_token` AS `public_token`, `t`.`is_public` AS `is_public`, `t`.`created_by` AS `created_by`, `t`.`created_at` AS `created_at`, `t`.`updated_at` AS `updated_at`, count(distinct `tt`.`id`) AS `team_count`, count(distinct `m`.`id`) AS `match_count`, sum(case when `m`.`status` = 'completed' then 1 else 0 end) AS `completed_matches`, `u`.`name` AS `created_by_name` FROM (((`tournaments` `t` left join `tournament_teams` `tt` on(`tt`.`tournament_id` = `t`.`id`)) left join `matches` `m` on(`m`.`tournament_id` = `t`.`id`)) left join `users` `u` on(`u`.`id` = `t`.`created_by`)) GROUP BY `t`.`id` ;

--
-- Indexes for dumped tables
--

--
-- Indexes for table `activity_log`
--
ALTER TABLE `activity_log`
  ADD PRIMARY KEY (`id`),
  ADD KEY `idx_user` (`user_id`),
  ADD KEY `idx_action` (`action`),
  ADD KEY `idx_created` (`created_at`),
  ADD KEY `idx_activity_log_school` (`school_id`);

--
-- Indexes for table `attendance`
--
ALTER TABLE `attendance`
  ADD PRIMARY KEY (`id`),
  ADD UNIQUE KEY `uk_student_date` (`student_id`,`attendance_date`),
  ADD KEY `idx_date` (`attendance_date`),
  ADD KEY `idx_status` (`status`),
  ADD KEY `fk_attendance_user` (`recorded_by`);

--
-- Indexes for table `badges`
--
ALTER TABLE `badges`
  ADD PRIMARY KEY (`id`),
  ADD KEY `idx_badges_school` (`school_id`);

--
-- Indexes for table `classes`
--
ALTER TABLE `classes`
  ADD PRIMARY KEY (`id`),
  ADD KEY `idx_grade` (`grade_id`),
  ADD KEY `idx_active` (`active`),
  ADD KEY `fk_classes_created_by` (`created_by`),
  ADD KEY `idx_classes_school` (`school_id`);

--
-- Indexes for table `class_points`
--
ALTER TABLE `class_points`
  ADD PRIMARY KEY (`id`),
  ADD UNIQUE KEY `uk_class` (`class_id`);

--
-- Indexes for table `fitness_criteria`
--
ALTER TABLE `fitness_criteria`
  ADD PRIMARY KEY (`id`),
  ADD KEY `fk_criteria_test` (`test_id`);

--
-- Indexes for table `fitness_tests`
--
ALTER TABLE `fitness_tests`
  ADD PRIMARY KEY (`id`),
  ADD KEY `idx_active` (`active`),
  ADD KEY `idx_fitness_tests_school` (`school_id`);

--
-- Indexes for table `grades`
--
ALTER TABLE `grades`
  ADD PRIMARY KEY (`id`),
  ADD KEY `idx_active` (`active`),
  ADD KEY `idx_sort` (`sort_order`),
  ADD KEY `idx_grades_school` (`school_id`);

--
-- Indexes for table `matches`
--
ALTER TABLE `matches`
  ADD PRIMARY KEY (`id`),
  ADD KEY `idx_tournament` (`tournament_id`),
  ADD KEY `idx_round` (`round_number`),
  ADD KEY `idx_bracket` (`bracket_type`),
  ADD KEY `idx_status` (`status`),
  ADD KEY `idx_teams` (`team1_id`,`team2_id`),
  ADD KEY `idx_winner` (`winner_team_id`),
  ADD KEY `idx_next_match` (`next_match_id`),
  ADD KEY `fk_m_team2` (`team2_id`),
  ADD KEY `fk_m_loser` (`loser_team_id`),
  ADD KEY `fk_m_loser_next` (`loser_next_match_id`),
  ADD KEY `idx_saas_school` (`school_id`);

--
-- Indexes for table `match_events`
--
ALTER TABLE `match_events`
  ADD PRIMARY KEY (`id`),
  ADD KEY `idx_match` (`match_id`),
  ADD KEY `idx_team` (`team_id`),
  ADD KEY `idx_student` (`student_id`),
  ADD KEY `idx_event_type` (`event_type`);

--
-- Indexes for table `match_media`
--
ALTER TABLE `match_media`
  ADD PRIMARY KEY (`id`),
  ADD KEY `idx_mm_match` (`match_id`);

--
-- Indexes for table `notifications`
--
ALTER TABLE `notifications`
  ADD PRIMARY KEY (`id`),
  ADD KEY `idx_notif_parent` (`parent_id`),
  ADD KEY `idx_notif_read` (`parent_id`,`is_read`),
  ADD KEY `fk_notif_student` (`student_id`);

--
-- Indexes for table `parents`
--
ALTER TABLE `parents`
  ADD PRIMARY KEY (`id`),
  ADD UNIQUE KEY `uk_school_parent_username` (`school_id`,`username`),
  ADD KEY `idx_parents_school` (`school_id`);

--
-- Indexes for table `parent_students`
--
ALTER TABLE `parent_students`
  ADD PRIMARY KEY (`id`),
  ADD UNIQUE KEY `uk_parent_student` (`parent_id`,`student_id`),
  ADD KEY `idx_ps_parent` (`parent_id`),
  ADD KEY `idx_ps_student` (`student_id`);

--
-- Indexes for table `plans`
--
ALTER TABLE `plans`
  ADD PRIMARY KEY (`id`),
  ADD UNIQUE KEY `uk_plan_slug` (`slug`);

--
-- Indexes for table `platform_admins`
--
ALTER TABLE `platform_admins`
  ADD PRIMARY KEY (`id`),
  ADD UNIQUE KEY `uk_platform_admin_username` (`username`);

--
-- Indexes for table `schools`
--
ALTER TABLE `schools`
  ADD PRIMARY KEY (`id`),
  ADD UNIQUE KEY `uk_school_slug` (`slug`),
  ADD KEY `idx_school_status` (`subscription_status`),
  ADD KEY `idx_school_active` (`active`),
  ADD KEY `fk_school_plan` (`plan_id`);

--
-- Indexes for table `sports_teams`
--
ALTER TABLE `sports_teams`
  ADD PRIMARY KEY (`id`),
  ADD KEY `idx_sport` (`sport_type`),
  ADD KEY `idx_type` (`team_type`),
  ADD KEY `idx_active` (`is_active`),
  ADD KEY `idx_sports_teams_school` (`school_id`);

--
-- Indexes for table `standings`
--
ALTER TABLE `standings`
  ADD PRIMARY KEY (`id`),
  ADD UNIQUE KEY `uk_tournament_team` (`tournament_id`,`team_id`),
  ADD KEY `idx_points` (`points`,`goal_difference`,`goals_for`),
  ADD KEY `fk_s_team` (`team_id`),
  ADD KEY `idx_saas_school` (`school_id`);

--
-- Indexes for table `students`
--
ALTER TABLE `students`
  ADD PRIMARY KEY (`id`),
  ADD UNIQUE KEY `uk_school_student_number` (`school_id`,`student_number`),
  ADD KEY `idx_class` (`class_id`),
  ADD KEY `idx_active` (`active`),
  ADD KEY `idx_name` (`name`),
  ADD KEY `idx_dob` (`date_of_birth`),
  ADD KEY `idx_students_school` (`school_id`);

--
-- Indexes for table `student_badges`
--
ALTER TABLE `student_badges`
  ADD PRIMARY KEY (`id`);

--
-- Indexes for table `student_fitness`
--
ALTER TABLE `student_fitness`
  ADD PRIMARY KEY (`id`),
  ADD UNIQUE KEY `uk_student_test` (`student_id`,`test_id`),
  ADD KEY `idx_test` (`test_id`),
  ADD KEY `idx_score` (`score`),
  ADD KEY `fk_fitness_user` (`recorded_by`);

--
-- Indexes for table `student_health`
--
ALTER TABLE `student_health`
  ADD PRIMARY KEY (`id`),
  ADD KEY `idx_student` (`student_id`),
  ADD KEY `idx_type` (`condition_type`),
  ADD KEY `idx_active` (`is_active`),
  ADD KEY `idx_severity` (`severity`),
  ADD KEY `fk_health_user` (`recorded_by`);

--
-- Indexes for table `student_measurements`
--
ALTER TABLE `student_measurements`
  ADD PRIMARY KEY (`id`),
  ADD KEY `idx_student` (`student_id`),
  ADD KEY `idx_date` (`measurement_date`),
  ADD KEY `idx_bmi` (`bmi_category`),
  ADD KEY `fk_measurements_user` (`recorded_by`);

--
-- Indexes for table `student_teams`
--
ALTER TABLE `student_teams`
  ADD PRIMARY KEY (`id`),
  ADD KEY `idx_tournament_team` (`tournament_team_id`),
  ADD KEY `idx_captain` (`captain_student_id`);

--
-- Indexes for table `student_team_members`
--
ALTER TABLE `student_team_members`
  ADD PRIMARY KEY (`id`),
  ADD UNIQUE KEY `uk_team_student` (`student_team_id`,`student_id`),
  ADD KEY `idx_student` (`student_id`);

--
-- Indexes for table `teacher_classes`
--
ALTER TABLE `teacher_classes`
  ADD PRIMARY KEY (`id`),
  ADD UNIQUE KEY `uk_teacher_class` (`teacher_id`,`class_id`),
  ADD KEY `idx_teacher` (`teacher_id`),
  ADD KEY `idx_class` (`class_id`),
  ADD KEY `idx_temp` (`is_temporary`),
  ADD KEY `fk_tc_assigned` (`assigned_by`);

--
-- Indexes for table `team_members`
--
ALTER TABLE `team_members`
  ADD PRIMARY KEY (`id`),
  ADD UNIQUE KEY `uk_team_student` (`team_id`,`student_id`),
  ADD KEY `idx_team` (`team_id`),
  ADD KEY `idx_student` (`student_id`);

--
-- Indexes for table `tournaments`
--
ALTER TABLE `tournaments`
  ADD PRIMARY KEY (`id`),
  ADD UNIQUE KEY `public_token` (`public_token`),
  ADD KEY `idx_status` (`status`),
  ADD KEY `idx_type` (`type`),
  ADD KEY `idx_dates` (`start_date`,`end_date`),
  ADD KEY `idx_created_by` (`created_by`),
  ADD KEY `idx_tournaments_school` (`school_id`);

--
-- Indexes for table `tournament_player_stats`
--
ALTER TABLE `tournament_player_stats`
  ADD PRIMARY KEY (`id`),
  ADD UNIQUE KEY `uk_tps_tour_student` (`tournament_id`,`student_id`),
  ADD KEY `idx_tps_goals` (`goals`),
  ADD KEY `idx_tps_mom` (`man_of_match`),
  ADD KEY `idx_saas_school` (`school_id`);

--
-- Indexes for table `tournament_teams`
--
ALTER TABLE `tournament_teams`
  ADD PRIMARY KEY (`id`),
  ADD KEY `idx_tournament` (`tournament_id`),
  ADD KEY `idx_class` (`class_id`),
  ADD KEY `idx_eliminated` (`is_eliminated`),
  ADD KEY `idx_seed` (`seed_number`);

--
-- Indexes for table `training_attendance`
--
ALTER TABLE `training_attendance`
  ADD PRIMARY KEY (`id`),
  ADD UNIQUE KEY `uk_session_student` (`session_id`,`student_id`),
  ADD KEY `idx_session` (`session_id`),
  ADD KEY `idx_student` (`student_id`);

--
-- Indexes for table `training_sessions`
--
ALTER TABLE `training_sessions`
  ADD PRIMARY KEY (`id`),
  ADD KEY `idx_team` (`team_id`),
  ADD KEY `idx_date` (`session_date`);

--
-- Indexes for table `users`
--
ALTER TABLE `users`
  ADD PRIMARY KEY (`id`),
  ADD UNIQUE KEY `uk_school_username` (`school_id`,`username`),
  ADD KEY `idx_role` (`role`),
  ADD KEY `idx_active` (`active`),
  ADD KEY `idx_users_school` (`school_id`);

--
-- AUTO_INCREMENT for dumped tables
--

--
-- AUTO_INCREMENT for table `activity_log`
--
ALTER TABLE `activity_log`
  MODIFY `id` int(10) UNSIGNED NOT NULL AUTO_INCREMENT, AUTO_INCREMENT=525;

--
-- AUTO_INCREMENT for table `attendance`
--
ALTER TABLE `attendance`
  MODIFY `id` int(10) UNSIGNED NOT NULL AUTO_INCREMENT, AUTO_INCREMENT=283;

--
-- AUTO_INCREMENT for table `badges`
--
ALTER TABLE `badges`
  MODIFY `id` int(11) NOT NULL AUTO_INCREMENT, AUTO_INCREMENT=7;

--
-- AUTO_INCREMENT for table `classes`
--
ALTER TABLE `classes`
  MODIFY `id` int(10) UNSIGNED NOT NULL AUTO_INCREMENT, AUTO_INCREMENT=11;

--
-- AUTO_INCREMENT for table `class_points`
--
ALTER TABLE `class_points`
  MODIFY `id` int(10) UNSIGNED NOT NULL AUTO_INCREMENT, AUTO_INCREMENT=20;

--
-- AUTO_INCREMENT for table `fitness_criteria`
--
ALTER TABLE `fitness_criteria`
  MODIFY `id` int(10) UNSIGNED NOT NULL AUTO_INCREMENT, AUTO_INCREMENT=7;

--
-- AUTO_INCREMENT for table `fitness_tests`
--
ALTER TABLE `fitness_tests`
  MODIFY `id` int(10) UNSIGNED NOT NULL AUTO_INCREMENT, AUTO_INCREMENT=6;

--
-- AUTO_INCREMENT for table `grades`
--
ALTER TABLE `grades`
  MODIFY `id` int(10) UNSIGNED NOT NULL AUTO_INCREMENT, AUTO_INCREMENT=6;

--
-- AUTO_INCREMENT for table `matches`
--
ALTER TABLE `matches`
  MODIFY `id` int(10) UNSIGNED NOT NULL AUTO_INCREMENT, AUTO_INCREMENT=856;

--
-- AUTO_INCREMENT for table `match_events`
--
ALTER TABLE `match_events`
  MODIFY `id` int(10) UNSIGNED NOT NULL AUTO_INCREMENT;

--
-- AUTO_INCREMENT for table `match_media`
--
ALTER TABLE `match_media`
  MODIFY `id` int(10) UNSIGNED NOT NULL AUTO_INCREMENT, AUTO_INCREMENT=2;

--
-- AUTO_INCREMENT for table `notifications`
--
ALTER TABLE `notifications`
  MODIFY `id` int(10) UNSIGNED NOT NULL AUTO_INCREMENT, AUTO_INCREMENT=26;

--
-- AUTO_INCREMENT for table `parents`
--
ALTER TABLE `parents`
  MODIFY `id` int(10) UNSIGNED NOT NULL AUTO_INCREMENT, AUTO_INCREMENT=3;

--
-- AUTO_INCREMENT for table `parent_students`
--
ALTER TABLE `parent_students`
  MODIFY `id` int(10) UNSIGNED NOT NULL AUTO_INCREMENT, AUTO_INCREMENT=6;

--
-- AUTO_INCREMENT for table `plans`
--
ALTER TABLE `plans`
  MODIFY `id` int(10) UNSIGNED NOT NULL AUTO_INCREMENT, AUTO_INCREMENT=5;

--
-- AUTO_INCREMENT for table `platform_admins`
--
ALTER TABLE `platform_admins`
  MODIFY `id` int(10) UNSIGNED NOT NULL AUTO_INCREMENT, AUTO_INCREMENT=2;

--
-- AUTO_INCREMENT for table `schools`
--
ALTER TABLE `schools`
  MODIFY `id` int(10) UNSIGNED NOT NULL AUTO_INCREMENT, AUTO_INCREMENT=3;

--
-- AUTO_INCREMENT for table `sports_teams`
--
ALTER TABLE `sports_teams`
  MODIFY `id` int(10) UNSIGNED NOT NULL AUTO_INCREMENT, AUTO_INCREMENT=15;

--
-- AUTO_INCREMENT for table `standings`
--
ALTER TABLE `standings`
  MODIFY `id` int(10) UNSIGNED NOT NULL AUTO_INCREMENT, AUTO_INCREMENT=91;

--
-- AUTO_INCREMENT for table `students`
--
ALTER TABLE `students`
  MODIFY `id` int(10) UNSIGNED NOT NULL AUTO_INCREMENT, AUTO_INCREMENT=171;

--
-- AUTO_INCREMENT for table `student_badges`
--
ALTER TABLE `student_badges`
  MODIFY `id` int(11) NOT NULL AUTO_INCREMENT, AUTO_INCREMENT=15;

--
-- AUTO_INCREMENT for table `student_fitness`
--
ALTER TABLE `student_fitness`
  MODIFY `id` int(10) UNSIGNED NOT NULL AUTO_INCREMENT, AUTO_INCREMENT=197;

--
-- AUTO_INCREMENT for table `student_health`
--
ALTER TABLE `student_health`
  MODIFY `id` int(10) UNSIGNED NOT NULL AUTO_INCREMENT, AUTO_INCREMENT=14;

--
-- AUTO_INCREMENT for table `student_measurements`
--
ALTER TABLE `student_measurements`
  MODIFY `id` int(10) UNSIGNED NOT NULL AUTO_INCREMENT, AUTO_INCREMENT=96;

--
-- AUTO_INCREMENT for table `student_teams`
--
ALTER TABLE `student_teams`
  MODIFY `id` int(10) UNSIGNED NOT NULL AUTO_INCREMENT, AUTO_INCREMENT=7;

--
-- AUTO_INCREMENT for table `student_team_members`
--
ALTER TABLE `student_team_members`
  MODIFY `id` int(10) UNSIGNED NOT NULL AUTO_INCREMENT, AUTO_INCREMENT=30;

--
-- AUTO_INCREMENT for table `teacher_classes`
--
ALTER TABLE `teacher_classes`
  MODIFY `id` int(10) UNSIGNED NOT NULL AUTO_INCREMENT, AUTO_INCREMENT=13;

--
-- AUTO_INCREMENT for table `team_members`
--
ALTER TABLE `team_members`
  MODIFY `id` int(10) UNSIGNED NOT NULL AUTO_INCREMENT, AUTO_INCREMENT=167;

--
-- AUTO_INCREMENT for table `tournaments`
--
ALTER TABLE `tournaments`
  MODIFY `id` int(10) UNSIGNED NOT NULL AUTO_INCREMENT, AUTO_INCREMENT=27;

--
-- AUTO_INCREMENT for table `tournament_player_stats`
--
ALTER TABLE `tournament_player_stats`
  MODIFY `id` int(10) UNSIGNED NOT NULL AUTO_INCREMENT, AUTO_INCREMENT=9;

--
-- AUTO_INCREMENT for table `tournament_teams`
--
ALTER TABLE `tournament_teams`
  MODIFY `id` int(10) UNSIGNED NOT NULL AUTO_INCREMENT, AUTO_INCREMENT=160;

--
-- AUTO_INCREMENT for table `training_attendance`
--
ALTER TABLE `training_attendance`
  MODIFY `id` int(10) UNSIGNED NOT NULL AUTO_INCREMENT;

--
-- AUTO_INCREMENT for table `training_sessions`
--
ALTER TABLE `training_sessions`
  MODIFY `id` int(10) UNSIGNED NOT NULL AUTO_INCREMENT;

--
-- AUTO_INCREMENT for table `users`
--
ALTER TABLE `users`
  MODIFY `id` int(10) UNSIGNED NOT NULL AUTO_INCREMENT, AUTO_INCREMENT=15;

--
-- قيود الجداول المُلقاة.
--

--
-- قيود الجداول `activity_log`
--
ALTER TABLE `activity_log`
  ADD CONSTRAINT `fk_log_user` FOREIGN KEY (`user_id`) REFERENCES `users` (`id`) ON DELETE SET NULL ON UPDATE CASCADE;

--
-- قيود الجداول `attendance`
--
ALTER TABLE `attendance`
  ADD CONSTRAINT `fk_attendance_student` FOREIGN KEY (`student_id`) REFERENCES `students` (`id`) ON DELETE CASCADE ON UPDATE CASCADE,
  ADD CONSTRAINT `fk_attendance_user` FOREIGN KEY (`recorded_by`) REFERENCES `users` (`id`) ON DELETE SET NULL ON UPDATE CASCADE;

--
-- قيود الجداول `classes`
--
ALTER TABLE `classes`
  ADD CONSTRAINT `fk_classes_created_by` FOREIGN KEY (`created_by`) REFERENCES `users` (`id`) ON DELETE SET NULL,
  ADD CONSTRAINT `fk_classes_grade` FOREIGN KEY (`grade_id`) REFERENCES `grades` (`id`) ON DELETE CASCADE ON UPDATE CASCADE;

--
-- قيود الجداول `class_points`
--
ALTER TABLE `class_points`
  ADD CONSTRAINT `fk_points_class` FOREIGN KEY (`class_id`) REFERENCES `classes` (`id`) ON DELETE CASCADE ON UPDATE CASCADE;

--
-- قيود الجداول `fitness_criteria`
--
ALTER TABLE `fitness_criteria`
  ADD CONSTRAINT `fk_criteria_test` FOREIGN KEY (`test_id`) REFERENCES `fitness_tests` (`id`) ON DELETE CASCADE;

--
-- قيود الجداول `matches`
--
ALTER TABLE `matches`
  ADD CONSTRAINT `fk_m_loser` FOREIGN KEY (`loser_team_id`) REFERENCES `tournament_teams` (`id`) ON DELETE SET NULL ON UPDATE CASCADE,
  ADD CONSTRAINT `fk_m_loser_next` FOREIGN KEY (`loser_next_match_id`) REFERENCES `matches` (`id`) ON DELETE SET NULL ON UPDATE CASCADE,
  ADD CONSTRAINT `fk_m_next` FOREIGN KEY (`next_match_id`) REFERENCES `matches` (`id`) ON DELETE SET NULL ON UPDATE CASCADE,
  ADD CONSTRAINT `fk_m_team1` FOREIGN KEY (`team1_id`) REFERENCES `tournament_teams` (`id`) ON DELETE SET NULL ON UPDATE CASCADE,
  ADD CONSTRAINT `fk_m_team2` FOREIGN KEY (`team2_id`) REFERENCES `tournament_teams` (`id`) ON DELETE SET NULL ON UPDATE CASCADE,
  ADD CONSTRAINT `fk_m_tournament` FOREIGN KEY (`tournament_id`) REFERENCES `tournaments` (`id`) ON DELETE CASCADE ON UPDATE CASCADE,
  ADD CONSTRAINT `fk_m_winner` FOREIGN KEY (`winner_team_id`) REFERENCES `tournament_teams` (`id`) ON DELETE SET NULL ON UPDATE CASCADE;

--
-- قيود الجداول `match_events`
--
ALTER TABLE `match_events`
  ADD CONSTRAINT `fk_me_match` FOREIGN KEY (`match_id`) REFERENCES `matches` (`id`) ON DELETE CASCADE ON UPDATE CASCADE,
  ADD CONSTRAINT `fk_me_student` FOREIGN KEY (`student_id`) REFERENCES `students` (`id`) ON DELETE SET NULL ON UPDATE CASCADE,
  ADD CONSTRAINT `fk_me_team` FOREIGN KEY (`team_id`) REFERENCES `tournament_teams` (`id`) ON DELETE CASCADE ON UPDATE CASCADE;

--
-- قيود الجداول `match_media`
--
ALTER TABLE `match_media`
  ADD CONSTRAINT `fk_mm_match` FOREIGN KEY (`match_id`) REFERENCES `matches` (`id`) ON DELETE CASCADE ON UPDATE CASCADE;

--
-- قيود الجداول `notifications`
--
ALTER TABLE `notifications`
  ADD CONSTRAINT `fk_notif_parent` FOREIGN KEY (`parent_id`) REFERENCES `parents` (`id`) ON DELETE CASCADE,
  ADD CONSTRAINT `fk_notif_student` FOREIGN KEY (`student_id`) REFERENCES `students` (`id`) ON DELETE SET NULL;

--
-- قيود الجداول `parent_students`
--
ALTER TABLE `parent_students`
  ADD CONSTRAINT `fk_ps_parent` FOREIGN KEY (`parent_id`) REFERENCES `parents` (`id`) ON DELETE CASCADE;

--
-- قيود الجداول `schools`
--
ALTER TABLE `schools`
  ADD CONSTRAINT `fk_school_plan` FOREIGN KEY (`plan_id`) REFERENCES `plans` (`id`) ON DELETE SET NULL;

--
-- قيود الجداول `standings`
--
ALTER TABLE `standings`
  ADD CONSTRAINT `fk_s_team` FOREIGN KEY (`team_id`) REFERENCES `tournament_teams` (`id`) ON DELETE CASCADE ON UPDATE CASCADE,
  ADD CONSTRAINT `fk_s_tournament` FOREIGN KEY (`tournament_id`) REFERENCES `tournaments` (`id`) ON DELETE CASCADE ON UPDATE CASCADE;

--
-- قيود الجداول `students`
--
ALTER TABLE `students`
  ADD CONSTRAINT `fk_students_class` FOREIGN KEY (`class_id`) REFERENCES `classes` (`id`) ON DELETE CASCADE ON UPDATE CASCADE;

--
-- قيود الجداول `student_fitness`
--
ALTER TABLE `student_fitness`
  ADD CONSTRAINT `fk_fitness_student` FOREIGN KEY (`student_id`) REFERENCES `students` (`id`) ON DELETE CASCADE ON UPDATE CASCADE,
  ADD CONSTRAINT `fk_fitness_test` FOREIGN KEY (`test_id`) REFERENCES `fitness_tests` (`id`) ON DELETE CASCADE ON UPDATE CASCADE,
  ADD CONSTRAINT `fk_fitness_user` FOREIGN KEY (`recorded_by`) REFERENCES `users` (`id`) ON DELETE SET NULL ON UPDATE CASCADE;

--
-- قيود الجداول `student_health`
--
ALTER TABLE `student_health`
  ADD CONSTRAINT `fk_health_student` FOREIGN KEY (`student_id`) REFERENCES `students` (`id`) ON DELETE CASCADE ON UPDATE CASCADE,
  ADD CONSTRAINT `fk_health_user` FOREIGN KEY (`recorded_by`) REFERENCES `users` (`id`) ON DELETE SET NULL ON UPDATE CASCADE;

--
-- قيود الجداول `student_measurements`
--
ALTER TABLE `student_measurements`
  ADD CONSTRAINT `fk_measurements_student` FOREIGN KEY (`student_id`) REFERENCES `students` (`id`) ON DELETE CASCADE ON UPDATE CASCADE,
  ADD CONSTRAINT `fk_measurements_user` FOREIGN KEY (`recorded_by`) REFERENCES `users` (`id`) ON DELETE SET NULL ON UPDATE CASCADE;

--
-- قيود الجداول `student_teams`
--
ALTER TABLE `student_teams`
  ADD CONSTRAINT `fk_st_captain` FOREIGN KEY (`captain_student_id`) REFERENCES `students` (`id`) ON DELETE SET NULL ON UPDATE CASCADE,
  ADD CONSTRAINT `fk_st_tournament_team` FOREIGN KEY (`tournament_team_id`) REFERENCES `tournament_teams` (`id`) ON DELETE CASCADE ON UPDATE CASCADE;

--
-- قيود الجداول `student_team_members`
--
ALTER TABLE `student_team_members`
  ADD CONSTRAINT `fk_stm_student` FOREIGN KEY (`student_id`) REFERENCES `students` (`id`) ON DELETE CASCADE ON UPDATE CASCADE,
  ADD CONSTRAINT `fk_stm_team` FOREIGN KEY (`student_team_id`) REFERENCES `student_teams` (`id`) ON DELETE CASCADE ON UPDATE CASCADE;

--
-- قيود الجداول `teacher_classes`
--
ALTER TABLE `teacher_classes`
  ADD CONSTRAINT `fk_tc_assigned` FOREIGN KEY (`assigned_by`) REFERENCES `users` (`id`) ON DELETE SET NULL,
  ADD CONSTRAINT `fk_tc_class` FOREIGN KEY (`class_id`) REFERENCES `classes` (`id`) ON DELETE CASCADE,
  ADD CONSTRAINT `fk_tc_teacher` FOREIGN KEY (`teacher_id`) REFERENCES `users` (`id`) ON DELETE CASCADE;

--
-- قيود الجداول `team_members`
--
ALTER TABLE `team_members`
  ADD CONSTRAINT `fk_tm_student` FOREIGN KEY (`student_id`) REFERENCES `students` (`id`) ON DELETE CASCADE,
  ADD CONSTRAINT `fk_tm_team` FOREIGN KEY (`team_id`) REFERENCES `sports_teams` (`id`) ON DELETE CASCADE;

--
-- قيود الجداول `tournament_player_stats`
--
ALTER TABLE `tournament_player_stats`
  ADD CONSTRAINT `fk_tps_tournament` FOREIGN KEY (`tournament_id`) REFERENCES `tournaments` (`id`) ON DELETE CASCADE ON UPDATE CASCADE;

--
-- قيود الجداول `tournament_teams`
--
ALTER TABLE `tournament_teams`
  ADD CONSTRAINT `fk_tt_class` FOREIGN KEY (`class_id`) REFERENCES `classes` (`id`) ON DELETE SET NULL ON UPDATE CASCADE,
  ADD CONSTRAINT `fk_tt_tournament` FOREIGN KEY (`tournament_id`) REFERENCES `tournaments` (`id`) ON DELETE CASCADE ON UPDATE CASCADE;

--
-- قيود الجداول `training_attendance`
--
ALTER TABLE `training_attendance`
  ADD CONSTRAINT `fk_ta_session` FOREIGN KEY (`session_id`) REFERENCES `training_sessions` (`id`) ON DELETE CASCADE,
  ADD CONSTRAINT `fk_ta_student` FOREIGN KEY (`student_id`) REFERENCES `students` (`id`) ON DELETE CASCADE;

--
-- قيود الجداول `training_sessions`
--
ALTER TABLE `training_sessions`
  ADD CONSTRAINT `fk_ts_team` FOREIGN KEY (`team_id`) REFERENCES `sports_teams` (`id`) ON DELETE CASCADE;
COMMIT;

/*!40101 SET CHARACTER_SET_CLIENT=@OLD_CHARACTER_SET_CLIENT */;
/*!40101 SET CHARACTER_SET_RESULTS=@OLD_CHARACTER_SET_RESULTS */;
/*!40101 SET COLLATION_CONNECTION=@OLD_COLLATION_CONNECTION */;
