-- MariaDB dump 10.19  Distrib 10.4.28-MariaDB, for osx10.10 (x86_64)
--
-- Host: localhost    Database: pe_smart_school
-- ------------------------------------------------------
-- Server version	10.4.28-MariaDB

/*!40101 SET @OLD_CHARACTER_SET_CLIENT=@@CHARACTER_SET_CLIENT */;
/*!40101 SET @OLD_CHARACTER_SET_RESULTS=@@CHARACTER_SET_RESULTS */;
/*!40101 SET @OLD_COLLATION_CONNECTION=@@COLLATION_CONNECTION */;
/*!40101 SET NAMES utf8mb4 */;
/*!40103 SET @OLD_TIME_ZONE=@@TIME_ZONE */;
/*!40103 SET TIME_ZONE='+00:00' */;
/*!40014 SET @OLD_UNIQUE_CHECKS=@@UNIQUE_CHECKS, UNIQUE_CHECKS=0 */;
/*!40014 SET @OLD_FOREIGN_KEY_CHECKS=@@FOREIGN_KEY_CHECKS, FOREIGN_KEY_CHECKS=0 */;
/*!40101 SET @OLD_SQL_MODE=@@SQL_MODE, SQL_MODE='NO_AUTO_VALUE_ON_ZERO' */;
/*!40111 SET @OLD_SQL_NOTES=@@SQL_NOTES, SQL_NOTES=0 */;

--
-- Table structure for table `activity_log`
--

DROP TABLE IF EXISTS `activity_log`;
/*!40101 SET @saved_cs_client     = @@character_set_client */;
/*!40101 SET character_set_client = utf8 */;
CREATE TABLE `activity_log` (
  `id` int(10) unsigned NOT NULL AUTO_INCREMENT,
  `school_id` int(10) unsigned DEFAULT NULL,
  `user_id` int(10) unsigned DEFAULT NULL,
  `action` varchar(50) NOT NULL,
  `entity_type` varchar(50) DEFAULT NULL,
  `entity_id` int(10) unsigned DEFAULT NULL,
  `details` text DEFAULT NULL,
  `ip_address` varchar(45) DEFAULT NULL,
  `created_at` timestamp NULL DEFAULT current_timestamp(),
  PRIMARY KEY (`id`),
  KEY `idx_user` (`user_id`),
  KEY `idx_action` (`action`),
  KEY `idx_created` (`created_at`),
  KEY `idx_activity_log_school` (`school_id`),
  CONSTRAINT `fk_log_user` FOREIGN KEY (`user_id`) REFERENCES `users` (`id`) ON DELETE SET NULL ON UPDATE CASCADE
) ENGINE=InnoDB AUTO_INCREMENT=1019 DEFAULT CHARSET=utf8mb4 COLLATE=utf8mb4_unicode_ci;
/*!40101 SET character_set_client = @saved_cs_client */;

--
-- Dumping data for table `activity_log`
--

LOCK TABLES `activity_log` WRITE;
/*!40000 ALTER TABLE `activity_log` DISABLE KEYS */;
INSERT INTO `activity_log` VALUES (3,1,1,'start','tournament',4,NULL,'188.49.112.189','2026-02-14 03:54:47'),(4,1,1,'match_result','match',153,'1 - 0','188.49.112.189','2026-02-14 03:55:12'),(5,1,1,'match_result','match',154,'1 - 0','188.49.112.189','2026-02-14 03:55:17'),(6,1,1,'match_result','match',155,'0 - 1','188.49.112.189','2026-02-14 03:55:27'),(7,1,1,'match_result','match',157,'0 - 1','188.49.112.189','2026-02-14 03:55:36'),(8,1,1,'complete','tournament',1,NULL,'188.49.112.189','2026-02-14 03:56:00'),(9,1,1,'create','tournament',5,'تجربةي','188.49.112.189','2026-02-14 03:56:31'),(10,1,1,'add_teams','tournament',5,'Added 7 classes','188.49.112.189','2026-02-14 03:56:51'),(11,1,1,'match_result','match',162,'1 - 0','188.49.112.189','2026-02-14 03:57:05'),(12,1,1,'match_result','match',163,'1 - 0','188.49.112.189','2026-02-14 03:57:27'),(13,1,1,'match_result','match',164,'1 - 0','188.49.112.189','2026-02-14 03:57:41'),(14,1,1,'match_result','match',166,'0 - 1','188.49.112.189','2026-02-14 03:58:03'),(15,1,1,'match_result','match',167,'1 - 0','188.49.112.189','2026-02-14 03:58:10'),(16,1,1,'match_result','match',168,'1 - 0','188.49.112.189','2026-02-14 03:58:20'),(17,1,1,'match_result','match',176,'1 - 0','188.49.112.189','2026-02-14 04:06:40'),(18,1,1,'match_result','match',177,'1 - 0','188.49.112.189','2026-02-14 04:06:45'),(19,1,1,'match_result','match',178,'1 - 0','188.49.112.189','2026-02-14 04:06:52'),(20,1,1,'match_result','match',180,'1 - 0','188.49.112.189','2026-02-14 04:07:03'),(21,1,1,'match_result','match',181,'1 - 0','188.49.112.189','2026-02-14 04:07:12'),(22,1,1,'match_result','match',182,'1 - 0','188.49.112.189','2026-02-14 04:07:19'),(23,1,1,'update','tournament',5,NULL,'188.49.112.189','2026-02-14 04:07:40'),(24,1,1,'match_result','match',267,'1 - 0','188.49.112.189','2026-02-14 04:14:12'),(25,1,1,'match_result','match',268,'1 - 0','188.49.112.189','2026-02-14 04:14:20'),(26,1,1,'match_result','match',269,'1 - 0','188.49.112.189','2026-02-14 04:14:28'),(27,1,1,'match_result','match',271,'1 - 0','188.49.112.189','2026-02-14 04:14:47'),(28,1,1,'match_result','match',272,'1 - 0','188.49.112.189','2026-02-14 04:15:05'),(29,1,1,'match_result','match',274,'1 - 0','188.49.112.189','2026-02-14 04:15:15'),(30,1,1,'match_result','match',276,'1 - 0','188.49.112.189','2026-02-14 04:15:29'),(31,1,1,'match_result','match',273,'1 - 0','188.49.112.189','2026-02-14 04:15:55'),(32,1,1,'match_result','match',281,'1 - 0','188.49.112.189','2026-02-14 04:23:41'),(33,1,1,'match_result','match',282,'1 - 0','188.49.112.189','2026-02-14 04:23:47'),(34,1,1,'match_result','match',283,'1 - 0','188.49.112.189','2026-02-14 04:23:51'),(35,1,1,'match_result','match',285,'1 - 0','188.49.112.189','2026-02-14 04:24:03'),(36,1,1,'match_result','match',295,'1 - 0','188.49.112.189','2026-02-14 04:25:13'),(37,1,1,'match_result','match',296,'1 - 0','188.49.112.189','2026-02-14 04:25:35'),(38,1,1,'match_result','match',297,'1 - 0','188.49.112.189','2026-02-14 04:25:47'),(39,1,1,'match_result','match',299,'1 - 0','188.49.112.189','2026-02-14 04:26:07'),(40,1,1,'login','user',1,NULL,'2a02:cb80:4144:bab1:6ce5:e2e:cbb2:6a8d','2026-02-14 14:41:16'),(41,1,1,'match_result','match',309,'1 - 0','2a02:cb80:4144:bab1:6ce5:e2e:cbb2:6a8d','2026-02-14 14:41:40'),(42,1,1,'match_result','match',310,'1 - 0','2a02:cb80:4144:bab1:6ce5:e2e:cbb2:6a8d','2026-02-14 14:42:02'),(43,1,1,'match_result','match',311,'0 - 1','2a02:cb80:4144:bab1:6ce5:e2e:cbb2:6a8d','2026-02-14 14:43:23'),(44,1,1,'login','user',1,NULL,'2001:16a2:c091:2a5:3955:e93c:964f:afd0','2026-02-14 15:21:50'),(45,1,1,'login','user',1,NULL,'46.153.169.14','2026-02-14 16:18:55'),(46,1,1,'logout','user',1,NULL,'46.153.169.14','2026-02-14 17:13:16'),(47,1,2,'login','user',2,NULL,'46.153.169.14','2026-02-14 17:13:30'),(48,1,1,'login','user',1,NULL,'46.153.169.14','2026-02-14 17:23:51'),(49,1,1,'login','user',1,NULL,'2a02:cb80:4144:bab1:6ce5:e2e:cbb2:6a8d','2026-02-14 17:56:33'),(50,1,1,'login','user',1,NULL,'2a02:cb80:4144:bab1:6ce5:e2e:cbb2:6a8d','2026-02-14 18:40:21'),(51,1,1,'login','user',1,NULL,'2a02:cb80:4144:bab1:7986:665b:f41:ee32','2026-02-14 19:42:19'),(52,1,1,'login','user',1,NULL,'2a02:cb80:4144:bab1:7986:665b:f41:ee32','2026-02-14 19:54:12'),(53,1,1,'login','user',1,NULL,'188.49.112.189','2026-02-14 20:20:44'),(54,1,1,'logout','user',1,NULL,'188.49.112.189','2026-02-14 20:21:29'),(55,1,1,'login','user',1,NULL,'188.49.112.189','2026-02-14 20:21:37'),(56,1,1,'match_result','match',323,'1 - 0','188.49.112.189','2026-02-14 21:04:40'),(57,1,1,'match_result','match',324,'1 - 0','188.49.112.189','2026-02-14 21:04:53'),(58,1,1,'match_result','match',325,'1 - 0','188.49.112.189','2026-02-14 21:05:10'),(59,1,1,'match_result','match',327,'1 - 0','188.49.112.189','2026-02-14 21:05:20'),(60,1,1,'match_result','match',328,'1 - 0','188.49.112.189','2026-02-14 21:05:33'),(61,1,1,'match_result','match',329,'1 - 0','188.49.112.189','2026-02-14 21:05:49'),(62,1,1,'match_result','match',353,'0 - 1','188.49.112.189','2026-02-14 21:08:53'),(63,1,1,'match_result','match',368,'0 - 1','188.49.112.189','2026-02-14 21:12:05'),(64,1,1,'update','tournament',5,NULL,'188.49.112.189','2026-02-14 21:22:02'),(65,1,1,'match_result','match',396,'1 - 0','188.49.112.189','2026-02-14 21:22:34'),(66,1,1,'update','tournament',5,NULL,'188.49.112.189','2026-02-14 21:24:16'),(67,1,1,'update','tournament',5,NULL,'188.49.112.189','2026-02-14 21:25:07'),(68,1,1,'update','tournament',5,NULL,'188.49.112.189','2026-02-14 21:36:25'),(69,1,1,'match_result','match',439,'1 - 0','188.49.112.189','2026-02-14 21:36:42'),(70,1,1,'login','user',1,NULL,'46.153.169.14','2026-02-15 04:41:03'),(71,1,1,'save_fitness','student_fitness',1,'Records: 3','46.153.169.14','2026-02-15 04:43:29'),(72,1,1,'update','tournament',5,NULL,'46.153.169.14','2026-02-15 04:44:04'),(73,1,1,'login','user',1,NULL,'46.153.169.14','2026-02-15 05:44:12'),(74,1,1,'login','user',1,NULL,'46.153.169.14','2026-02-15 05:45:23'),(75,1,1,'login','user',1,NULL,'46.153.169.14','2026-02-15 06:28:34'),(76,1,1,'login','user',1,NULL,'46.153.169.14','2026-02-15 06:38:00'),(77,1,1,'logout','user',1,NULL,'46.153.169.14','2026-02-15 06:45:48'),(78,1,1,'login','user',1,NULL,'46.153.169.14','2026-02-15 06:45:56'),(79,1,1,'login','user',1,NULL,'46.153.169.14','2026-02-15 06:53:39'),(80,1,1,'login','user',1,NULL,'46.153.169.14','2026-02-15 06:54:26'),(81,1,1,'login','user',1,NULL,'46.153.169.14','2026-02-15 07:03:31'),(82,1,1,'update','tournament',5,NULL,'46.153.169.14','2026-02-15 07:38:13'),(83,1,1,'update','tournament',5,NULL,'46.153.169.14','2026-02-15 07:41:58'),(84,1,1,'add_teams','tournament',5,'Added 7 classes','46.153.169.14','2026-02-15 07:43:39'),(85,1,1,'start','tournament',5,NULL,'46.153.169.14','2026-02-15 07:43:57'),(86,1,1,'match_result','match',518,'1 - 0','46.153.169.14','2026-02-15 07:44:07'),(87,1,1,'match_result','match',519,'0 - 1','46.153.169.14','2026-02-15 07:44:22'),(88,1,1,'match_result','match',520,'1 - 0','46.153.169.14','2026-02-15 07:44:36'),(89,1,1,'match_result','match',522,'1 - 0','46.153.169.14','2026-02-15 07:45:13'),(90,1,1,'match_result','match',523,'1 - 0','46.153.169.14','2026-02-15 07:45:18'),(91,1,1,'match_result','match',524,'1 - 0','46.153.169.14','2026-02-15 07:45:26'),(92,1,1,'create','tournament',6,'تجربة خروج المغلوب من مباراتين','46.153.169.14','2026-02-15 07:46:48'),(93,1,1,'add_teams','tournament',6,'Added 7 classes','46.153.169.14','2026-02-15 07:46:59'),(94,1,1,'start','tournament',6,NULL,'46.153.169.14','2026-02-15 07:55:29'),(95,1,1,'match_result','match',539,'1 - 2','46.153.169.14','2026-02-15 07:55:40'),(96,1,1,'match_result','match',540,'1 - 0','46.153.169.14','2026-02-15 07:56:24'),(97,1,1,'match_result','match',541,'1 - 0','46.153.169.14','2026-02-15 07:56:30'),(98,1,1,'match_result','match',543,'1 - 0','46.153.169.14','2026-02-15 07:56:55'),(99,1,1,'match_result','match',544,'1 - 0','46.153.169.14','2026-02-15 07:57:01'),(100,1,1,'match_result','match',545,'1 - 0','46.153.169.14','2026-02-15 07:57:17'),(101,1,1,'create','tournament',7,'بطولة خروج المغلوب من مرتين تجربة (2)','46.153.169.14','2026-02-15 08:40:08'),(102,1,1,'add_teams','tournament',7,'Added 7 classes','46.153.169.14','2026-02-15 08:40:15'),(103,1,1,'start','tournament',7,NULL,'46.153.169.14','2026-02-15 08:42:18'),(104,1,1,'match_result','match',553,'1 - 0','46.153.169.14','2026-02-15 08:42:22'),(105,1,1,'match_result','match',554,'1 - 0','46.153.169.14','2026-02-15 08:42:46'),(106,1,1,'login','user',1,NULL,'46.153.169.14','2026-02-15 08:49:24'),(107,1,1,'login','user',1,NULL,'46.153.169.14','2026-02-15 08:54:04'),(108,1,1,'login','user',1,NULL,'46.153.169.14','2026-02-15 09:49:35'),(109,1,1,'delete','class',3,NULL,'46.153.169.14','2026-02-15 10:21:53'),(110,1,1,'update','class',8,'3/3','46.153.169.14','2026-02-15 10:22:05'),(111,1,1,'update','class',9,'2/3','46.153.169.14','2026-02-15 10:22:13'),(112,1,1,'delete','student',10,NULL,'46.153.169.14','2026-02-15 10:22:23'),(113,1,1,'delete','student',9,NULL,'46.153.169.14','2026-02-15 10:22:27'),(114,1,1,'delete','student',2,NULL,'46.153.169.14','2026-02-15 10:22:29'),(115,1,1,'delete','student',40,NULL,'46.153.169.14','2026-02-15 10:22:32'),(116,1,1,'delete','student',31,NULL,'46.153.169.14','2026-02-15 10:22:34'),(117,1,1,'delete','student',17,NULL,'46.153.169.14','2026-02-15 10:22:37'),(118,1,1,'login','user',1,NULL,'2a02:cb80:4072:6cdb:9854:9206:906e:1a05','2026-02-15 15:58:35'),(119,1,1,'login','user',1,NULL,'2a02:cb80:4072:6cdb:991a:5957:35ed:5e27','2026-02-15 16:09:00'),(120,1,1,'import_students','students',NULL,'Imported: 118, Updated: 0, Skipped: 0','2a02:cb80:4072:6cdb:991a:5957:35ed:5e27','2026-02-15 17:34:00'),(121,1,1,'logout','user',1,NULL,'2a02:cb80:4072:6cdb:991a:5957:35ed:5e27','2026-02-15 17:40:01'),(122,1,2,'login','user',2,NULL,'2a02:cb80:4072:6cdb:991a:5957:35ed:5e27','2026-02-15 17:40:11'),(123,1,2,'logout','user',2,NULL,'2a02:cb80:4072:6cdb:991a:5957:35ed:5e27','2026-02-15 17:42:12'),(124,1,1,'login','user',1,NULL,'2a02:cb80:4072:6cdb:991a:5957:35ed:5e27','2026-02-15 17:42:19'),(125,1,1,'update','user',2,'إسماعيل البساوي','2a02:cb80:4072:6cdb:991a:5957:35ed:5e27','2026-02-15 17:42:40'),(126,1,1,'update','user',3,'مدير المدرسة','2a02:cb80:4072:6cdb:991a:5957:35ed:5e27','2026-02-15 17:43:04'),(127,1,1,'logout','user',1,NULL,'2a02:cb80:4072:6cdb:991a:5957:35ed:5e27','2026-02-15 17:43:19'),(128,1,3,'login','user',3,NULL,'2a02:cb80:4072:6cdb:991a:5957:35ed:5e27','2026-02-15 17:43:27'),(129,1,3,'logout','user',3,NULL,'2a02:cb80:4072:6cdb:991a:5957:35ed:5e27','2026-02-15 18:40:18'),(130,1,2,'login','user',2,NULL,'2a02:cb80:4072:6cdb:991a:5957:35ed:5e27','2026-02-15 18:40:33'),(131,1,2,'logout','user',2,NULL,'2a02:cb80:4072:6cdb:991a:5957:35ed:5e27','2026-02-15 19:01:13'),(132,1,1,'login','user',1,NULL,'2a02:cb80:4072:6cdb:991a:5957:35ed:5e27','2026-02-15 19:01:17'),(133,1,1,'update','user',4,'أيمن محمد','2a02:cb80:4072:6cdb:991a:5957:35ed:5e27','2026-02-15 19:01:56'),(134,1,1,'logout','user',1,NULL,'2a02:cb80:4072:6cdb:991a:5957:35ed:5e27','2026-02-15 19:02:19'),(135,1,4,'login','user',4,NULL,'2a02:cb80:4072:6cdb:991a:5957:35ed:5e27','2026-02-15 19:02:34'),(136,1,1,'login','user',1,NULL,'2a02:cb80:4072:6cdb:991a:5957:35ed:5e27','2026-02-15 19:36:50'),(137,1,1,'login','user',1,NULL,'46.153.169.14','2026-02-16 03:50:26'),(138,1,1,'save_attendance','attendance',NULL,'Date: 2026-02-16, Records: 22','46.153.169.14','2026-02-16 03:51:54'),(139,1,1,'login','user',1,NULL,'46.153.169.14','2026-02-16 05:58:18'),(140,1,1,'login','user',1,NULL,'2001:16a4:19:aa65:cc52:5dd0:bac7:1096','2026-02-18 09:26:17'),(141,1,1,'login','user',1,NULL,'::1','2026-02-20 19:38:13'),(142,1,1,'login','user',1,NULL,'::1','2026-02-20 19:38:45'),(143,1,1,'create','tournament',8,'تجربة خروج المغلوب من مرتين','::1','2026-02-20 20:03:11'),(144,1,1,'add_teams','tournament',8,'Added 8 classes','::1','2026-02-20 20:03:29'),(145,1,1,'login','user',1,NULL,'::1','2026-02-20 20:10:29'),(146,1,1,'create','tournament',9,'Test Double Elimination','::1','2026-02-20 20:11:26'),(147,1,1,'update','tournament',9,NULL,'::1','2026-02-20 20:15:59'),(148,1,1,'match_result','match',555,'2 - 0','::1','2026-02-20 20:31:21'),(149,1,1,'create','tournament',10,'Final Test DE','::1','2026-02-20 20:39:49'),(150,1,1,'create','tournament',11,'New DE Test','::1','2026-02-20 20:47:35'),(151,1,1,'start','tournament',9,NULL,'::1','2026-02-20 21:01:42'),(152,1,1,'match_result','match',581,'1 - 0','::1','2026-02-20 21:01:48'),(153,1,1,'match_result','match',582,'1 - 0','::1','2026-02-20 21:01:52'),(154,1,1,'match_result','match',584,'1 - 0','::1','2026-02-20 21:02:21'),(155,1,1,'match_result','match',583,'1 - 0','::1','2026-02-20 21:02:43'),(156,1,1,'match_result','match',585,'0 - 1','::1','2026-02-20 21:03:15'),(157,1,1,'match_result','match',586,'0 - 1','::1','2026-02-20 21:04:00'),(158,1,1,'match_result','match',587,'0 - 1','::1','2026-02-20 21:04:19'),(159,1,1,'create','tournament',12,'Double Elimination Test','::1','2026-02-20 21:14:54'),(160,1,1,'delete','tournament',12,NULL,'::1','2026-02-20 21:34:43'),(161,1,1,'logout','user',1,NULL,'::1','2026-02-20 21:59:24'),(162,1,1,'login','user',1,NULL,'::1','2026-02-20 21:59:58'),(163,1,1,'create','sports_team',1,'فصل ١ / ١','::1','2026-02-20 22:09:21'),(164,1,1,'create','sports_team',2,'منتخب كرة القدم بالمدرسة','::1','2026-02-20 22:11:40'),(165,1,1,'lottery_create','sports_team',3,'فريق البراكين','::1','2026-02-20 22:41:17'),(166,1,1,'lottery_create','sports_team',4,'فريق الدروع','::1','2026-02-20 22:41:17'),(167,1,1,'lottery_create','sports_team',5,'فريق الأسود','::1','2026-02-20 22:41:17'),(168,1,1,'lottery_create','sports_team',6,'فريق النسور','::1','2026-02-20 22:41:17'),(169,1,1,'lottery_create','sports_team',7,'فريق الثيران','::1','2026-02-20 22:41:17'),(170,1,1,'lottery_create','sports_team',8,'فريق النمور','::1','2026-02-20 22:41:17'),(171,1,1,'lottery_create','sports_team',9,'فريق السيوف','::1','2026-02-20 22:41:17'),(172,1,1,'lottery_create','sports_team',10,'فريق الصقور','::1','2026-02-20 22:41:17'),(173,1,1,'create','tournament',13,'تجربة خروج المغلوب من مرتين','::1','2026-02-20 22:41:59'),(174,1,1,'delete','sports_team',5,NULL,'::1','2026-02-20 22:43:11'),(175,1,1,'delete','sports_team',3,NULL,'::1','2026-02-20 22:43:18'),(176,1,1,'delete','sports_team',7,NULL,'::1','2026-02-20 22:43:23'),(177,1,1,'update','sports_team',4,'فريق الأشبال','::1','2026-02-20 22:43:38'),(178,1,1,'delete','sports_team',4,NULL,'::1','2026-02-20 22:43:44'),(179,1,1,'delete','sports_team',9,NULL,'::1','2026-02-20 22:43:51'),(180,1,1,'delete','sports_team',10,NULL,'::1','2026-02-20 22:43:56'),(181,1,1,'delete','sports_team',8,NULL,'::1','2026-02-20 22:44:01'),(182,1,1,'logout','user',1,NULL,'::1','2026-02-20 23:22:22'),(183,1,2,'login','user',2,NULL,'::1','2026-02-20 23:22:43'),(184,1,1,'logout','user',1,NULL,'::1','2026-02-20 23:25:08'),(185,1,2,'login','user',2,NULL,'::1','2026-02-20 23:25:22'),(186,1,2,'logout','user',2,NULL,'::1','2026-02-20 23:25:49'),(187,1,1,'login','user',1,NULL,'::1','2026-02-20 23:25:53'),(188,1,1,'login','user',1,NULL,'::1','2026-02-20 23:30:30'),(189,1,1,'delete','tournament',10,NULL,'::1','2026-02-20 23:35:38'),(190,1,1,'delete','tournament',11,NULL,'::1','2026-02-20 23:35:47'),(191,1,1,'update','user',8,'Test','::1','2026-02-20 23:36:38'),(192,1,1,'login','user',1,NULL,'127.0.0.1','2026-02-20 23:50:33'),(193,1,1,'logout','user',1,NULL,'::1','2026-02-20 23:51:16'),(194,1,1,'login','user',1,NULL,'::1','2026-02-20 23:51:28'),(195,1,1,'update','class',10,'1/4','127.0.0.1','2026-02-20 23:58:53'),(196,1,1,'logout','user',1,NULL,'::1','2026-02-21 00:05:31'),(197,1,1,'login','user',1,NULL,'::1','2026-02-21 00:05:39'),(198,1,1,'logout','user',1,NULL,'::1','2026-02-21 00:05:45'),(199,1,1,'login','user',1,NULL,'::1','2026-02-21 00:07:27'),(200,1,1,'unassign_class','teacher_classes',2,'Class: 8','::1','2026-02-21 00:09:09'),(201,1,1,'unassign_class','teacher_classes',2,'Class: 7','::1','2026-02-21 00:09:12'),(202,1,1,'unassign_class','teacher_classes',2,'Class: 6','::1','2026-02-21 00:09:15'),(203,1,1,'assign_class','teacher_classes',4,'Class: 6, Temp: 0','::1','2026-02-21 00:09:48'),(204,1,1,'assign_class','teacher_classes',4,'Class: 7, Temp: 0','::1','2026-02-21 00:09:53'),(205,1,1,'assign_class','teacher_classes',4,'Class: 8, Temp: 0','::1','2026-02-21 00:09:56'),(206,1,1,'assign_class','teacher_classes',8,'Class: 1, Temp: 0','::1','2026-02-21 00:10:12'),(207,1,1,'logout','user',1,NULL,'::1','2026-02-21 00:10:56'),(208,1,2,'login','user',2,NULL,'::1','2026-02-21 00:11:15'),(209,1,2,'logout','user',2,NULL,'::1','2026-02-21 00:12:35'),(210,1,1,'login','user',1,NULL,'::1','2026-02-21 00:12:44'),(211,1,1,'logout','user',1,NULL,'::1','2026-02-21 00:23:52'),(212,1,1,'logout','user',1,NULL,'::1','2026-02-21 00:24:08'),(213,1,2,'login','user',2,NULL,'::1','2026-02-21 00:24:26'),(214,1,1,'login','user',1,NULL,'::1','2026-02-21 00:24:35'),(215,1,1,'update','user',9,'Supervisor Test','::1','2026-02-21 00:29:08'),(216,1,1,'logout','user',1,NULL,'::1','2026-02-21 00:32:42'),(217,1,NULL,'login_failed','user',NULL,'Username: testusersuper1','::1','2026-02-21 00:33:17'),(218,1,NULL,'login_failed','user',NULL,'Username: testusersuper1admin','::1','2026-02-21 00:33:54'),(219,1,NULL,'login_failed','user',NULL,'Username: testusersuper1adminadmin','::1','2026-02-21 00:34:44'),(220,1,1,'login','user',1,NULL,'::1','2026-02-21 00:35:14'),(221,1,1,'update','user',10,'Marwan Supervisor','::1','2026-02-21 00:37:40'),(222,1,1,'update','user',10,'Marwan Supervisor','::1','2026-02-21 00:38:22'),(223,1,2,'update_profile','user',2,NULL,'::1','2026-02-21 00:44:42'),(224,1,2,'update_profile','user',2,NULL,'::1','2026-02-21 00:45:01'),(225,1,2,'logout','user',2,NULL,'::1','2026-02-21 00:46:17'),(226,1,1,'login','user',1,NULL,'::1','2026-02-21 00:46:27'),(227,1,1,'delete','class',10,NULL,'::1','2026-02-21 00:46:36'),(228,1,1,'update_profile','user',1,NULL,'::1','2026-02-21 00:47:37'),(229,1,1,'update','user',9,'Supervisor Test','::1','2026-02-21 00:48:08'),(230,1,1,'delete','user',10,NULL,'::1','2026-02-21 00:48:30'),(231,1,1,'logout','user',1,NULL,'::1','2026-02-21 01:59:05'),(232,1,1,'login','user',1,NULL,'::1','2026-02-21 01:59:23'),(233,1,1,'login','user',1,NULL,'127.0.0.1','2026-02-21 02:19:10'),(234,1,1,'logout','user',1,NULL,'127.0.0.1','2026-02-21 02:21:08'),(235,1,NULL,'login_failed','user',NULL,'Username: 1146521727','127.0.0.1','2026-02-21 02:21:31'),(236,1,NULL,'login_failed','user',NULL,'Username: admin123','127.0.0.1','2026-02-21 02:21:56'),(237,1,1,'login','user',1,NULL,'127.0.0.1','2026-02-21 02:22:22'),(238,1,1,'logout','user',1,NULL,'127.0.0.1','2026-02-21 02:29:29'),(239,1,NULL,'login_failed','user',NULL,'Username: 1146521727','127.0.0.1','2026-02-21 02:30:02'),(240,1,1,'logout','user',1,NULL,'::1','2026-02-21 02:32:41'),(241,1,NULL,'login_failed','user',NULL,'Username: 1001','::1','2026-02-21 02:32:59'),(242,1,NULL,'login_failed','user',NULL,'Username: 1001','::1','2026-02-21 02:33:06'),(243,1,1,'login','user',1,NULL,'127.0.0.1','2026-02-21 02:33:22'),(244,1,1,'login','user',1,NULL,'::1','2026-02-21 02:34:34'),(245,1,1,'logout','user',1,NULL,'127.0.0.1','2026-02-21 02:35:48'),(246,1,1,'logout','user',1,NULL,'::1','2026-02-21 02:36:00'),(247,1,NULL,'login_failed','user',NULL,'Username: 1001','::1','2026-02-21 02:36:10'),(248,1,NULL,'login_failed','user',NULL,'Username: 1001','::1','2026-02-21 02:36:19'),(249,1,NULL,'login_failed','user',NULL,'Username: 1001','::1','2026-02-21 02:36:21'),(250,1,NULL,'login_failed','user',NULL,'Username: 1146521727','127.0.0.1','2026-02-21 02:36:39'),(251,1,NULL,'login_failed','user',NULL,'Username: 1001','::1','2026-02-21 02:37:30'),(252,1,NULL,'login_failed','user',NULL,'Username: 1001','::1','2026-02-21 02:37:33'),(253,1,1,'login','user',1,NULL,'127.0.0.1','2026-02-21 02:37:34'),(254,1,NULL,'login_failed','user',NULL,'Username: 1001','::1','2026-02-21 02:38:15'),(255,1,NULL,'login_failed','user',NULL,'Username: 1001','::1','2026-02-21 02:38:17'),(256,1,NULL,'login_failed','user',NULL,'Username: 1001','::1','2026-02-21 02:38:25'),(257,1,NULL,'login_failed','user',NULL,'Username: 1002','::1','2026-02-21 02:38:47'),(258,1,NULL,'login_failed','user',NULL,'Username: 1001','::1','2026-02-21 02:38:52'),(259,1,NULL,'login_failed','user',NULL,'Username: 1146521727','::1','2026-02-21 02:40:07'),(260,1,NULL,'login_failed','user',NULL,'Username: 1146521727','::1','2026-02-21 02:40:59'),(261,1,NULL,'login_failed','user',NULL,'Username: 1146521727','::1','2026-02-21 02:41:02'),(262,1,NULL,'login_failed','user',NULL,'Username: 1146521727','::1','2026-02-21 02:41:25'),(263,1,1,'logout','user',1,NULL,'127.0.0.1','2026-02-21 02:41:54'),(264,1,NULL,'login_failed','user',NULL,'Username: 1146521727','127.0.0.1','2026-02-21 02:42:49'),(265,1,NULL,'login_failed','user',NULL,'Username: 1146521727','127.0.0.1','2026-02-21 02:45:13'),(271,1,1,'login','user',1,NULL,'127.0.0.1','2026-02-21 02:48:28'),(272,1,1,'logout','user',1,NULL,'::1','2026-02-21 02:54:47'),(286,1,1,'login','user',1,NULL,'::1','2026-02-21 03:25:04'),(287,1,NULL,'logout','user',NULL,NULL,'::1','2026-02-21 07:24:21'),(288,1,NULL,'login_failed','auth',NULL,'Input: 1001','::1','2026-02-21 07:24:32'),(289,1,NULL,'login_failed','auth',NULL,'Input: 1001','::1','2026-02-21 07:24:37'),(290,1,NULL,'login_failed','auth',NULL,'Input: 1001','::1','2026-02-21 07:24:41'),(291,1,NULL,'login_failed','auth',NULL,'Input: 1006','::1','2026-02-21 07:25:02'),(292,1,NULL,'login_failed','auth',NULL,'Input: 1006','::1','2026-02-21 07:25:10'),(293,1,NULL,'login_failed','auth',NULL,'Input: 1011','::1','2026-02-21 07:26:19'),(294,1,NULL,'login_failed','auth',NULL,'Input: 1011','::1','2026-02-21 07:26:25'),(295,1,1,'login','user',1,NULL,'::1','2026-02-21 07:26:37'),(296,1,1,'logout','user',1,NULL,'::1','2026-02-21 07:27:21'),(299,1,NULL,'logout','user',NULL,NULL,'::1','2026-02-21 10:27:15'),(300,1,NULL,'login_failed','auth',NULL,'Input: 1001','::1','2026-02-21 10:27:29'),(301,1,NULL,'login_failed','auth',NULL,'Input: 1018','::1','2026-02-21 10:27:36'),(302,1,NULL,'login_failed','auth',NULL,'Input: 1018','::1','2026-02-21 10:27:38'),(303,1,NULL,'login_failed','auth',NULL,'Input: 1018','::1','2026-02-21 10:27:40'),(304,1,NULL,'login_failed','auth',NULL,'Input: 1018','::1','2026-02-21 10:27:49'),(305,1,1,'login','user',1,NULL,'::1','2026-02-21 10:28:16'),(306,1,1,'import_students','students',NULL,'Imported: 0, Updated: 2, Skipped: 1','::1','2026-02-21 10:32:45'),(307,1,1,'import_students','students',NULL,'Imported: 0, Updated: 2, Skipped: 1','::1','2026-02-21 10:51:09'),(308,1,1,'import_students','students',NULL,'Imported: 0, Updated: 2, Skipped: 1','::1','2026-02-21 10:51:30'),(309,1,1,'import_students','students',NULL,'Imported: 0, Updated: 152, Skipped: 7','::1','2026-02-21 10:56:36'),(310,1,1,'login_failed','auth',NULL,'Input: 1018','::1','2026-02-21 10:59:51'),(311,1,1,'login_failed','auth',NULL,'Input: 1153670979','::1','2026-02-21 11:00:08'),(312,1,1,'login_failed','auth',NULL,'Input: 1153670979','::1','2026-02-21 11:00:10'),(313,1,1,'login_failed','auth',NULL,'Input: 1153670979','::1','2026-02-21 11:00:11'),(314,1,1,'login_failed','auth',NULL,'Input: adim','::1','2026-02-21 11:00:33'),(315,1,1,'login_failed','auth',NULL,'Input: adim','::1','2026-02-21 11:00:35'),(316,1,1,'login_failed','auth',NULL,'Input: adim','::1','2026-02-21 11:00:36'),(317,1,1,'login','user',1,NULL,'::1','2026-02-21 11:00:45'),(318,1,NULL,'login_failed','auth',NULL,'Input: 1153670979','::1','2026-02-21 11:02:08'),(321,1,NULL,'login_failed','auth',NULL,'Input: 1001','::1','2026-02-21 11:03:56'),(322,1,1,'import_students','students',NULL,'Imported: 0, Updated: 2, Skipped: 1','::1','2026-02-21 11:06:20'),(323,1,1,'import_students','students',NULL,'Imported: 0, Updated: 2, Skipped: 1','::1','2026-02-21 11:09:34'),(324,1,1,'import_students','students',NULL,'Imported: 0, Updated: 3, Skipped: 0','::1','2026-02-21 11:11:52'),(325,1,NULL,'login_failed','auth',NULL,'Input: 1002','::1','2026-02-21 11:12:31'),(326,1,NULL,'login_failed','auth',NULL,'Input: 1002','::1','2026-02-21 11:12:33'),(327,1,2,'student_login','student',2,NULL,'::1','2026-02-21 11:17:55'),(328,1,1,'logout','user',1,NULL,'::1','2026-02-21 11:35:36'),(329,1,1,'login','user',1,NULL,'::1','2026-02-21 11:35:46'),(330,1,NULL,'login_failed','auth',NULL,'Input: parent_test','::1','2026-02-21 11:38:06'),(331,1,2,'logout','user',2,NULL,'::1','2026-02-21 11:38:33'),(332,1,NULL,'login_failed','auth',NULL,'Input: parent_test','::1','2026-02-21 11:38:52'),(333,1,NULL,'login','user',12,NULL,'::1','2026-02-21 11:38:59'),(334,1,NULL,'login','user',12,NULL,'::1','2026-02-21 11:39:06'),(335,1,NULL,'login','user',13,NULL,'::1','2026-02-21 11:44:45'),(336,1,NULL,'login','user',13,NULL,'::1','2026-02-21 11:45:21'),(337,1,1,'parent_login','parent',1,NULL,'::1','2026-02-21 12:07:40'),(338,1,1,'logout','user',1,NULL,'::1','2026-02-21 12:13:44'),(339,1,1,'login','user',1,NULL,'::1','2026-02-21 12:14:16'),(340,1,1,'login','user',1,NULL,'::1','2026-02-21 12:25:12'),(341,1,1,'login','user',1,NULL,'::1','2026-02-21 12:27:16'),(342,1,1,'login','user',1,NULL,'::1','2026-02-21 12:29:44'),(343,1,1,'login','user',1,NULL,'::1','2026-02-21 12:34:52'),(344,1,1,'login','user',1,NULL,'::1','2026-02-21 12:35:32'),(345,1,1,'login','user',1,NULL,'::1','2026-02-21 13:18:42'),(346,1,2,'login','user',2,NULL,'::1','2026-02-21 13:19:02'),(347,1,1,'login','user',1,NULL,'::1','2026-02-21 13:20:55'),(348,1,1,'login','user',1,NULL,'::1','2026-02-21 13:22:07'),(349,1,1,'login_failed','auth',NULL,'Input: parent_testadmin','::1','2026-02-21 13:24:04'),(350,1,1,'login_failed','auth',NULL,'Input: adminparent_testadmin','::1','2026-02-21 13:24:28'),(351,1,1,'login','user',1,NULL,'::1','2026-02-21 13:24:58'),(352,1,1,'login','user',1,NULL,'::1','2026-02-21 13:26:35'),(353,1,1,'logout','user',1,NULL,'::1','2026-02-21 13:29:07'),(354,1,1,'login','user',1,NULL,'::1','2026-02-21 13:29:35'),(355,1,1,'create_parent','parents',2,'محمد العنزي','::1','2026-02-21 13:29:54'),(356,1,1,'link_parent_student','parent_students',2,'Student: 11','::1','2026-02-21 13:30:15'),(357,1,2,'parent_login','parent',2,NULL,'::1','2026-02-21 13:31:33'),(358,1,1,'save_health','student_health',13,NULL,'::1','2026-02-21 13:32:20'),(359,1,1,'logout','user',1,NULL,'::1','2026-02-21 13:33:14'),(360,1,1,'save_attendance','attendance',NULL,'Date: 2026-02-21, Records: 25','::1','2026-02-21 13:33:38'),(361,1,1,'login','user',1,NULL,'::1','2026-02-21 13:33:54'),(362,1,1,'logout','user',1,NULL,'::1','2026-02-21 13:42:36'),(363,1,NULL,'login_failed','auth',NULL,'Input: parent_test','::1','2026-02-21 13:43:01'),(364,1,NULL,'login_failed','auth',NULL,'Input: parent_test','::1','2026-02-21 13:43:14'),(365,1,NULL,'login_failed','auth',NULL,'Input: parent_test','::1','2026-02-21 13:43:33'),(366,1,NULL,'login_failed','auth',NULL,'Input: parent_test','::1','2026-02-21 13:43:35'),(367,1,1,'save_measurement','student_measurements',95,NULL,'::1','2026-02-21 13:48:29'),(368,1,2,'logout','user',2,NULL,'::1','2026-02-21 13:48:47'),(369,1,NULL,'login_failed','auth',NULL,'Input: parent_test','::1','2026-02-21 13:49:07'),(370,1,1,'parent_login','parent',1,NULL,'::1','2026-02-21 13:53:00'),(371,1,NULL,'login_failed','auth',NULL,'Input: parent_test','::1','2026-02-21 13:55:07'),(372,1,1,'login','user',1,NULL,'::1','2026-02-21 13:55:56'),(373,1,1,'update_parent','parents',1,'Parent Test','::1','2026-02-21 13:56:47'),(374,1,1,'logout','user',1,NULL,'::1','2026-02-21 13:57:18'),(375,1,1,'parent_login','parent',1,NULL,'::1','2026-02-21 13:57:50'),(376,1,1,'parent_login','parent',1,NULL,'::1','2026-02-21 14:11:40'),(377,1,2,'login','user',2,NULL,'::1','2026-02-21 23:45:52'),(378,1,2,'logout','user',2,NULL,'::1','2026-02-21 23:53:45'),(379,1,1,'login','user',1,NULL,'::1','2026-02-21 23:53:55'),(380,1,1,'award_badge','student',97,'Badge ID: 5','::1','2026-02-22 00:36:09'),(381,1,1,'award_badge','student',11,'Badge ID: 6','::1','2026-02-22 00:37:53'),(382,1,1,'create','tournament',14,'تجربة التوزيع العشوائي','::1','2026-02-22 01:29:15'),(383,1,1,'delete','tournament',14,NULL,'::1','2026-02-22 01:32:22'),(384,1,1,'delete','tournament',13,NULL,'::1','2026-02-22 01:32:28'),(385,1,1,'delete','tournament',1,NULL,'::1','2026-02-22 01:32:51'),(386,1,1,'complete','tournament',5,NULL,'::1','2026-02-22 01:32:59'),(387,1,1,'delete','tournament',5,NULL,'::1','2026-02-22 01:33:02'),(388,1,1,'create','tournament',15,'تجربة التوزيع العشوائي','::1','2026-02-22 01:34:36'),(389,1,1,'add_teams','tournament',15,'Added 8 classes','::1','2026-02-22 01:34:51'),(390,1,1,'update','tournament',15,NULL,'::1','2026-02-22 01:35:15'),(391,1,1,'delete','tournament',15,NULL,'::1','2026-02-22 01:36:34'),(392,1,1,'delete','tournament',8,NULL,'::1','2026-02-22 01:36:41'),(393,1,1,'create','tournament',16,'تجربة التوزيع العشوائي','::1','2026-02-22 01:37:13'),(394,1,1,'create','tournament',17,'تجربة خروج المغلوب من مرتين','::1','2026-02-22 01:38:26'),(395,1,1,'start','tournament',17,NULL,'::1','2026-02-22 01:50:38'),(396,1,1,'login','user',1,NULL,'::1','2026-02-22 08:55:56'),(397,1,1,'create','tournament',18,'تجربة دوري من دور واحد','::1','2026-02-22 08:57:58'),(398,1,1,'add_teams','tournament',18,'Added 8 classes','::1','2026-02-22 08:58:12'),(399,1,1,'update','tournament',18,NULL,'::1','2026-02-22 09:01:57'),(400,1,1,'update','tournament',18,NULL,'::1','2026-02-22 09:02:13'),(401,1,1,'login','user',1,NULL,'::1','2026-02-22 09:46:14'),(402,1,1,'login','user',1,NULL,'::1','2026-02-22 12:34:14'),(403,1,1,'create','tournament',19,'تجربة طريقة الخلط والمزج','::1','2026-02-22 12:34:57'),(404,1,1,'add_teams','tournament',19,'Added 8 classes','::1','2026-02-22 12:35:07'),(405,1,1,'login','user',1,NULL,'::1','2026-02-22 15:39:57'),(406,1,1,'start','tournament',19,NULL,'::1','2026-02-22 15:40:08'),(407,1,1,'match_result','match',706,'1 - 0','::1','2026-02-22 15:42:44'),(408,1,1,'match_result','match',701,'1 - 0','::1','2026-02-22 15:42:54'),(409,1,1,'match_result','match',708,'0 - 1','::1','2026-02-22 15:43:04'),(410,1,1,'match_result','match',703,'1 - 0','::1','2026-02-22 15:43:52'),(411,1,1,'match_result','match',704,'0 - 1','::1','2026-02-22 15:43:56'),(412,1,1,'match_result','match',709,'1 - 0','::1','2026-02-22 15:44:01'),(413,1,1,'match_result','match',710,'0 - 1','::1','2026-02-22 15:44:06'),(414,1,1,'match_result','match',711,'1 - 0','::1','2026-02-22 15:44:13'),(415,1,1,'match_result','match',712,'0 - 1','::1','2026-02-22 15:44:21'),(416,1,1,'login','user',1,NULL,'::1','2026-02-22 23:51:41'),(417,1,1,'create','tournament',20,'تجربة ٢ لطريقة المزيج','::1','2026-02-22 23:55:18'),(418,1,1,'add_teams','tournament',20,'Added 8 classes','::1','2026-02-22 23:55:32'),(419,1,1,'start','tournament',20,NULL,'::1','2026-02-22 23:55:48'),(420,1,1,'match_result','match',714,'1 - 0','::1','2026-02-22 23:56:16'),(421,1,1,'match_result','match',715,'1 - 0','::1','2026-02-22 23:56:20'),(422,1,1,'match_result','match',720,'1 - 0','::1','2026-02-22 23:56:24'),(423,1,1,'match_result','match',721,'1 - 0','::1','2026-02-22 23:56:29'),(424,1,1,'match_result','match',716,'1 - 0','::1','2026-02-22 23:56:35'),(425,1,1,'match_result','match',717,'1 - 0','::1','2026-02-22 23:56:40'),(426,1,1,'match_result','match',722,'1 - 0','::1','2026-02-22 23:56:45'),(427,1,1,'match_result','match',723,'0 - 1','::1','2026-02-22 23:56:50'),(428,1,1,'match_result','match',718,'1 - 0','::1','2026-02-22 23:57:58'),(429,1,1,'match_result','match',719,'1 - 0','::1','2026-02-22 23:58:03'),(430,1,1,'match_result','match',724,'1 - 0','::1','2026-02-22 23:58:08'),(431,1,1,'match_result','match',725,'1 - 0','::1','2026-02-22 23:58:13'),(432,1,1,'match_result','match',726,'1 - 0','::1','2026-02-22 23:59:46'),(433,1,1,'match_result','match',727,'1 - 0','::1','2026-02-22 23:59:52'),(434,1,1,'create','tournament',21,'تجربة ٣','::1','2026-02-23 00:07:09'),(435,1,1,'add_teams','tournament',21,'Added 8 classes','::1','2026-02-23 00:07:16'),(436,1,1,'start','tournament',21,NULL,'::1','2026-02-23 00:11:04'),(437,1,1,'match_result','match',729,'1 - 0','::1','2026-02-23 00:11:44'),(438,1,1,'match_result','match',730,'1 - 0','::1','2026-02-23 00:11:49'),(439,1,1,'match_result','match',735,'1 - 0','::1','2026-02-23 00:11:53'),(440,1,1,'match_result','match',736,'0 - 1','::1','2026-02-23 00:11:58'),(441,1,1,'match_result','match',731,'1 - 0','::1','2026-02-23 00:12:04'),(442,1,1,'match_result','match',732,'1 - 0','::1','2026-02-23 00:12:09'),(443,1,1,'match_result','match',737,'1 - 0','::1','2026-02-23 00:12:13'),(444,1,1,'match_result','match',738,'1 - 0','::1','2026-02-23 00:12:18'),(445,1,1,'match_result','match',733,'1 - 0','::1','2026-02-23 00:12:23'),(446,1,1,'match_result','match',734,'0 - 1','::1','2026-02-23 00:12:28'),(447,1,1,'match_result','match',739,'1 - 0','::1','2026-02-23 00:12:34'),(448,1,1,'match_result','match',740,'0 - 1','::1','2026-02-23 00:12:40'),(449,1,1,'match_result','match',741,'1 - 0','::1','2026-02-23 00:12:53'),(450,1,1,'match_result','match',742,'0 - 1','::1','2026-02-23 00:12:59'),(451,1,1,'match_result','match',743,'1 - 0','::1','2026-02-23 00:13:05'),(452,1,1,'create','tournament',22,'تجربة ٤','::1','2026-02-23 00:35:17'),(453,1,1,'update','tournament',22,NULL,'::1','2026-02-23 00:35:33'),(454,1,1,'add_teams','tournament',22,'Added 8 classes','::1','2026-02-23 00:35:38'),(455,1,1,'start','tournament',22,NULL,'::1','2026-02-23 00:36:31'),(456,1,1,'create','tournament',23,'تجربة التوزيع العشوائي١','::1','2026-02-23 00:42:13'),(457,1,1,'add_teams','tournament',23,'Added 8 classes','::1','2026-02-23 00:42:27'),(458,1,1,'start','tournament',23,NULL,'::1','2026-02-23 00:42:53'),(459,1,1,'create','sports_team',11,'فريق فصل ١ / ٢','::1','2026-02-23 00:50:54'),(460,1,1,'delete','tournament',18,NULL,'::1','2026-02-23 01:01:50'),(461,1,1,'create','sports_team',12,'فصل ٢ / ١','::1','2026-02-23 01:03:02'),(462,1,1,'create','sports_team',13,'فريق فصل ٢ / ٢','::1','2026-02-23 01:03:38'),(463,1,1,'create','tournament',24,'يب','::1','2026-02-23 01:03:58'),(464,1,1,'start','tournament',24,NULL,'::1','2026-02-23 01:08:59'),(465,1,1,'create','sports_team',14,'فصل ٣ / ١','::1','2026-02-23 01:13:06'),(466,1,1,'update','sports_team',14,'فصل ٣ / ١','::1','2026-02-23 01:13:21'),(467,1,1,'add_member','sports_team',14,NULL,'::1','2026-02-23 01:13:43'),(468,1,1,'add_member','sports_team',14,NULL,'::1','2026-02-23 01:13:48'),(469,1,1,'add_member','sports_team',14,NULL,'::1','2026-02-23 01:13:51'),(470,1,1,'add_member','sports_team',14,NULL,'::1','2026-02-23 01:13:55'),(471,1,1,'add_member','sports_team',14,NULL,'::1','2026-02-23 01:14:03'),(472,1,1,'update','sports_team',14,'فصل ٣ / ١','::1','2026-02-23 01:14:36'),(473,1,1,'add_member','sports_team',14,NULL,'::1','2026-02-23 01:15:13'),(474,1,1,'match_result','match',768,'1 - 2','::1','2026-02-23 01:22:00'),(475,1,1,'match_result','match',769,'2 - 1','::1','2026-02-23 01:30:07'),(476,1,1,'match_result','match',756,'1 - 0','::1','2026-02-23 02:32:44'),(477,1,1,'create','tournament',25,'تجربة دوري من دورين','::1','2026-02-23 02:56:25'),(478,1,1,'delete','tournament',25,NULL,'::1','2026-02-23 02:58:17'),(479,1,1,'schedule_matches','tournament',16,'3 matches','::1','2026-02-23 03:09:48'),(480,1,1,'update','tournament',16,NULL,'::1','2026-02-23 03:10:53'),(481,1,1,'start','tournament',16,NULL,'::1','2026-02-23 03:11:16'),(482,1,1,'login','user',1,NULL,'::1','2026-02-23 05:18:18'),(483,1,1,'logout','user',1,NULL,'::1','2026-02-23 05:19:28'),(484,1,2,'login','user',2,NULL,'::1','2026-02-23 05:19:39'),(485,1,2,'logout','user',2,NULL,'::1','2026-02-23 06:47:26'),(486,1,1,'login','user',1,NULL,'::1','2026-02-23 06:47:31'),(487,1,1,'login','user',1,NULL,'::1','2026-02-24 04:25:33'),(488,1,1,'save_fitness','student_fitness',1,'Records: 10','::1','2026-02-24 06:16:38'),(489,1,1,'update','fitness_test',1,'جري 50 متر','::1','2026-02-24 06:38:39'),(490,1,1,'save_fitness','student_fitness',1,'Records: 8','::1','2026-02-24 06:41:27'),(491,1,1,'save_criteria','fitness_criteria',1,'Records: 6','::1','2026-02-24 06:46:42'),(492,1,1,'login','user',1,NULL,'::1','2026-02-24 09:54:35'),(493,1,1,'login','user',1,NULL,'::1','2026-02-25 02:46:45'),(494,1,1,'login','user',1,NULL,'::1','2026-02-25 03:16:51'),(495,1,NULL,'login_failed','auth',NULL,'Input: admin','::1','2026-02-25 03:40:59'),(496,1,NULL,'login_failed','auth',NULL,'Input: adminadmin','::1','2026-02-25 03:41:12'),(497,1,1,'login','user',1,NULL,'::1','2026-02-25 03:41:28'),(498,1,1,'logout','user',1,NULL,'::1','2026-02-25 09:04:03'),(499,1,NULL,'login_failed','auth',NULL,'Input: mohamed','::1','2026-02-25 09:04:16'),(500,1,2,'parent_login','parent',2,NULL,'::1','2026-02-25 09:05:35'),(501,1,2,'logout','user',2,NULL,'::1','2026-02-25 09:57:39'),(502,1,NULL,'logout','user',NULL,NULL,'::1','2026-02-25 10:04:26'),(503,1,1,'login','user',1,NULL,'::1','2026-02-27 01:23:46'),(504,NULL,14,'login','user',14,NULL,'::1','2026-02-28 03:20:06'),(505,NULL,14,'logout','user',14,NULL,'::1','2026-02-28 03:22:05'),(506,NULL,14,'login','user',14,NULL,'::1','2026-02-28 03:24:29'),(507,NULL,1,'logout','user',1,NULL,'::1','2026-02-28 04:21:58'),(508,NULL,1,'login','user',1,NULL,'::1','2026-02-28 09:47:41'),(509,NULL,1,'logout','user',1,NULL,'::1','2026-02-28 09:50:02'),(510,NULL,NULL,'login_failed','auth',NULL,'Input: superadmin','::1','2026-02-28 09:50:25'),(511,NULL,NULL,'login_failed','auth',NULL,'Input: superadmin','::1','2026-02-28 09:50:33'),(512,NULL,NULL,'login_failed','auth',NULL,'Input: superadmin','::1','2026-02-28 09:51:29'),(513,NULL,NULL,'login_failed','auth',NULL,'Input: superadmin','::1','2026-02-28 09:51:54'),(514,NULL,NULL,'login_failed','auth',NULL,'Input: superadmin','::1','2026-02-28 09:51:56'),(515,NULL,14,'login','user',14,NULL,'::1','2026-02-28 11:24:59'),(516,NULL,14,'logout','user',14,NULL,'::1','2026-02-28 12:05:25'),(517,NULL,1,'login','user',1,NULL,'::1','2026-02-28 12:05:36'),(518,NULL,1,'create','tournament',26,'تجربة الإشعارات','::1','2026-02-28 12:17:27'),(519,NULL,1,'add_teams','tournament',26,'Added 1 classes','::1','2026-02-28 12:17:50'),(520,NULL,1,'add_teams','tournament',26,'Added 1 classes','::1','2026-02-28 12:18:03'),(521,NULL,1,'schedule_matches','tournament',26,'4 matches','::1','2026-02-28 12:19:19'),(522,NULL,2,'parent_login','parent',2,NULL,'::1','2026-02-28 12:28:15'),(523,NULL,1,'complete','tournament',23,NULL,'::1','2026-02-28 12:31:45'),(524,NULL,1,'match_result','match',848,'1 - 0','::1','2026-02-28 12:32:24'),(525,NULL,1,'complete','tournament',26,NULL,'::1','2026-02-28 12:39:54'),(526,NULL,1,'delete','tournament',26,NULL,'::1','2026-02-28 12:40:15'),(527,NULL,1,'complete','tournament',24,NULL,'::1','2026-02-28 12:40:21'),(528,NULL,1,'delete','tournament',24,NULL,'::1','2026-02-28 12:40:24'),(529,NULL,1,'create','tournament',27,'تجربة بطولة إشعارات','::1','2026-03-01 00:06:22'),(530,NULL,1,'start','tournament',27,NULL,'::1','2026-03-01 00:06:57'),(531,NULL,1,'complete','tournament',27,NULL,'::1','2026-03-01 00:07:42'),(532,NULL,1,'delete','tournament',23,NULL,'::1','2026-03-01 00:11:09'),(533,NULL,1,'delete','tournament',27,NULL,'::1','2026-03-01 00:11:13'),(534,NULL,1,'calendar_save','calendar',1,'بطولة كرة القدم','::1','2026-03-01 00:27:42'),(535,NULL,1,'logout','user',1,NULL,'::1','2026-03-01 00:38:11'),(536,NULL,1,'login','user',1,NULL,'::1','2026-03-01 01:01:24'),(537,1,2,'logout','user',2,NULL,'::1','2026-03-01 01:54:35'),(538,1,2,'login','user',2,NULL,'::1','2026-03-01 01:54:47'),(539,NULL,NULL,'login_failed','auth',NULL,'Input: teacher','::1','2026-03-01 02:29:58'),(540,NULL,NULL,'login_failed','auth',NULL,'Input: admin','::1','2026-03-01 02:30:47'),(541,1,2,'login','user',2,NULL,'::1','2026-03-01 06:17:07'),(542,1,2,'update','Timetable',2,'تم تحديث جدول الحصص الخاص بالمعلم.','::1','2026-03-01 06:19:09'),(543,1,2,'update','Timetable',2,'تم تحديث جدول الحصص الخاص بالمعلم.','::1','2026-03-01 06:20:34'),(544,1,2,'update','Timetable',2,'تم تحديث جدول الحصص الخاص بالمعلم.','::1','2026-03-01 06:22:56'),(545,1,2,'update','Timetable',2,'تم تحديث جدول الحصص الخاص بالمعلم.','::1','2026-03-01 06:23:27'),(546,1,2,'update','Timetable',2,'تم تحديث جدول الحصص الخاص بالمعلم.','::1','2026-03-01 06:25:48'),(547,1,2,'update','Timetable',2,'تم تحديث جدول الحصص الخاص بالمعلم.','::1','2026-03-01 06:25:54'),(548,1,1,'update','school_settings',1,'تم تحديث إعدادات المدرسة: المدرسة الافتراضية','::1','2026-03-01 07:07:07'),(549,1,1,'update','school_settings',1,'تم تحديث إعدادات المدرسة: المدرسة الافتراضية','::1','2026-03-01 07:07:19'),(550,1,1,'update','school_logo',1,'تم تغيير شعار المدرسة','::1','2026-03-01 07:09:52'),(551,1,1,'update','school_settings',1,'تم تحديث إعدادات المدرسة: ثانوية النخبة الأهلية','::1','2026-03-01 07:10:19'),(552,1,1,'update','school_settings',1,'تم تحديث إعدادات المدرسة: ثانوية النخبة الأهلية','::1','2026-03-01 07:18:39'),(553,1,1,'update','school_settings',1,'تم تحديث إعدادات المدرسة: ثانوية النخبة الأهلية','::1','2026-03-01 07:22:38'),(554,1,1,'update','Timetable',1,'تم تحديث جدول الحصص للمعلم ID: 1','::1','2026-03-01 07:23:30'),(555,1,1,'update','Timetable',1,'تم تحديث جدول الحصص للمعلم ID: 1','::1','2026-03-01 07:23:50'),(556,1,1,'import_students','students',NULL,'Imported: 0, Updated: 0, Skipped: 3','::1','2026-03-01 08:23:03'),(557,1,2,'import_students','students',NULL,'Imported: 0, Updated: 3, Skipped: 0','::1','2026-03-01 08:35:13'),(558,1,1,'import_students','students',NULL,'Imported: 0, Updated: 0, Skipped: 0','::1','2026-03-01 08:42:36'),(559,1,2,'import_students','students',NULL,'Imported: 0, Updated: 0, Skipped: 0','::1','2026-03-01 08:43:46'),(560,1,2,'import_students','students',NULL,'Imported: 0, Updated: 0, Skipped: 0','::1','2026-03-01 08:45:16'),(561,1,1,'import_students','students',NULL,'Imported: 0, Updated: 0, Skipped: 0','::1','2026-03-01 08:48:27'),(562,1,1,'import_students','students',NULL,'Src: file Imp: 0, Upd: 0, Skp: 0','::1','2026-03-01 09:05:26'),(563,1,1,'import_students','students',NULL,'Src: paste Imp: 1, Upd: 0, Skp: 0','::1','2026-03-01 09:05:42'),(564,1,1,'import_students','students',NULL,'Src: html Imp: 0, Upd: 1, Skp: 0','::1','2026-03-01 09:11:23'),(565,1,1,'import_students','students',NULL,'Src: file Imp: 0, Upd: 0, Skp: 0','::1','2026-03-01 09:11:48'),(566,1,1,'import_students','students',NULL,'Src: html Imp: 0, Upd: 1, Skp: 0','::1','2026-03-01 09:14:18'),(567,1,1,'import_students','students',NULL,'Src: html Imp: 0, Upd: 1, Skp: 0','::1','2026-03-01 09:17:33'),(568,1,1,'import_students','students',NULL,'Src: html Imp: 0, Upd: 1, Skp: 0','::1','2026-03-01 09:17:50'),(569,1,1,'import_students','students',NULL,'Src: file Imp: 0, Upd: 0, Skp: 0','::1','2026-03-01 09:18:13'),(570,1,1,'import_students','students',NULL,'Src: html Imp: 1, Upd: 0, Skp: 0','::1','2026-03-01 09:22:21'),(571,1,1,'login','user',1,NULL,'::1','2026-03-01 10:10:54'),(572,1,1,'import_students','students',NULL,'Imported: 2, Updated: 1, Skipped: 0','::1','2026-03-01 10:19:28'),(573,1,1,'import_students','students',NULL,'Imported: 1, Updated: 0, Skipped: 0','::1','2026-03-01 10:58:11'),(574,1,1,'login','user',1,NULL,'::1','2026-03-02 00:22:56'),(575,1,1,'login','user',1,NULL,'::1','2026-03-02 00:23:07'),(576,1,1,'login','user',1,NULL,'::1','2026-03-02 00:23:44'),(577,1,1,'logout','user',1,NULL,'::1','2026-03-02 00:26:07'),(578,1,1,'login','user',1,NULL,'::1','2026-03-02 00:26:16'),(579,1,1,'logout','user',1,NULL,'::1','2026-03-02 00:27:26'),(580,NULL,NULL,'login_failed','auth',NULL,'Input: teacher','::1','2026-03-02 00:27:40'),(581,NULL,NULL,'login_failed','auth',NULL,'Input: 2teacher','::1','2026-03-02 00:27:44'),(582,1,1,'login','user',1,NULL,'::1','2026-03-02 00:27:57'),(583,1,1,'logout','user',1,NULL,'::1','2026-03-02 00:29:33'),(584,1,1,'login','user',1,NULL,'::1','2026-03-02 00:29:42'),(585,1,1,'logout','user',1,NULL,'::1','2026-03-02 00:36:04'),(586,1,1,'login','user',1,NULL,'::1','2026-03-02 00:36:10'),(587,1,1,'login','user',1,NULL,'::1','2026-03-02 00:37:39'),(588,1,1,'logout','user',1,NULL,'::1','2026-03-02 00:37:51'),(589,1,1,'login','user',1,NULL,'::1','2026-03-02 00:38:04'),(590,1,1,'logout','user',1,NULL,'::1','2026-03-02 00:39:23'),(591,2,14,'login','user',14,NULL,'::1','2026-03-02 00:39:42'),(592,1,1,'logout','user',1,NULL,'::1','2026-03-02 00:53:48'),(593,2,14,'logout','user',14,NULL,'::1','2026-03-02 01:04:09'),(594,1,1,'login','user',1,NULL,'::1','2026-03-02 01:04:16'),(595,1,1,'login','user',1,NULL,'::1','2026-03-02 01:11:53'),(596,1,1,'login','user',1,NULL,'::1','2026-03-02 06:59:01'),(597,1,1,'update','user',2,'إسماعيل محمد البساوي','::1','2026-03-02 07:17:45'),(598,1,1,'update_profile','admin',1,NULL,'::1','2026-03-02 07:24:17'),(599,1,1,'update_profile','admin',1,NULL,'::1','2026-03-02 07:24:45'),(600,1,1,'logout','user',1,NULL,'::1','2026-03-02 07:31:29'),(601,1,1,'login','user',1,NULL,'::1','2026-03-02 07:31:36'),(602,1,1,'logout','user',1,NULL,'::1','2026-03-02 07:32:07'),(603,NULL,NULL,'login_failed','auth',NULL,'Input: sch_test','::1','2026-03-02 07:32:25'),(604,NULL,NULL,'login_failed','auth',NULL,'Input: test_sch1','::1','2026-03-02 07:32:36'),(605,2,14,'login','user',14,NULL,'::1','2026-03-02 07:32:47'),(606,2,14,'logout','user',14,NULL,'::1','2026-03-02 07:34:00'),(607,1,1,'login','user',1,NULL,'::1','2026-03-02 07:34:15'),(608,1,1,'import_students','students',NULL,'Imported: 152, Updated: 0, Skipped: 8','::1','2026-03-02 08:00:54'),(609,1,1,'import_students','students',NULL,'Imported: 0, Updated: 153, Skipped: 7','::1','2026-03-02 09:32:50'),(610,1,1,'logout','user',1,NULL,'::1','2026-03-02 09:33:32'),(611,2,14,'login','user',14,NULL,'::1','2026-03-02 09:33:49'),(612,2,14,'logout','user',14,NULL,'::1','2026-03-02 10:15:13'),(613,1,1,'login','user',1,NULL,'::1','2026-03-02 10:15:54'),(614,1,1,'login','user',1,NULL,'::1','2026-03-02 13:40:09'),(615,NULL,NULL,'logout','user',NULL,NULL,'::1','2026-03-02 15:53:14'),(616,2,14,'login','user',14,NULL,'::1','2026-03-02 15:53:46'),(617,2,14,'logout','user',14,NULL,'::1','2026-03-02 15:54:07'),(618,1,1,'login','user',1,NULL,'::1','2026-03-02 15:54:19'),(619,1,1,'complete','tournament',22,NULL,'::1','2026-03-02 15:56:04'),(620,1,1,'delete','tournament',22,NULL,'::1','2026-03-02 15:56:09'),(621,1,1,'complete','tournament',4,NULL,'::1','2026-03-02 15:56:33'),(622,1,1,'delete','tournament',4,NULL,'::1','2026-03-02 15:56:36'),(623,1,1,'complete','tournament',2,NULL,'::1','2026-03-02 15:56:47'),(624,1,1,'delete','tournament',2,NULL,'::1','2026-03-02 15:56:51'),(625,NULL,NULL,'login_failed','auth',NULL,'Input: admin','::1','2026-03-02 23:58:22'),(626,1,1,'login','user',1,NULL,'::1','2026-03-02 23:58:30'),(627,1,1,'logout','user',1,NULL,'::1','2026-03-03 00:22:32'),(628,1,2,'login','user',2,NULL,'::1','2026-03-03 00:23:07'),(629,1,2,'logout','user',2,NULL,'::1','2026-03-03 00:27:52'),(630,1,1,'login','user',1,NULL,'::1','2026-03-03 00:28:01'),(631,1,1,'update','school_settings',1,'تم تحديث إعدادات المدرسة: مدرسة النور','::1','2026-03-03 00:30:02'),(632,1,2,'parent_login','parent',2,NULL,'::1','2026-03-03 00:34:19'),(633,1,1,'create','tournament',28,'ثبب','::1','2026-03-03 00:43:18'),(634,1,1,'delete','tournament',28,NULL,'::1','2026-03-03 00:43:24'),(635,NULL,NULL,'login_failed','auth',NULL,'Input: admin','::1','2026-03-03 00:53:59'),(636,1,1,'update','school_settings',1,'تم تحديث إعدادات المدرسة: مدرسة النخبة الأهلية','::1','2026-03-03 02:32:56'),(637,1,1,'save_fitness','student_fitness',1,'Records: 9','::1','2026-03-03 02:45:38'),(638,1,1,'create','sports_team',15,'فصل ١ / ٢','::1','2026-03-03 02:46:41'),(639,1,1,'update','sports_team',15,'فصل ١ / ٢','::1','2026-03-03 02:46:58'),(640,1,1,'create','training_session',1,'تدريب','::1','2026-03-03 02:48:21'),(641,1,1,'lottery_create','sports_team',16,'فريق الفيالق','::1','2026-03-03 02:50:26'),(642,1,1,'lottery_create','sports_team',17,'فريق الثيران','::1','2026-03-03 02:50:26'),(643,1,1,'lottery_create','sports_team',18,'فريق الأسود','::1','2026-03-03 02:50:26'),(644,1,1,'lottery_create','sports_team',19,'فريق الدراجون','::1','2026-03-03 02:50:26'),(645,1,1,'update','sports_team',18,'فريق الأخضر','::1','2026-03-03 02:50:52'),(646,1,1,'save_measurement','student_measurements',96,NULL,'::1','2026-03-03 02:53:49'),(647,1,1,'save_health','student_health',14,NULL,'::1','2026-03-03 02:54:37'),(648,1,1,'save_attendance','attendance',NULL,'Date: 2026-03-03, Records: 34','::1','2026-03-03 02:55:17'),(649,1,2,'parent_login','parent',2,NULL,'::1','2026-03-03 02:56:58'),(650,1,1,'delete','sports_team',17,NULL,'::1','2026-03-03 03:03:35'),(651,1,1,'update','school_settings',1,'تم تحديث إعدادات المدرسة: مدرسة النخبة الأهلية','::1','2026-03-03 03:09:17'),(652,1,1,'login','user',1,NULL,'::1','2026-03-03 03:23:39'),(653,1,1,'login','user',1,NULL,'::1','2026-03-03 05:57:03'),(654,1,1,'logout','user',1,NULL,'::1','2026-03-03 06:02:55'),(655,1,2,'login','user',2,NULL,'::1','2026-03-03 06:03:08'),(656,1,2,'logout','user',2,NULL,'::1','2026-03-03 06:08:51'),(657,2,14,'login','user',14,NULL,'::1','2026-03-03 06:09:13'),(658,2,14,'create','tournament',29,'يب','::1','2026-03-03 06:35:52'),(659,2,14,'delete','tournament',29,NULL,'::1','2026-03-03 06:35:58'),(660,2,14,'calendar_save','calendar',2,'حدث','::1','2026-03-03 06:36:51'),(661,2,14,'login','user',14,NULL,'::1','2026-03-03 07:28:33'),(662,2,14,'update','PeriodTimes',NULL,'تم تحديث مواعيد الحصص للمدرسة.','::1','2026-03-03 07:29:14'),(663,2,14,'update','Timetable',14,'تم تحديث جدول الحصص للمعلم ID: 14','::1','2026-03-03 07:29:30'),(664,2,14,'logout','user',14,NULL,'::1','2026-03-03 07:30:10'),(665,NULL,NULL,'login_failed','auth',NULL,'Input: school_test1','::1','2026-03-03 07:30:37'),(666,2,14,'logout','user',14,NULL,'::1','2026-03-03 07:49:40'),(667,2,14,'login','user',14,NULL,'::1','2026-03-03 07:49:53'),(668,2,14,'login','user',14,NULL,'::1','2026-03-03 07:58:53'),(669,2,14,'login','user',14,NULL,'::1','2026-03-03 09:46:14'),(670,2,14,'update','Timetable',14,'تم تحديث جدول الحصص للمعلم ID: 14','::1','2026-03-03 10:01:53'),(671,2,14,'update','Timetable',14,'تم تحديث جدول الحصص للمعلم ID: 14','::1','2026-03-03 10:02:00'),(672,2,14,'update','PeriodTimes',NULL,'تم تحديث مواعيد الحصص للمدرسة.','::1','2026-03-03 10:02:02'),(673,1,2,'login','user',2,NULL,'::1','2026-03-03 14:34:31'),(674,1,2,'logout','user',2,NULL,'::1','2026-03-03 14:35:11'),(677,NULL,NULL,'login_failed','auth',NULL,'Input: 1146521727','::1','2026-03-03 14:38:20'),(680,NULL,NULL,'logout','user',NULL,NULL,'::1','2026-03-03 18:48:42'),(681,2,14,'login','user',14,NULL,'::1','2026-03-03 18:49:00'),(682,2,14,'update','PeriodTimes',NULL,'تم تحديث مواعيد الحصص للمدرسة.','::1','2026-03-03 18:49:54'),(683,2,14,'update','class',11,'1/1','::1','2026-03-03 19:00:14'),(684,2,14,'update','class',12,'1/2','::1','2026-03-03 19:00:21'),(685,2,14,'update','class',13,'2/1','::1','2026-03-03 19:00:30'),(686,2,14,'update','class',14,'1/2','::1','2026-03-03 19:00:38'),(687,2,14,'import_students','students',NULL,'Imported: 3, Updated: 0, Skipped: 0','::1','2026-03-03 19:06:39'),(688,2,14,'update','school_logo',2,'تم تغيير شعار المدرسة','::1','2026-03-03 19:20:39'),(689,2,14,'create','sports_team',20,'فريق فصل 1 / 1 (تنس طاولة)','::1','2026-03-03 19:38:54'),(690,2,14,'create','tournament',30,'بطولة تنس الطاولة','::1','2026-03-03 19:39:46'),(691,NULL,NULL,'logout','user',NULL,NULL,'::1','2026-03-03 19:49:48'),(692,2,14,'login','user',14,NULL,'::1','2026-03-03 19:50:02'),(693,2,14,'delete','class',14,NULL,'::1','2026-03-03 19:56:06'),(694,2,14,'update','class',15,'2/2','::1','2026-03-03 19:56:15'),(695,2,14,'create','sports_team',21,'فريق فصل 2/1 (تنس طاولة)','::1','2026-03-03 20:20:32'),(696,2,14,'update','sports_team',21,'فريق فصل 2/1 (تنس طاولة)','::1','2026-03-03 20:20:51'),(697,2,14,'update','tournament',30,NULL,'::1','2026-03-03 20:21:55'),(698,2,14,'start','tournament',30,NULL,'::1','2026-03-03 20:22:05'),(699,2,14,'match_result','match',864,'1 - 0','::1','2026-03-03 20:22:29'),(700,2,14,'complete','tournament',30,NULL,'::1','2026-03-03 20:30:37'),(701,2,14,'delete','tournament',30,NULL,'::1','2026-03-03 20:30:41'),(702,2,14,'create','tournament',31,'تنس','::1','2026-03-03 20:31:08'),(703,2,14,'start','tournament',31,NULL,'::1','2026-03-03 20:31:32'),(704,2,14,'match_result','match',866,'1 - 0','::1','2026-03-03 20:31:42'),(705,2,14,'match_result','match',867,'0 - 1','::1','2026-03-03 20:31:57'),(706,2,14,'match_result','match',868,'1 - 0','::1','2026-03-03 20:32:02'),(707,2,14,'complete','tournament',31,NULL,'::1','2026-03-03 20:32:14'),(708,2,14,'create','tournament',32,'٣ فرق تنس','::1','2026-03-03 20:32:42'),(709,2,14,'start','tournament',32,NULL,'::1','2026-03-03 20:33:48'),(710,2,14,'match_result','match',869,'1 - 0','::1','2026-03-03 20:33:57'),(711,2,14,'match_result','match',871,'0 - 1','::1','2026-03-03 20:35:48'),(712,2,14,'complete','tournament',32,NULL,'::1','2026-03-03 20:37:33'),(713,2,14,'delete','tournament',32,NULL,'::1','2026-03-03 20:38:01'),(714,2,14,'create','tournament',33,'٣ فرق','::1','2026-03-03 20:38:24'),(715,2,14,'start','tournament',33,NULL,'::1','2026-03-03 20:39:03'),(716,2,14,'match_result','match',875,'1 - 0','::1','2026-03-03 20:39:10'),(717,2,14,'match_result','match',877,'1 - 0','::1','2026-03-03 20:39:24'),(718,2,14,'complete','tournament',33,NULL,'::1','2026-03-03 20:44:09'),(719,2,14,'delete','tournament',33,NULL,'::1','2026-03-03 20:44:14'),(720,2,14,'create','tournament',34,'تنس','::1','2026-03-03 20:44:31'),(721,2,14,'start','tournament',34,NULL,'::1','2026-03-03 20:45:29'),(722,2,14,'match_result','match',881,'1 - 0','::1','2026-03-03 20:45:35'),(723,2,14,'match_result','match',883,'0 - 1','::1','2026-03-03 20:45:51'),(724,2,14,'complete','tournament',34,NULL,'::1','2026-03-03 20:50:29'),(725,2,14,'delete','tournament',34,NULL,'::1','2026-03-03 20:50:32'),(726,2,14,'create','sports_team',22,'تنس','::1','2026-03-03 20:50:56'),(727,2,14,'create','tournament',35,'تنس خروج المغلوب مرتين ٣ فرق','::1','2026-03-03 20:51:31'),(728,2,14,'start','tournament',35,NULL,'::1','2026-03-03 20:51:57'),(729,2,14,'match_result','match',885,'0 - 1','::1','2026-03-03 20:52:06'),(730,2,14,'match_result','match',887,'0 - 1','::1','2026-03-03 20:52:20'),(731,2,14,'complete','tournament',35,NULL,'::1','2026-03-03 20:53:10'),(732,2,14,'delete','tournament',35,NULL,'::1','2026-03-03 20:53:14'),(733,2,14,'create','tournament',36,'خروج المغلوب من مرتين ٣ فرق','::1','2026-03-03 20:53:45'),(734,2,14,'start','tournament',36,NULL,'::1','2026-03-03 20:54:44'),(735,2,14,'match_result','match',891,'1 - 0','::1','2026-03-03 20:54:49'),(736,2,14,'match_result','match',893,'0 - 1','::1','2026-03-03 20:55:26'),(737,2,14,'create','tournament',37,'خروج المغلوب من مرتين ٤ فرق','::1','2026-03-03 20:57:04'),(738,2,14,'start','tournament',37,NULL,'::1','2026-03-03 20:58:01'),(739,2,14,'match_result','match',897,'1 - 0','::1','2026-03-03 20:58:06'),(740,2,14,'match_result','match',898,'1 - 0','::1','2026-03-03 20:58:12'),(741,2,14,'match_result','match',900,'1 - 0','::1','2026-03-03 20:58:24'),(742,2,14,'match_result','match',899,'1 - 0','::1','2026-03-03 20:58:35'),(743,2,14,'match_result','match',901,'1 - 0','::1','2026-03-03 20:59:09'),(744,2,14,'match_result','match',902,'0 - 1','::1','2026-03-03 20:59:36'),(745,2,14,'match_result','match',903,'0 - 1','::1','2026-03-03 20:59:44'),(746,2,14,'create','tournament',38,'تنس خروج المغلوب من مرة  ٤ فرق','::1','2026-03-03 21:09:46'),(747,2,14,'start','tournament',38,NULL,'::1','2026-03-03 21:10:25'),(748,2,14,'match_result','match',904,'1 - 0','::1','2026-03-03 21:10:33'),(749,2,14,'match_result','match',905,'1 - 0','::1','2026-03-03 21:10:38'),(750,2,14,'match_result','match',907,'1 - 0','::1','2026-03-03 21:11:08'),(751,2,14,'match_result','match',906,'0 - 1','::1','2026-03-03 21:11:15'),(752,2,14,'create','tournament',39,'٤ فرق خروج المغلوب من مرة','::1','2026-03-03 21:13:59'),(753,2,14,'start','tournament',39,NULL,'::1','2026-03-03 21:14:50'),(754,2,14,'match_result','match',908,'1 - 0','::1','2026-03-03 21:15:12'),(755,2,14,'match_result','match',909,'0 - 1','::1','2026-03-03 21:15:27'),(756,2,14,'match_result','match',911,'1 - 0','::1','2026-03-03 21:16:03'),(757,2,14,'match_result','match',910,'1 - 0','::1','2026-03-03 21:16:36'),(758,2,14,'complete','tournament',39,NULL,'::1','2026-03-03 21:26:48'),(759,2,14,'create','sports_team',23,'فريق ٥','::1','2026-03-03 21:27:11'),(760,2,14,'create','sports_team',24,'فريق ١','::1','2026-03-03 21:27:26'),(761,2,14,'create','sports_team',25,'فريق ٢','::1','2026-03-03 21:27:39'),(762,2,14,'create','sports_team',26,'فريق ٣','::1','2026-03-03 21:27:47'),(763,2,14,'create','tournament',40,'test','::1','2026-03-03 21:28:17'),(764,2,14,'update','tournament',40,NULL,'::1','2026-03-03 21:29:31'),(765,2,14,'update','tournament',40,NULL,'::1','2026-03-03 21:31:01'),(766,2,14,'update','sports_team',20,'فريق6','::1','2026-03-03 21:32:27'),(767,2,14,'update','sports_team',22,'فريق ٧','::1','2026-03-03 21:32:54'),(768,2,14,'update','sports_team',21,'فريق ٤','::1','2026-03-03 21:33:20'),(769,2,14,'schedule_matches','tournament',40,'21 matches','::1','2026-03-03 21:42:32'),(770,2,14,'start','tournament',40,NULL,'::1','2026-03-03 21:43:03'),(771,2,14,'match_result','match',934,'1 - 2','::1','2026-03-03 21:43:15'),(772,2,14,'match_result','match',935,'2 - 2','::1','2026-03-03 21:43:23'),(773,2,14,'match_result','match',936,'2 - 1','::1','2026-03-03 21:43:32'),(774,2,14,'match_result','match',937,'1 - 1','::1','2026-03-03 21:43:37'),(775,2,14,'match_result','match',938,'2 - 2','::1','2026-03-03 21:43:44'),(776,2,14,'match_result','match',939,'1 - 2','::1','2026-03-03 21:43:51'),(777,2,14,'match_result','match',940,'2 - 1','::1','2026-03-03 21:44:02'),(778,2,14,'match_result','match',941,'1 - 1','::1','2026-03-03 21:44:08'),(779,2,14,'match_result','match',942,'1 - 2','::1','2026-03-03 21:44:16'),(780,2,14,'match_result','match',943,'2 - 3','::1','2026-03-03 21:44:26'),(781,2,14,'match_result','match',944,'0 - 1','::1','2026-03-03 21:44:32'),(782,2,14,'match_result','match',946,'1 - 2','::1','2026-03-03 21:44:43'),(783,2,14,'match_result','match',945,'2 - 2','::1','2026-03-03 21:44:50'),(784,2,14,'match_result','match',947,'1 - 1','::1','2026-03-03 21:44:57'),(785,2,14,'match_result','match',948,'2 - 1','::1','2026-03-03 21:45:04'),(786,2,14,'match_result','match',949,'1 - 2','::1','2026-03-03 21:45:19'),(787,2,14,'match_result','match',950,'2 - 1','::1','2026-03-03 21:45:27'),(788,2,14,'match_result','match',951,'1 - 1','::1','2026-03-03 21:45:38'),(789,2,14,'match_result','match',952,'1 - 0','::1','2026-03-03 21:46:25'),(790,2,14,'match_result','match',953,'1 - 0','::1','2026-03-03 21:46:32'),(791,2,14,'match_result','match',954,'1 - 0','::1','2026-03-03 21:46:37'),(792,2,14,'complete','tournament',40,NULL,'::1','2026-03-03 21:47:32'),(793,2,14,'logout','user',14,NULL,'::1','2026-03-03 22:18:42'),(794,2,14,'login','user',14,NULL,'::1','2026-03-03 22:18:58'),(795,2,14,'logout','user',14,NULL,'::1','2026-03-03 22:35:31'),(796,2,14,'login','user',14,NULL,'::1','2026-03-03 22:36:10'),(797,2,14,'login','user',14,NULL,'::1','2026-03-03 22:44:26'),(798,2,14,'login','user',14,NULL,'::1','2026-03-03 22:54:48'),(799,1,1,'login','user',1,NULL,'::1','2026-03-03 22:55:37'),(800,2,14,'login','user',14,NULL,'::1','2026-03-03 22:58:34'),(801,2,14,'create','tournament',41,'١','::1','2026-03-03 23:50:27'),(802,2,14,'create','tournament',42,'س','::1','2026-03-03 23:50:48'),(803,2,14,'delete','tournament',42,NULL,'::1','2026-03-03 23:51:09'),(804,2,14,'update','user',15,'علي محمد','::1','2026-03-03 23:54:56'),(805,2,14,'logout','user',14,NULL,'::1','2026-03-03 23:56:25'),(806,2,14,'calendar_save','calendar',2,'حدث','::1','2026-03-04 00:12:45'),(807,2,14,'calendar_delete','calendar',2,NULL,'::1','2026-03-04 00:12:57'),(808,NULL,NULL,'update','platform_settings',0,'تم تحديث إعدادات وضع الصيانة','::1','2026-03-04 01:18:21'),(809,NULL,NULL,'update','platform_settings',0,'تم تحديث إعدادات وضع الصيانة','::1','2026-03-04 01:21:58'),(810,2,14,'logout','user',14,NULL,'::1','2026-03-04 01:22:22'),(811,2,14,'login','user',14,NULL,'::1','2026-03-04 01:22:34'),(812,2,14,'logout','user',14,NULL,'::1','2026-03-04 01:25:05'),(813,2,14,'login','user',14,NULL,'::1','2026-03-04 01:25:37'),(814,NULL,NULL,'update','platform_settings',0,'تم تحديث إعدادات وضع الصيانة','::1','2026-03-04 01:26:02'),(815,NULL,NULL,'update','platform_settings',0,'تم تحديث إعدادات وضع الصيانة','::1','2026-03-04 01:28:21'),(816,2,14,'login','user',14,NULL,'::1','2026-03-04 01:28:37'),(817,NULL,NULL,'update','platform_settings',0,'تم تحديث إعدادات وضع الصيانة','::1','2026-03-04 01:28:44'),(818,2,14,'update','platform_settings',0,'تم تحديث إعدادات وضع الصيانة','::1','2026-03-04 01:29:51'),(819,2,14,'update','platform_settings',0,'تم تحديث إعدادات وضع الصيانة','::1','2026-03-04 01:30:23'),(820,2,14,'update','platform_settings',0,'تم تحديث إعدادات وضع الصيانة','::1','2026-03-04 01:32:42'),(821,2,14,'logout','user',14,NULL,'::1','2026-03-04 01:34:50'),(822,2,14,'login','user',14,NULL,'::1','2026-03-04 01:35:00'),(823,2,14,'login','user',14,NULL,'::1','2026-03-04 01:39:07'),(824,2,14,'login','user',14,NULL,'::1','2026-03-04 01:39:13'),(825,2,14,'login','user',14,NULL,'::1','2026-03-04 01:39:19'),(826,2,14,'login','user',14,NULL,'::1','2026-03-04 01:40:59'),(827,2,14,'login','user',14,NULL,'::1','2026-03-04 01:41:19'),(828,2,14,'login','user',14,NULL,'::1','2026-03-04 01:41:25'),(829,2,14,'login','user',14,NULL,'::1','2026-03-04 01:41:49'),(830,1,1,'login','user',1,NULL,'::1','2026-03-04 01:41:59'),(831,1,1,'logout','user',1,NULL,'::1','2026-03-04 01:42:04'),(832,2,14,'login','user',14,NULL,'::1','2026-03-04 01:42:12'),(833,2,14,'login','user',14,NULL,'::1','2026-03-04 01:42:59'),(834,2,14,'login','user',14,NULL,'::1','2026-03-04 01:43:04'),(835,2,14,'login','user',14,NULL,'::1','2026-03-04 01:43:36'),(836,2,14,'login','user',14,NULL,'::1','2026-03-04 01:43:55'),(837,2,14,'login','user',14,NULL,'::1','2026-03-04 01:44:16'),(838,2,14,'login','user',14,NULL,'::1','2026-03-04 01:44:25'),(839,2,14,'login','user',14,NULL,'::1','2026-03-04 01:44:35'),(840,2,14,'login','user',14,NULL,'::1','2026-03-04 01:44:45'),(841,2,14,'login','user',14,NULL,'::1','2026-03-04 01:45:01'),(842,2,14,'login','user',14,NULL,'::1','2026-03-04 01:45:24'),(843,2,14,'login','user',14,NULL,'::1','2026-03-04 01:45:53'),(844,2,14,'login','user',14,NULL,'::1','2026-03-04 01:46:01'),(845,1,1,'login','user',1,NULL,'::1','2026-03-04 01:46:31'),(846,1,1,'logout','user',1,NULL,'::1','2026-03-04 01:46:44'),(847,2,14,'login','user',14,NULL,'::1','2026-03-04 01:46:51'),(848,2,14,'login','user',14,NULL,'::1','2026-03-04 01:46:57'),(849,2,14,'login','user',14,NULL,'::1','2026-03-04 01:47:29'),(850,2,14,'login','user',14,NULL,'::1','2026-03-04 01:49:23'),(851,2,14,'login','user',14,NULL,'::1','2026-03-04 01:49:30'),(852,2,14,'login','user',14,NULL,'::1','2026-03-04 01:49:36'),(853,2,14,'login','user',14,NULL,'::1','2026-03-04 01:50:20'),(854,2,14,'login','user',14,NULL,'::1','2026-03-04 01:50:27'),(855,2,14,'login','user',14,NULL,'::1','2026-03-04 01:51:43'),(856,2,14,'login','user',14,NULL,'::1','2026-03-04 01:52:07'),(857,1,1,'login','user',1,NULL,'::1','2026-03-04 01:52:13'),(858,1,1,'logout','user',1,NULL,'::1','2026-03-04 01:52:17'),(859,2,14,'login','user',14,NULL,'::1','2026-03-04 01:52:29'),(860,2,14,'login','user',14,NULL,'::1','2026-03-04 02:00:35'),(861,2,14,'login','user',14,NULL,'::1','2026-03-04 02:01:13'),(862,2,14,'login','user',14,NULL,'::1','2026-03-04 02:01:54'),(863,NULL,NULL,'update','platform_settings',0,'تم تحديث إعدادات وضع الصيانة','::1','2026-03-05 10:50:35'),(864,NULL,NULL,'update','platform_settings',0,'تم تحديث إعدادات وضع الصيانة','::1','2026-03-05 10:51:23'),(865,2,14,'login','user',14,NULL,'::1','2026-03-05 10:51:32'),(866,2,14,'login','user',14,NULL,'::1','2026-03-05 10:51:37'),(867,2,14,'login','user',14,NULL,'::1','2026-03-05 10:51:46'),(868,1,1,'login','user',1,NULL,'::1','2026-03-05 10:51:52'),(869,1,1,'logout','user',1,NULL,'::1','2026-03-05 10:52:00'),(870,2,14,'login','user',14,NULL,'::1','2026-03-05 10:53:21'),(871,1,2,'login','user',2,NULL,'::1','2026-03-05 10:56:43'),(872,NULL,NULL,'login_failed','auth',NULL,'Input: superadmin','::1','2026-03-05 11:43:11'),(873,2,14,'login','user',14,NULL,'::1','2026-03-05 14:20:17'),(874,2,14,'create','tournament',43,'تجربة ٣ خروج المغلوب من مرتين','::1','2026-03-05 17:06:06'),(875,2,14,'start','tournament',43,NULL,'::1','2026-03-05 17:07:18'),(876,2,14,'match_result','match',955,'1 - 2','::1','2026-03-05 17:07:34'),(877,2,14,'match_result','match',956,'2 - 1','::1','2026-03-05 17:07:40'),(878,2,14,'match_result','match',957,'2 - 1','::1','2026-03-05 17:07:52'),(879,2,14,'create','tournament',44,'تجربة','::1','2026-03-05 17:12:46'),(880,2,14,'schedule_matches','tournament',44,'3 matches','::1','2026-03-05 19:24:47'),(881,2,14,'start','tournament',44,NULL,'::1','2026-03-05 19:25:04'),(882,2,14,'delete','tournament',39,NULL,'::1','2026-03-05 20:39:19'),(883,2,14,'delete','tournament',31,NULL,'::1','2026-03-05 20:39:26'),(884,2,14,'complete','tournament',36,NULL,'::1','2026-03-05 20:39:37'),(885,2,14,'delete','tournament',36,NULL,'::1','2026-03-05 20:39:40'),(886,2,14,'delete','tournament',40,NULL,'::1','2026-03-05 20:39:58'),(887,2,14,'logout','user',14,NULL,'::1','2026-03-05 20:40:19'),(888,1,1,'login','user',1,NULL,'::1','2026-03-05 20:40:59'),(889,1,1,'update','school_settings',1,'تم تحديث إعدادات المدرسة: مدرسة النخبة الأهلية','::1','2026-03-05 20:43:14'),(890,1,1,'login','user',1,NULL,'::1','2026-03-06 12:04:42'),(891,1,1,'save_attendance','attendance',NULL,'Date: 2026-03-05, Records: 22','::1','2026-03-06 12:05:44'),(892,1,1,'save_measurement','student_measurements',97,NULL,'::1','2026-03-06 12:06:20'),(893,1,1,'save_fitness','student_fitness',1,'Records: 13','::1','2026-03-06 12:11:39'),(894,1,1,'save_fitness','student_fitness',1,'Records: 13','::1','2026-03-06 12:11:39'),(895,1,1,'save_fitness','student_fitness',1,'Records: 1','::1','2026-03-06 12:12:26'),(896,2,14,'login','user',14,NULL,'::1','2026-03-06 12:17:26'),(897,1,1,'create','training_session',2,'تدريب منتخب كرة القدم','::1','2026-03-06 12:20:41'),(898,1,1,'add_member','sports_team',15,NULL,'::1','2026-03-06 12:21:34'),(899,1,1,'create','training_session',3,'تدريب كرة القدم ','::1','2026-03-06 12:44:05'),(900,1,1,'complete','tournament',21,NULL,'::1','2026-03-06 12:48:16'),(901,1,1,'delete','tournament',21,NULL,'::1','2026-03-06 12:48:22'),(902,1,1,'complete','tournament',19,NULL,'::1','2026-03-06 12:48:31'),(903,1,1,'delete','tournament',19,NULL,'::1','2026-03-06 12:48:34'),(904,1,1,'update','user',1,'مدير المدرسة','::1','2026-03-06 12:49:22'),(905,1,1,'update','user',16,'علي أحمد','::1','2026-03-06 12:50:17'),(906,1,1,'delete','user',4,NULL,'::1','2026-03-06 12:50:33'),(907,1,1,'assign_class','teacher_classes',16,'Class: 6, Temp: 0','::1','2026-03-06 12:51:04'),(908,1,1,'assign_class','teacher_classes',16,'Class: 7, Temp: 0','::1','2026-03-06 12:51:09'),(909,1,1,'assign_class','teacher_classes',16,'Class: 8, Temp: 0','::1','2026-03-06 12:51:12'),(910,1,1,'login','user',1,NULL,'::1','2026-03-08 13:38:03'),(911,1,1,'logout','user',1,NULL,'::1','2026-03-08 13:38:23'),(912,1,2,'login','user',2,NULL,'::1','2026-03-08 13:38:51'),(913,NULL,NULL,'login_failed','auth',NULL,'Input: 1153670979','::1','2026-03-08 13:55:13'),(915,1,2,'logout','user',2,NULL,'::1','2026-03-08 14:15:53'),(916,1,1,'login','user',1,NULL,'::1','2026-03-08 14:16:12'),(917,2,14,'login','user',14,NULL,'::1','2026-03-08 19:32:14'),(918,2,14,'update','user',15,'علي محمد','::1','2026-03-08 19:36:45'),(919,1,1,'login','user',1,NULL,'::1','2026-03-09 04:08:28'),(920,1,1,'logout','user',1,NULL,'::1','2026-03-09 05:15:50'),(921,NULL,NULL,'login_failed','auth',NULL,'Input: teacher','::1','2026-03-09 05:16:13'),(922,1,2,'login','user',2,NULL,'::1','2026-03-09 05:16:20'),(923,1,2,'save_attendance','attendance',NULL,'Date: 2026-03-09, Records: 21','::1','2026-03-09 05:40:04'),(924,1,2,'save_attendance','attendance',NULL,'Date: 2026-03-09, Records: 21','::1','2026-03-09 05:45:54'),(925,1,2,'login','user',2,NULL,'::1','2026-03-09 05:46:39'),(926,1,1,'login','user',1,NULL,'::1','2026-03-09 06:18:08'),(927,1,1,'login','user',1,NULL,'::1','2026-03-09 15:37:09'),(928,1,2,'login','user',2,NULL,'::1','2026-03-09 21:07:01'),(929,1,1,'login','user',1,NULL,'::1','2026-03-09 21:12:28'),(930,1,1,'create','tournament',45,'تجربة دوري','::1','2026-03-09 21:22:01'),(931,2,14,'login','user',14,NULL,'::1','2026-03-09 21:24:47'),(932,2,14,'logout','user',14,NULL,'::1','2026-03-09 21:25:05'),(933,1,2,'login','user',2,NULL,'::1','2026-03-09 21:25:25'),(934,1,2,'logout','user',2,NULL,'::1','2026-03-09 21:26:22'),(935,1,1,'login','user',1,NULL,'::1','2026-03-09 21:26:43'),(936,1,1,'start','tournament',45,NULL,'::1','2026-03-09 21:34:08'),(937,1,1,'create','tournament',46,'يبيبي','::1','2026-03-09 21:46:44'),(938,1,1,'logout','user',1,NULL,'::1','2026-03-09 23:16:05'),(939,1,2,'login','user',2,NULL,'::1','2026-03-09 23:16:29'),(940,2,14,'login','user',14,NULL,'::1','2026-03-10 04:13:26'),(941,2,14,'create','tournament',47,'تجربة خروج المغلوب من مرتين','::1','2026-03-10 04:13:58'),(942,2,14,'start','tournament',47,NULL,'::1','2026-03-10 04:15:40'),(943,NULL,NULL,'logout','user',NULL,NULL,'::1','2026-03-10 04:42:01'),(944,NULL,NULL,'login_failed','auth',NULL,'Input: 1146521727','::1','2026-03-10 04:42:12'),(945,NULL,NULL,'login_failed','auth',NULL,'Input: 1146521727','::1','2026-03-10 04:42:18'),(946,NULL,NULL,'login_failed','auth',NULL,'Input: 1146521727','::1','2026-03-10 04:42:21'),(957,1,1,'update','school_settings',1,'تم تحديث إعدادات المدرسة: مدرسة النخبة الأهلية','::1','2026-03-10 06:22:37'),(958,1,1,'logout','user',1,NULL,'::1','2026-03-10 07:29:35'),(959,NULL,NULL,'login_failed','auth',NULL,'Input: teacher','::1','2026-03-10 14:32:04'),(960,1,2,'login','user',2,NULL,'::1','2026-03-10 14:32:10'),(961,NULL,NULL,'logout','user',NULL,NULL,'::1','2026-03-10 14:39:14'),(962,1,1,'login','user',1,NULL,'::1','2026-03-10 14:39:23'),(963,1,1,'delete','tournament',46,NULL,'::1','2026-03-10 14:39:33'),(964,1,2,'complete','tournament',3,NULL,'::1','2026-03-10 14:40:09'),(965,1,1,'delete','tournament',3,NULL,'::1','2026-03-10 15:49:25'),(966,1,1,'login','user',1,NULL,'::1','2026-03-11 15:20:36'),(967,1,1,'logout','user',1,NULL,'::1','2026-03-11 15:21:58'),(968,1,1,'login','user',1,NULL,'::1','2026-03-11 15:22:11'),(969,1,1,'login','user',1,NULL,'::1','2026-03-12 03:33:55'),(970,1,1,'logout','user',1,NULL,'::1','2026-03-12 03:38:19'),(971,1,2,'login','user',2,NULL,'::1','2026-03-12 03:38:44'),(972,1,1,'login','user',1,NULL,'::1','2026-03-12 04:07:37'),(973,1,1,'logout','user',1,NULL,'::1','2026-03-12 04:08:22'),(974,1,1,'login','user',1,NULL,'::1','2026-03-12 04:08:42'),(975,1,1,'logout','user',1,NULL,'::1','2026-03-12 04:11:08'),(976,1,1,'login','user',1,NULL,'::1','2026-03-12 04:12:34'),(985,1,1,'login','user',1,NULL,'::1','2026-03-12 04:47:21'),(986,1,1,'update_parent','parents',2,'محمد العنزي','::1','2026-03-12 04:47:44'),(987,1,2,'parent_login','parent',2,NULL,'::1','2026-03-12 04:48:21'),(993,NULL,NULL,'login_failed','auth',NULL,'Input: 1146343601','::1','2026-03-12 04:55:53'),(1001,NULL,NULL,'login_failed','auth',NULL,'Input: 1002','::1','2026-03-12 04:57:33'),(1006,1,2,'logout','user',2,NULL,'::1','2026-03-12 05:08:11'),(1007,1,1,'login','user',1,NULL,'::1','2026-03-12 05:37:52'),(1008,1,1,'update_profile','admin',1,'Password updated','::1','2026-03-12 05:52:43'),(1009,1,1,'update','school_settings',1,'تم تحديث إعدادات المدرسة: مدرسة النخبة الأهلية','::1','2026-03-12 06:31:56'),(1010,1,1,'update','school_settings',1,'تم تحديث إعدادات المدرسة: مدرسة النخبة الأهلية','::1','2026-03-12 06:45:12'),(1011,1,1,'update','school_settings',1,'تم تحديث إعدادات المدرسة: مدرسة النخبة الأهلية','::1','2026-03-12 06:51:00'),(1012,1,1,'update','school_settings',1,'تم تحديث إعدادات المدرسة: مدرسة النخبة الأهلية','::1','2026-03-12 06:57:10'),(1014,1,1,'save_attendance','attendance',NULL,'Date: 2026-03-12, Records: 22','::1','2026-03-12 07:32:13'),(1016,1,2,'login','user',2,NULL,'::1','2026-03-12 08:05:45'),(1017,1,2,'update_profile','teacher',2,'Password updated','::1','2026-03-12 08:06:01'),(1018,1,2,'save_attendance','attendance',NULL,'Date: 2026-03-12, Records: 22','::1','2026-03-12 08:43:13');
/*!40000 ALTER TABLE `activity_log` ENABLE KEYS */;
UNLOCK TABLES;

--
-- Table structure for table `attendance`
--

DROP TABLE IF EXISTS `attendance`;
/*!40101 SET @saved_cs_client     = @@character_set_client */;
/*!40101 SET character_set_client = utf8 */;
CREATE TABLE `attendance` (
  `id` int(10) unsigned NOT NULL AUTO_INCREMENT,
  `school_id` int(10) unsigned DEFAULT 1,
  `student_id` int(10) unsigned NOT NULL,
  `attendance_date` date NOT NULL,
  `status` enum('present','absent','late') NOT NULL DEFAULT 'present',
  `uniform_status` enum('full','partial','wrong','missing') DEFAULT NULL,
  `behavior_stars` tinyint(4) DEFAULT 0,
  `skills_stars` tinyint(4) DEFAULT 0,
  `participation_stars` tinyint(3) unsigned DEFAULT 0,
  `notes` varchar(255) DEFAULT NULL,
  `recorded_by` int(10) unsigned DEFAULT NULL,
  `created_at` timestamp NULL DEFAULT current_timestamp(),
  `updated_at` timestamp NULL DEFAULT current_timestamp() ON UPDATE current_timestamp(),
  PRIMARY KEY (`id`),
  UNIQUE KEY `uk_student_date` (`school_id`,`student_id`,`attendance_date`),
  KEY `idx_date` (`attendance_date`),
  KEY `idx_status` (`status`),
  KEY `fk_attendance_user` (`recorded_by`),
  KEY `idx_attendance_school` (`school_id`),
  KEY `tmp_idx_migration` (`student_id`),
  CONSTRAINT `fk_attendance_student` FOREIGN KEY (`student_id`) REFERENCES `students` (`id`) ON DELETE CASCADE ON UPDATE CASCADE,
  CONSTRAINT `fk_attendance_user` FOREIGN KEY (`recorded_by`) REFERENCES `users` (`id`) ON DELETE SET NULL ON UPDATE CASCADE
) ENGINE=InnoDB AUTO_INCREMENT=425 DEFAULT CHARSET=utf8mb4 COLLATE=utf8mb4_unicode_ci;
/*!40101 SET character_set_client = @saved_cs_client */;

--
-- Dumping data for table `attendance`
--

LOCK TABLES `attendance` WRITE;
/*!40000 ALTER TABLE `attendance` DISABLE KEYS */;
INSERT INTO `attendance` VALUES (3,1,3,'2026-02-14','late',NULL,0,0,0,NULL,1,'2026-02-14 03:42:23','2026-02-14 03:42:23'),(4,1,4,'2026-02-14','present',NULL,0,0,0,NULL,1,'2026-02-14 03:42:23','2026-02-14 03:42:23'),(5,1,5,'2026-02-14','present',NULL,0,0,0,NULL,1,'2026-02-14 03:42:23','2026-02-14 03:42:23'),(6,1,6,'2026-02-14','present',NULL,0,0,0,NULL,1,'2026-02-14 03:42:23','2026-02-14 03:42:23'),(7,1,7,'2026-02-14','present',NULL,0,0,0,NULL,1,'2026-02-14 03:42:23','2026-02-14 03:42:23'),(8,1,8,'2026-02-14','absent',NULL,0,0,0,NULL,1,'2026-02-14 03:42:23','2026-02-14 03:42:23'),(9,1,9,'2026-02-14','present',NULL,0,0,0,NULL,1,'2026-02-14 03:42:23','2026-02-14 03:42:23'),(10,1,10,'2026-02-14','present',NULL,0,0,0,NULL,1,'2026-02-14 03:42:23','2026-02-14 03:42:23'),(11,1,11,'2026-02-14','absent',NULL,0,0,0,NULL,1,'2026-02-14 03:42:23','2026-02-14 03:42:23'),(12,1,12,'2026-02-14','late',NULL,0,0,0,NULL,1,'2026-02-14 03:42:23','2026-02-14 03:42:23'),(13,1,13,'2026-02-14','present',NULL,0,0,0,NULL,1,'2026-02-14 03:42:23','2026-02-14 03:42:23'),(14,1,14,'2026-02-14','late',NULL,0,0,0,NULL,1,'2026-02-14 03:42:23','2026-02-14 03:42:23'),(15,1,15,'2026-02-14','present',NULL,0,0,0,NULL,1,'2026-02-14 03:42:23','2026-02-14 03:42:23'),(16,1,16,'2026-02-14','late',NULL,0,0,0,NULL,1,'2026-02-14 03:42:23','2026-02-14 03:42:23'),(17,1,17,'2026-02-14','present',NULL,0,0,0,NULL,1,'2026-02-14 03:42:23','2026-02-14 03:42:23'),(18,1,18,'2026-02-14','present',NULL,0,0,0,NULL,1,'2026-02-14 03:42:23','2026-02-14 03:42:23'),(19,1,19,'2026-02-14','absent',NULL,0,0,0,NULL,1,'2026-02-14 03:42:23','2026-02-14 03:42:23'),(20,1,20,'2026-02-14','present',NULL,0,0,0,NULL,1,'2026-02-14 03:42:23','2026-02-14 03:42:23'),(21,1,21,'2026-02-14','present',NULL,0,0,0,NULL,1,'2026-02-14 03:42:23','2026-02-14 03:42:23'),(22,1,22,'2026-02-14','present',NULL,0,0,0,NULL,1,'2026-02-14 03:42:23','2026-02-14 03:42:23'),(23,1,23,'2026-02-14','present',NULL,0,0,0,NULL,1,'2026-02-14 03:42:23','2026-02-14 03:42:23'),(24,1,24,'2026-02-14','present',NULL,0,0,0,NULL,1,'2026-02-14 03:42:23','2026-02-14 03:42:23'),(25,1,25,'2026-02-14','present',NULL,0,0,0,NULL,1,'2026-02-14 03:42:23','2026-02-14 03:42:23'),(26,1,26,'2026-02-14','present',NULL,0,0,0,NULL,1,'2026-02-14 03:42:23','2026-02-14 03:42:23'),(27,1,27,'2026-02-14','present',NULL,0,0,0,NULL,1,'2026-02-14 03:42:23','2026-02-14 03:42:23'),(28,1,28,'2026-02-14','present',NULL,0,0,0,NULL,1,'2026-02-14 03:42:23','2026-02-14 03:42:23'),(29,1,29,'2026-02-14','present',NULL,0,0,0,NULL,1,'2026-02-14 03:42:23','2026-02-14 03:42:23'),(30,1,30,'2026-02-14','present',NULL,0,0,0,NULL,1,'2026-02-14 03:42:23','2026-02-14 03:42:23'),(31,1,31,'2026-02-14','present',NULL,0,0,0,NULL,1,'2026-02-14 03:42:23','2026-02-14 03:42:23'),(32,1,32,'2026-02-14','present',NULL,0,0,0,NULL,1,'2026-02-14 03:42:23','2026-02-14 03:42:23'),(33,1,33,'2026-02-14','present',NULL,0,0,0,NULL,1,'2026-02-14 03:42:23','2026-02-14 03:42:23'),(34,1,34,'2026-02-14','present',NULL,0,0,0,NULL,1,'2026-02-14 03:42:23','2026-02-14 03:42:23'),(35,1,35,'2026-02-14','present',NULL,0,0,0,NULL,1,'2026-02-14 03:42:23','2026-02-14 03:42:23'),(36,1,36,'2026-02-14','present',NULL,0,0,0,NULL,1,'2026-02-14 03:42:23','2026-02-14 03:42:23'),(37,1,37,'2026-02-14','present',NULL,0,0,0,NULL,1,'2026-02-14 03:42:23','2026-02-14 03:42:23'),(38,1,38,'2026-02-14','present',NULL,0,0,0,NULL,1,'2026-02-14 03:42:23','2026-02-14 03:42:23'),(39,1,39,'2026-02-14','present',NULL,0,0,0,NULL,1,'2026-02-14 03:42:23','2026-02-14 03:42:23'),(40,1,40,'2026-02-14','present',NULL,0,0,0,NULL,1,'2026-02-14 03:42:23','2026-02-14 03:42:23'),(41,1,41,'2026-02-14','present',NULL,0,0,0,NULL,1,'2026-02-14 03:42:23','2026-02-14 03:42:23'),(42,1,42,'2026-02-14','present',NULL,0,0,0,NULL,1,'2026-02-14 03:42:23','2026-02-14 03:42:23'),(43,1,43,'2026-02-14','present',NULL,0,0,0,NULL,1,'2026-02-14 03:42:23','2026-02-14 03:42:23'),(44,1,44,'2026-02-14','present',NULL,0,0,0,NULL,1,'2026-02-14 03:42:23','2026-02-14 03:42:23'),(45,1,45,'2026-02-14','present',NULL,0,0,0,NULL,1,'2026-02-14 03:42:23','2026-02-14 03:42:23'),(46,1,46,'2026-02-14','present',NULL,0,0,0,NULL,1,'2026-02-14 03:42:23','2026-02-14 03:42:23'),(47,1,47,'2026-02-14','present',NULL,0,0,0,NULL,1,'2026-02-14 03:42:23','2026-02-14 03:42:23'),(50,1,3,'2026-02-13','absent',NULL,0,0,0,NULL,1,'2026-02-14 03:42:23','2026-02-14 03:42:23'),(51,1,4,'2026-02-13','late',NULL,0,0,0,NULL,1,'2026-02-14 03:42:23','2026-02-14 03:42:23'),(52,1,5,'2026-02-13','present',NULL,0,0,0,NULL,1,'2026-02-14 03:42:23','2026-02-14 03:42:23'),(53,1,6,'2026-02-13','present',NULL,0,0,0,NULL,1,'2026-02-14 03:42:23','2026-02-14 03:42:23'),(54,1,7,'2026-02-13','late',NULL,0,0,0,NULL,1,'2026-02-14 03:42:23','2026-02-14 03:42:23'),(55,1,8,'2026-02-13','late',NULL,0,0,0,NULL,1,'2026-02-14 03:42:23','2026-02-14 03:42:23'),(56,1,9,'2026-02-13','present',NULL,0,0,0,NULL,1,'2026-02-14 03:42:23','2026-02-14 03:42:23'),(57,1,10,'2026-02-13','present',NULL,0,0,0,NULL,1,'2026-02-14 03:42:23','2026-02-14 03:42:23'),(58,1,11,'2026-02-13','present',NULL,0,0,0,NULL,1,'2026-02-14 03:42:23','2026-02-14 03:42:23'),(59,1,12,'2026-02-13','present',NULL,0,0,0,NULL,1,'2026-02-14 03:42:23','2026-02-14 03:42:23'),(60,1,13,'2026-02-13','present',NULL,0,0,0,NULL,1,'2026-02-14 03:42:23','2026-02-14 03:42:23'),(61,1,14,'2026-02-13','late',NULL,0,0,0,NULL,1,'2026-02-14 03:42:23','2026-02-14 03:42:23'),(62,1,15,'2026-02-13','late',NULL,0,0,0,NULL,1,'2026-02-14 03:42:23','2026-02-14 03:42:23'),(63,1,16,'2026-02-13','present',NULL,0,0,0,NULL,1,'2026-02-14 03:42:23','2026-02-14 03:42:23'),(64,1,17,'2026-02-13','present',NULL,0,0,0,NULL,1,'2026-02-14 03:42:23','2026-02-14 03:42:23'),(65,1,18,'2026-02-13','late',NULL,0,0,0,NULL,1,'2026-02-14 03:42:23','2026-02-14 03:42:23'),(66,1,19,'2026-02-13','present',NULL,0,0,0,NULL,1,'2026-02-14 03:42:23','2026-02-14 03:42:23'),(67,1,20,'2026-02-13','present',NULL,0,0,0,NULL,1,'2026-02-14 03:42:23','2026-02-14 03:42:23'),(68,1,21,'2026-02-13','present',NULL,0,0,0,NULL,1,'2026-02-14 03:42:23','2026-02-14 03:42:23'),(69,1,22,'2026-02-13','late',NULL,0,0,0,NULL,1,'2026-02-14 03:42:23','2026-02-14 03:42:23'),(70,1,23,'2026-02-13','present',NULL,0,0,0,NULL,1,'2026-02-14 03:42:23','2026-02-14 03:42:23'),(71,1,24,'2026-02-13','absent',NULL,0,0,0,NULL,1,'2026-02-14 03:42:23','2026-02-14 03:42:23'),(72,1,25,'2026-02-13','present',NULL,0,0,0,NULL,1,'2026-02-14 03:42:23','2026-02-14 03:42:23'),(73,1,26,'2026-02-13','absent',NULL,0,0,0,NULL,1,'2026-02-14 03:42:23','2026-02-14 03:42:23'),(74,1,27,'2026-02-13','present',NULL,0,0,0,NULL,1,'2026-02-14 03:42:23','2026-02-14 03:42:23'),(75,1,28,'2026-02-13','late',NULL,0,0,0,NULL,1,'2026-02-14 03:42:23','2026-02-14 03:42:23'),(76,1,29,'2026-02-13','present',NULL,0,0,0,NULL,1,'2026-02-14 03:42:23','2026-02-14 03:42:23'),(77,1,30,'2026-02-13','present',NULL,0,0,0,NULL,1,'2026-02-14 03:42:23','2026-02-14 03:42:23'),(78,1,31,'2026-02-13','late',NULL,0,0,0,NULL,1,'2026-02-14 03:42:23','2026-02-14 03:42:23'),(79,1,32,'2026-02-13','present',NULL,0,0,0,NULL,1,'2026-02-14 03:42:23','2026-02-14 03:42:23'),(80,1,33,'2026-02-13','late',NULL,0,0,0,NULL,1,'2026-02-14 03:42:23','2026-02-14 03:42:23'),(81,1,34,'2026-02-13','present',NULL,0,0,0,NULL,1,'2026-02-14 03:42:23','2026-02-14 03:42:23'),(82,1,35,'2026-02-13','present',NULL,0,0,0,NULL,1,'2026-02-14 03:42:23','2026-02-14 03:42:23'),(83,1,36,'2026-02-13','present',NULL,0,0,0,NULL,1,'2026-02-14 03:42:23','2026-02-14 03:42:23'),(84,1,37,'2026-02-13','present',NULL,0,0,0,NULL,1,'2026-02-14 03:42:23','2026-02-14 03:42:23'),(85,1,38,'2026-02-13','present',NULL,0,0,0,NULL,1,'2026-02-14 03:42:23','2026-02-14 03:42:23'),(86,1,39,'2026-02-13','present',NULL,0,0,0,NULL,1,'2026-02-14 03:42:23','2026-02-14 03:42:23'),(87,1,40,'2026-02-13','present',NULL,0,0,0,NULL,1,'2026-02-14 03:42:23','2026-02-14 03:42:23'),(88,1,41,'2026-02-13','absent',NULL,0,0,0,NULL,1,'2026-02-14 03:42:23','2026-02-14 03:42:23'),(89,1,42,'2026-02-13','present',NULL,0,0,0,NULL,1,'2026-02-14 03:42:23','2026-02-14 03:42:23'),(90,1,43,'2026-02-13','present',NULL,0,0,0,NULL,1,'2026-02-14 03:42:23','2026-02-14 03:42:23'),(91,1,44,'2026-02-13','present',NULL,0,0,0,NULL,1,'2026-02-14 03:42:23','2026-02-14 03:42:23'),(92,1,45,'2026-02-13','present',NULL,0,0,0,NULL,1,'2026-02-14 03:42:23','2026-02-14 03:42:23'),(93,1,46,'2026-02-13','present',NULL,0,0,0,NULL,1,'2026-02-14 03:42:23','2026-02-14 03:42:23'),(94,1,47,'2026-02-13','late',NULL,0,0,0,NULL,1,'2026-02-14 03:42:23','2026-02-14 03:42:23'),(97,1,3,'2026-02-12','present',NULL,0,0,0,NULL,1,'2026-02-14 03:42:23','2026-02-14 03:42:23'),(98,1,4,'2026-02-12','absent',NULL,0,0,0,NULL,1,'2026-02-14 03:42:23','2026-02-14 03:42:23'),(99,1,5,'2026-02-12','present',NULL,0,0,0,NULL,1,'2026-02-14 03:42:23','2026-02-14 03:42:23'),(100,1,6,'2026-02-12','present',NULL,0,0,0,NULL,1,'2026-02-14 03:42:23','2026-02-14 03:42:23'),(101,1,7,'2026-02-12','present',NULL,0,0,0,NULL,1,'2026-02-14 03:42:23','2026-02-14 03:42:23'),(102,1,8,'2026-02-12','present',NULL,0,0,0,NULL,1,'2026-02-14 03:42:23','2026-02-14 03:42:23'),(103,1,9,'2026-02-12','late',NULL,0,0,0,NULL,1,'2026-02-14 03:42:23','2026-02-14 03:42:23'),(104,1,10,'2026-02-12','present',NULL,0,0,0,NULL,1,'2026-02-14 03:42:23','2026-02-14 03:42:23'),(105,1,11,'2026-02-12','present',NULL,0,0,0,NULL,1,'2026-02-14 03:42:23','2026-02-14 03:42:23'),(106,1,12,'2026-02-12','present',NULL,0,0,0,NULL,1,'2026-02-14 03:42:23','2026-02-14 03:42:23'),(107,1,13,'2026-02-12','present',NULL,0,0,0,NULL,1,'2026-02-14 03:42:23','2026-02-14 03:42:23'),(108,1,14,'2026-02-12','late',NULL,0,0,0,NULL,1,'2026-02-14 03:42:23','2026-02-14 03:42:23'),(109,1,15,'2026-02-12','present',NULL,0,0,0,NULL,1,'2026-02-14 03:42:23','2026-02-14 03:42:23'),(110,1,16,'2026-02-12','present',NULL,0,0,0,NULL,1,'2026-02-14 03:42:23','2026-02-14 03:42:23'),(111,1,17,'2026-02-12','present',NULL,0,0,0,NULL,1,'2026-02-14 03:42:23','2026-02-14 03:42:23'),(112,1,18,'2026-02-12','present',NULL,0,0,0,NULL,1,'2026-02-14 03:42:23','2026-02-14 03:42:23'),(113,1,19,'2026-02-12','present',NULL,0,0,0,NULL,1,'2026-02-14 03:42:23','2026-02-14 03:42:23'),(114,1,20,'2026-02-12','present',NULL,0,0,0,NULL,1,'2026-02-14 03:42:23','2026-02-14 03:42:23'),(115,1,21,'2026-02-12','present',NULL,0,0,0,NULL,1,'2026-02-14 03:42:23','2026-02-14 03:42:23'),(116,1,22,'2026-02-12','present',NULL,0,0,0,NULL,1,'2026-02-14 03:42:23','2026-02-14 03:42:23'),(117,1,23,'2026-02-12','present',NULL,0,0,0,NULL,1,'2026-02-14 03:42:23','2026-02-14 03:42:23'),(118,1,24,'2026-02-12','present',NULL,0,0,0,NULL,1,'2026-02-14 03:42:23','2026-02-14 03:42:23'),(119,1,25,'2026-02-12','present',NULL,0,0,0,NULL,1,'2026-02-14 03:42:23','2026-02-14 03:42:23'),(120,1,26,'2026-02-12','present',NULL,0,0,0,NULL,1,'2026-02-14 03:42:23','2026-02-14 03:42:23'),(121,1,27,'2026-02-12','present',NULL,0,0,0,NULL,1,'2026-02-14 03:42:23','2026-02-14 03:42:23'),(122,1,28,'2026-02-12','present',NULL,0,0,0,NULL,1,'2026-02-14 03:42:23','2026-02-14 03:42:23'),(123,1,29,'2026-02-12','present',NULL,0,0,0,NULL,1,'2026-02-14 03:42:23','2026-02-14 03:42:23'),(124,1,30,'2026-02-12','present',NULL,0,0,0,NULL,1,'2026-02-14 03:42:23','2026-02-14 03:42:23'),(125,1,31,'2026-02-12','present',NULL,0,0,0,NULL,1,'2026-02-14 03:42:23','2026-02-14 03:42:23'),(126,1,32,'2026-02-12','present',NULL,0,0,0,NULL,1,'2026-02-14 03:42:23','2026-02-14 03:42:23'),(127,1,33,'2026-02-12','present',NULL,0,0,0,NULL,1,'2026-02-14 03:42:23','2026-02-14 03:42:23'),(128,1,34,'2026-02-12','present',NULL,0,0,0,NULL,1,'2026-02-14 03:42:23','2026-02-14 03:42:23'),(129,1,35,'2026-02-12','present',NULL,0,0,0,NULL,1,'2026-02-14 03:42:23','2026-02-14 03:42:23'),(130,1,36,'2026-02-12','late',NULL,0,0,0,NULL,1,'2026-02-14 03:42:23','2026-02-14 03:42:23'),(131,1,37,'2026-02-12','present',NULL,0,0,0,NULL,1,'2026-02-14 03:42:23','2026-02-14 03:42:23'),(132,1,38,'2026-02-12','present',NULL,0,0,0,NULL,1,'2026-02-14 03:42:23','2026-02-14 03:42:23'),(133,1,39,'2026-02-12','present',NULL,0,0,0,NULL,1,'2026-02-14 03:42:23','2026-02-14 03:42:23'),(134,1,40,'2026-02-12','present',NULL,0,0,0,NULL,1,'2026-02-14 03:42:23','2026-02-14 03:42:23'),(135,1,41,'2026-02-12','present',NULL,0,0,0,NULL,1,'2026-02-14 03:42:23','2026-02-14 03:42:23'),(136,1,42,'2026-02-12','present',NULL,0,0,0,NULL,1,'2026-02-14 03:42:23','2026-02-14 03:42:23'),(137,1,43,'2026-02-12','late',NULL,0,0,0,NULL,1,'2026-02-14 03:42:23','2026-02-14 03:42:23'),(138,1,44,'2026-02-12','late',NULL,0,0,0,NULL,1,'2026-02-14 03:42:23','2026-02-14 03:42:23'),(139,1,45,'2026-02-12','present',NULL,0,0,0,NULL,1,'2026-02-14 03:42:23','2026-02-14 03:42:23'),(140,1,46,'2026-02-12','present',NULL,0,0,0,NULL,1,'2026-02-14 03:42:23','2026-02-14 03:42:23'),(141,1,47,'2026-02-12','present',NULL,0,0,0,NULL,1,'2026-02-14 03:42:23','2026-02-14 03:42:23'),(144,1,3,'2026-02-11','present',NULL,0,0,0,NULL,1,'2026-02-14 03:42:23','2026-02-14 03:42:23'),(145,1,4,'2026-02-11','late',NULL,0,0,0,NULL,1,'2026-02-14 03:42:23','2026-02-14 03:42:23'),(146,1,5,'2026-02-11','absent',NULL,0,0,0,NULL,1,'2026-02-14 03:42:23','2026-02-14 03:42:23'),(147,1,6,'2026-02-11','present',NULL,0,0,0,NULL,1,'2026-02-14 03:42:23','2026-02-14 03:42:23'),(148,1,7,'2026-02-11','present',NULL,0,0,0,NULL,1,'2026-02-14 03:42:23','2026-02-14 03:42:23'),(149,1,8,'2026-02-11','present',NULL,0,0,0,NULL,1,'2026-02-14 03:42:23','2026-02-14 03:42:23'),(150,1,9,'2026-02-11','late',NULL,0,0,0,NULL,1,'2026-02-14 03:42:23','2026-02-14 03:42:23'),(151,1,10,'2026-02-11','present',NULL,0,0,0,NULL,1,'2026-02-14 03:42:23','2026-02-14 03:42:23'),(152,1,11,'2026-02-11','late',NULL,0,0,0,NULL,1,'2026-02-14 03:42:23','2026-02-14 03:42:23'),(153,1,12,'2026-02-11','present',NULL,0,0,0,NULL,1,'2026-02-14 03:42:23','2026-02-14 03:42:23'),(154,1,13,'2026-02-11','present',NULL,0,0,0,NULL,1,'2026-02-14 03:42:23','2026-02-14 03:42:23'),(155,1,14,'2026-02-11','present',NULL,0,0,0,NULL,1,'2026-02-14 03:42:23','2026-02-14 03:42:23'),(156,1,15,'2026-02-11','present',NULL,0,0,0,NULL,1,'2026-02-14 03:42:23','2026-02-14 03:42:23'),(157,1,16,'2026-02-11','late',NULL,0,0,0,NULL,1,'2026-02-14 03:42:23','2026-02-14 03:42:23'),(158,1,17,'2026-02-11','present',NULL,0,0,0,NULL,1,'2026-02-14 03:42:23','2026-02-14 03:42:23'),(159,1,18,'2026-02-11','present',NULL,0,0,0,NULL,1,'2026-02-14 03:42:23','2026-02-14 03:42:23'),(160,1,19,'2026-02-11','present',NULL,0,0,0,NULL,1,'2026-02-14 03:42:23','2026-02-14 03:42:23'),(161,1,20,'2026-02-11','late',NULL,0,0,0,NULL,1,'2026-02-14 03:42:23','2026-02-14 03:42:23'),(162,1,21,'2026-02-11','present',NULL,0,0,0,NULL,1,'2026-02-14 03:42:23','2026-02-14 03:42:23'),(163,1,22,'2026-02-11','late',NULL,0,0,0,NULL,1,'2026-02-14 03:42:23','2026-02-14 03:42:23'),(164,1,23,'2026-02-11','present',NULL,0,0,0,NULL,1,'2026-02-14 03:42:23','2026-02-14 03:42:23'),(165,1,24,'2026-02-11','present',NULL,0,0,0,NULL,1,'2026-02-14 03:42:23','2026-02-14 03:42:23'),(166,1,25,'2026-02-11','present',NULL,0,0,0,NULL,1,'2026-02-14 03:42:23','2026-02-14 03:42:23'),(167,1,26,'2026-02-11','absent',NULL,0,0,0,NULL,1,'2026-02-14 03:42:23','2026-02-14 03:42:23'),(168,1,27,'2026-02-11','present',NULL,0,0,0,NULL,1,'2026-02-14 03:42:23','2026-02-14 03:42:23'),(169,1,28,'2026-02-11','absent',NULL,0,0,0,NULL,1,'2026-02-14 03:42:23','2026-02-14 03:42:23'),(170,1,29,'2026-02-11','late',NULL,0,0,0,NULL,1,'2026-02-14 03:42:23','2026-02-14 03:42:23'),(171,1,30,'2026-02-11','late',NULL,0,0,0,NULL,1,'2026-02-14 03:42:23','2026-02-14 03:42:23'),(172,1,31,'2026-02-11','present',NULL,0,0,0,NULL,1,'2026-02-14 03:42:23','2026-02-14 03:42:23'),(173,1,32,'2026-02-11','present',NULL,0,0,0,NULL,1,'2026-02-14 03:42:23','2026-02-14 03:42:23'),(174,1,33,'2026-02-11','present',NULL,0,0,0,NULL,1,'2026-02-14 03:42:23','2026-02-14 03:42:23'),(175,1,34,'2026-02-11','present',NULL,0,0,0,NULL,1,'2026-02-14 03:42:23','2026-02-14 03:42:23'),(176,1,35,'2026-02-11','present',NULL,0,0,0,NULL,1,'2026-02-14 03:42:23','2026-02-14 03:42:23'),(177,1,36,'2026-02-11','present',NULL,0,0,0,NULL,1,'2026-02-14 03:42:23','2026-02-14 03:42:23'),(178,1,37,'2026-02-11','present',NULL,0,0,0,NULL,1,'2026-02-14 03:42:23','2026-02-14 03:42:23'),(179,1,38,'2026-02-11','present',NULL,0,0,0,NULL,1,'2026-02-14 03:42:23','2026-02-14 03:42:23'),(180,1,39,'2026-02-11','late',NULL,0,0,0,NULL,1,'2026-02-14 03:42:23','2026-02-14 03:42:23'),(181,1,40,'2026-02-11','present',NULL,0,0,0,NULL,1,'2026-02-14 03:42:23','2026-02-14 03:42:23'),(182,1,41,'2026-02-11','present',NULL,0,0,0,NULL,1,'2026-02-14 03:42:23','2026-02-14 03:42:23'),(183,1,42,'2026-02-11','present',NULL,0,0,0,NULL,1,'2026-02-14 03:42:23','2026-02-14 03:42:23'),(184,1,43,'2026-02-11','present',NULL,0,0,0,NULL,1,'2026-02-14 03:42:23','2026-02-14 03:42:23'),(185,1,44,'2026-02-11','present',NULL,0,0,0,NULL,1,'2026-02-14 03:42:23','2026-02-14 03:42:23'),(186,1,45,'2026-02-11','present',NULL,0,0,0,NULL,1,'2026-02-14 03:42:23','2026-02-14 03:42:23'),(187,1,46,'2026-02-11','present',NULL,0,0,0,NULL,1,'2026-02-14 03:42:23','2026-02-14 03:42:23'),(188,1,47,'2026-02-11','present',NULL,0,0,0,NULL,1,'2026-02-14 03:42:23','2026-02-14 03:42:23'),(191,1,3,'2026-02-10','absent',NULL,0,0,0,NULL,1,'2026-02-14 03:42:23','2026-02-14 03:42:23'),(192,1,4,'2026-02-10','present',NULL,0,0,0,NULL,1,'2026-02-14 03:42:23','2026-02-14 03:42:23'),(193,1,5,'2026-02-10','present',NULL,0,0,0,NULL,1,'2026-02-14 03:42:23','2026-02-14 03:42:23'),(194,1,6,'2026-02-10','present',NULL,0,0,0,NULL,1,'2026-02-14 03:42:23','2026-02-14 03:42:23'),(195,1,7,'2026-02-10','late',NULL,0,0,0,NULL,1,'2026-02-14 03:42:23','2026-02-14 03:42:23'),(196,1,8,'2026-02-10','present',NULL,0,0,0,NULL,1,'2026-02-14 03:42:23','2026-02-14 03:42:23'),(197,1,9,'2026-02-10','present',NULL,0,0,0,NULL,1,'2026-02-14 03:42:23','2026-02-14 03:42:23'),(198,1,10,'2026-02-10','present',NULL,0,0,0,NULL,1,'2026-02-14 03:42:23','2026-02-14 03:42:23'),(199,1,11,'2026-02-10','present',NULL,0,0,0,NULL,1,'2026-02-14 03:42:23','2026-02-14 03:42:23'),(200,1,12,'2026-02-10','present',NULL,0,0,0,NULL,1,'2026-02-14 03:42:23','2026-02-14 03:42:23'),(201,1,13,'2026-02-10','absent',NULL,0,0,0,NULL,1,'2026-02-14 03:42:23','2026-02-14 03:42:23'),(202,1,14,'2026-02-10','present',NULL,0,0,0,NULL,1,'2026-02-14 03:42:23','2026-02-14 03:42:23'),(203,1,15,'2026-02-10','present',NULL,0,0,0,NULL,1,'2026-02-14 03:42:23','2026-02-14 03:42:23'),(204,1,16,'2026-02-10','present',NULL,0,0,0,NULL,1,'2026-02-14 03:42:23','2026-02-14 03:42:23'),(205,1,17,'2026-02-10','present',NULL,0,0,0,NULL,1,'2026-02-14 03:42:23','2026-02-14 03:42:23'),(206,1,18,'2026-02-10','present',NULL,0,0,0,NULL,1,'2026-02-14 03:42:23','2026-02-14 03:42:23'),(207,1,19,'2026-02-10','absent',NULL,0,0,0,NULL,1,'2026-02-14 03:42:23','2026-02-14 03:42:23'),(208,1,20,'2026-02-10','present',NULL,0,0,0,NULL,1,'2026-02-14 03:42:23','2026-02-14 03:42:23'),(209,1,21,'2026-02-10','present',NULL,0,0,0,NULL,1,'2026-02-14 03:42:23','2026-02-14 03:42:23'),(210,1,22,'2026-02-10','present',NULL,0,0,0,NULL,1,'2026-02-14 03:42:23','2026-02-14 03:42:23'),(211,1,23,'2026-02-10','present',NULL,0,0,0,NULL,1,'2026-02-14 03:42:23','2026-02-14 03:42:23'),(212,1,24,'2026-02-10','present',NULL,0,0,0,NULL,1,'2026-02-14 03:42:23','2026-02-14 03:42:23'),(213,1,25,'2026-02-10','present',NULL,0,0,0,NULL,1,'2026-02-14 03:42:23','2026-02-14 03:42:23'),(214,1,26,'2026-02-10','present',NULL,0,0,0,NULL,1,'2026-02-14 03:42:23','2026-02-14 03:42:23'),(215,1,27,'2026-02-10','present',NULL,0,0,0,NULL,1,'2026-02-14 03:42:23','2026-02-14 03:42:23'),(216,1,28,'2026-02-10','present',NULL,0,0,0,NULL,1,'2026-02-14 03:42:23','2026-02-14 03:42:23'),(217,1,29,'2026-02-10','present',NULL,0,0,0,NULL,1,'2026-02-14 03:42:23','2026-02-14 03:42:23'),(218,1,30,'2026-02-10','absent',NULL,0,0,0,NULL,1,'2026-02-14 03:42:23','2026-02-14 03:42:23'),(219,1,31,'2026-02-10','present',NULL,0,0,0,NULL,1,'2026-02-14 03:42:23','2026-02-14 03:42:23'),(220,1,32,'2026-02-10','present',NULL,0,0,0,NULL,1,'2026-02-14 03:42:23','2026-02-14 03:42:23'),(221,1,33,'2026-02-10','present',NULL,0,0,0,NULL,1,'2026-02-14 03:42:23','2026-02-14 03:42:23'),(222,1,34,'2026-02-10','present',NULL,0,0,0,NULL,1,'2026-02-14 03:42:23','2026-02-14 03:42:23'),(223,1,35,'2026-02-10','present',NULL,0,0,0,NULL,1,'2026-02-14 03:42:23','2026-02-14 03:42:23'),(224,1,36,'2026-02-10','present',NULL,0,0,0,NULL,1,'2026-02-14 03:42:23','2026-02-14 03:42:23'),(225,1,37,'2026-02-10','present',NULL,0,0,0,NULL,1,'2026-02-14 03:42:23','2026-02-14 03:42:23'),(226,1,38,'2026-02-10','present',NULL,0,0,0,NULL,1,'2026-02-14 03:42:23','2026-02-14 03:42:23'),(227,1,39,'2026-02-10','present',NULL,0,0,0,NULL,1,'2026-02-14 03:42:23','2026-02-14 03:42:23'),(228,1,40,'2026-02-10','present',NULL,0,0,0,NULL,1,'2026-02-14 03:42:23','2026-02-14 03:42:23'),(229,1,41,'2026-02-10','present',NULL,0,0,0,NULL,1,'2026-02-14 03:42:23','2026-02-14 03:42:23'),(230,1,42,'2026-02-10','late',NULL,0,0,0,NULL,1,'2026-02-14 03:42:23','2026-02-14 03:42:23'),(231,1,43,'2026-02-10','late',NULL,0,0,0,NULL,1,'2026-02-14 03:42:23','2026-02-14 03:42:23'),(232,1,44,'2026-02-10','present',NULL,0,0,0,NULL,1,'2026-02-14 03:42:23','2026-02-14 03:42:23'),(233,1,45,'2026-02-10','present',NULL,0,0,0,NULL,1,'2026-02-14 03:42:23','2026-02-14 03:42:23'),(234,1,46,'2026-02-10','present',NULL,0,0,0,NULL,1,'2026-02-14 03:42:23','2026-02-14 03:42:23'),(235,1,47,'2026-02-10','present',NULL,0,0,0,NULL,1,'2026-02-14 03:42:23','2026-02-14 03:42:23'),(236,1,48,'2026-02-16','present',NULL,0,0,0,NULL,1,'2026-02-16 03:51:54','2026-02-16 03:51:54'),(237,1,49,'2026-02-16','present',NULL,0,0,0,NULL,1,'2026-02-16 03:51:54','2026-02-16 03:51:54'),(238,1,50,'2026-02-16','present',NULL,0,0,0,NULL,1,'2026-02-16 03:51:54','2026-02-16 03:51:54'),(239,1,51,'2026-02-16','present',NULL,0,0,0,NULL,1,'2026-02-16 03:51:54','2026-02-16 03:51:54'),(240,1,52,'2026-02-16','present',NULL,0,0,0,NULL,1,'2026-02-16 03:51:54','2026-02-16 03:51:54'),(241,1,53,'2026-02-16','present',NULL,0,0,0,NULL,1,'2026-02-16 03:51:54','2026-02-16 03:51:54'),(242,1,54,'2026-02-16','present',NULL,0,0,0,NULL,1,'2026-02-16 03:51:54','2026-02-16 03:51:54'),(244,1,5,'2026-02-16','present',NULL,0,0,0,NULL,1,'2026-02-16 03:51:54','2026-02-16 03:51:54'),(245,1,55,'2026-02-16','present',NULL,0,0,0,NULL,1,'2026-02-16 03:51:54','2026-02-16 03:51:54'),(246,1,56,'2026-02-16','present',NULL,0,0,0,NULL,1,'2026-02-16 03:51:54','2026-02-16 03:51:54'),(247,1,57,'2026-02-16','present',NULL,0,0,0,NULL,1,'2026-02-16 03:51:54','2026-02-16 03:51:54'),(248,1,58,'2026-02-16','present',NULL,0,0,0,NULL,1,'2026-02-16 03:51:54','2026-02-16 03:51:54'),(249,1,4,'2026-02-16','present',NULL,0,0,0,NULL,1,'2026-02-16 03:51:54','2026-02-16 03:51:54'),(250,1,59,'2026-02-16','present',NULL,0,0,0,NULL,1,'2026-02-16 03:51:54','2026-02-16 03:51:54'),(251,1,6,'2026-02-16','present',NULL,0,0,0,NULL,1,'2026-02-16 03:51:54','2026-02-16 03:51:54'),(252,1,3,'2026-02-16','present',NULL,0,0,0,NULL,1,'2026-02-16 03:51:54','2026-02-16 03:51:54'),(253,1,60,'2026-02-16','present',NULL,0,0,0,NULL,1,'2026-02-16 03:51:54','2026-02-16 03:51:54'),(254,1,61,'2026-02-16','present',NULL,0,0,0,NULL,1,'2026-02-16 03:51:54','2026-02-16 03:51:54'),(255,1,62,'2026-02-16','present',NULL,0,0,0,NULL,1,'2026-02-16 03:51:54','2026-02-16 03:51:54'),(256,1,63,'2026-02-16','present',NULL,0,0,0,NULL,1,'2026-02-16 03:51:54','2026-02-16 03:51:54'),(257,1,64,'2026-02-16','present',NULL,0,0,0,NULL,1,'2026-02-16 03:51:54','2026-02-16 03:51:54'),(258,1,147,'2026-02-21','present',NULL,0,0,0,NULL,1,'2026-02-21 13:33:38','2026-02-21 13:33:38'),(259,1,11,'2026-02-21','absent',NULL,0,0,0,NULL,1,'2026-02-21 13:33:38','2026-02-21 13:33:38'),(260,1,7,'2026-02-21','present',NULL,0,0,0,NULL,1,'2026-02-21 13:33:38','2026-02-21 13:33:38'),(262,1,148,'2026-02-21','present',NULL,0,0,0,NULL,1,'2026-02-21 13:33:38','2026-02-21 13:33:38'),(263,1,149,'2026-02-21','present',NULL,0,0,0,NULL,1,'2026-02-21 13:33:38','2026-02-21 13:33:38'),(264,1,150,'2026-02-21','present',NULL,0,0,0,NULL,1,'2026-02-21 13:33:38','2026-02-21 13:33:38'),(265,1,151,'2026-02-21','present',NULL,0,0,0,NULL,1,'2026-02-21 13:33:38','2026-02-21 13:33:38'),(266,1,12,'2026-02-21','present',NULL,0,0,0,NULL,1,'2026-02-21 13:33:38','2026-02-21 13:33:38'),(267,1,152,'2026-02-21','present',NULL,0,0,0,NULL,1,'2026-02-21 13:33:38','2026-02-21 13:33:38'),(268,1,153,'2026-02-21','present',NULL,0,0,0,NULL,1,'2026-02-21 13:33:38','2026-02-21 13:33:38'),(269,1,154,'2026-02-21','present',NULL,0,0,0,NULL,1,'2026-02-21 13:33:38','2026-02-21 13:33:38'),(270,1,155,'2026-02-21','present',NULL,0,0,0,NULL,1,'2026-02-21 13:33:38','2026-02-21 13:33:38'),(271,1,156,'2026-02-21','present',NULL,0,0,0,NULL,1,'2026-02-21 13:33:38','2026-02-21 13:33:38'),(272,1,157,'2026-02-21','present',NULL,0,0,0,NULL,1,'2026-02-21 13:33:38','2026-02-21 13:33:38'),(273,1,158,'2026-02-21','present',NULL,0,0,0,NULL,1,'2026-02-21 13:33:38','2026-02-21 13:33:38'),(274,1,159,'2026-02-21','present',NULL,0,0,0,NULL,1,'2026-02-21 13:33:38','2026-02-21 13:33:38'),(275,1,13,'2026-02-21','present',NULL,0,0,0,NULL,1,'2026-02-21 13:33:38','2026-02-21 13:33:38'),(276,1,8,'2026-02-21','present',NULL,0,0,0,NULL,1,'2026-02-21 13:33:38','2026-02-21 13:33:38'),(277,1,160,'2026-02-21','present',NULL,0,0,0,NULL,1,'2026-02-21 13:33:38','2026-02-21 13:33:38'),(278,1,161,'2026-02-21','present',NULL,0,0,0,NULL,1,'2026-02-21 13:33:38','2026-02-21 13:33:38'),(279,1,162,'2026-02-21','present',NULL,0,0,0,NULL,1,'2026-02-21 13:33:38','2026-02-21 13:33:38'),(280,1,163,'2026-02-21','present',NULL,0,0,0,NULL,1,'2026-02-21 13:33:38','2026-02-21 13:33:38'),(281,1,164,'2026-02-21','present',NULL,0,0,0,NULL,1,'2026-02-21 13:33:38','2026-02-21 13:33:38'),(282,1,165,'2026-02-21','present',NULL,0,0,0,NULL,1,'2026-02-21 13:33:38','2026-02-21 13:33:38'),(283,1,95,'2026-03-03','present',NULL,0,0,0,NULL,1,'2026-03-03 02:55:17','2026-03-03 02:55:17'),(284,1,96,'2026-03-03','absent',NULL,0,0,0,NULL,1,'2026-03-03 02:55:17','2026-03-03 02:55:17'),(285,1,97,'2026-03-03','present',NULL,0,0,0,NULL,1,'2026-03-03 02:55:17','2026-03-03 02:55:17'),(286,1,98,'2026-03-03','absent',NULL,0,0,0,NULL,1,'2026-03-03 02:55:17','2026-03-03 02:55:17'),(287,1,99,'2026-03-03','present',NULL,0,0,0,NULL,1,'2026-03-03 02:55:17','2026-03-03 02:55:17'),(288,1,100,'2026-03-03','present',NULL,0,0,0,NULL,1,'2026-03-03 02:55:17','2026-03-03 02:55:17'),(289,1,101,'2026-03-03','present',NULL,0,0,0,NULL,1,'2026-03-03 02:55:17','2026-03-03 02:55:17'),(290,1,102,'2026-03-03','present',NULL,0,0,0,NULL,1,'2026-03-03 02:55:17','2026-03-03 02:55:17'),(291,1,103,'2026-03-03','present',NULL,0,0,0,NULL,1,'2026-03-03 02:55:17','2026-03-03 02:55:17'),(292,1,104,'2026-03-03','absent',NULL,0,0,0,NULL,1,'2026-03-03 02:55:17','2026-03-03 02:55:17'),(293,1,105,'2026-03-03','late',NULL,0,0,0,NULL,1,'2026-03-03 02:55:17','2026-03-03 02:55:17'),(294,1,106,'2026-03-03','present',NULL,0,0,0,NULL,1,'2026-03-03 02:55:17','2026-03-03 02:55:17'),(295,1,107,'2026-03-03','present',NULL,0,0,0,NULL,1,'2026-03-03 02:55:17','2026-03-03 02:55:17'),(296,1,108,'2026-03-03','present',NULL,0,0,0,NULL,1,'2026-03-03 02:55:17','2026-03-03 02:55:17'),(297,1,34,'2026-03-03','present',NULL,0,0,0,NULL,1,'2026-03-03 02:55:17','2026-03-03 02:55:17'),(298,1,109,'2026-03-03','present',NULL,0,0,0,NULL,1,'2026-03-03 02:55:17','2026-03-03 02:55:17'),(299,1,110,'2026-03-03','present',NULL,0,0,0,NULL,1,'2026-03-03 02:55:17','2026-03-03 02:55:17'),(300,1,111,'2026-03-03','present',NULL,0,0,0,NULL,1,'2026-03-03 02:55:17','2026-03-03 02:55:17'),(301,1,112,'2026-03-03','present',NULL,0,0,0,NULL,1,'2026-03-03 02:55:17','2026-03-03 02:55:17'),(302,1,30,'2026-03-03','present',NULL,0,0,0,NULL,1,'2026-03-03 02:55:17','2026-03-03 02:55:17'),(303,1,113,'2026-03-03','present',NULL,0,0,0,NULL,1,'2026-03-03 02:55:17','2026-03-03 02:55:17'),(304,1,114,'2026-03-03','present',NULL,0,0,0,NULL,1,'2026-03-03 02:55:17','2026-03-03 02:55:17'),(305,1,115,'2026-03-03','present',NULL,0,0,0,NULL,1,'2026-03-03 02:55:17','2026-03-03 02:55:17'),(306,1,116,'2026-03-03','present',NULL,0,0,0,NULL,1,'2026-03-03 02:55:17','2026-03-03 02:55:17'),(307,1,117,'2026-03-03','present',NULL,0,0,0,NULL,1,'2026-03-03 02:55:17','2026-03-03 02:55:17'),(308,1,118,'2026-03-03','present',NULL,0,0,0,NULL,1,'2026-03-03 02:55:17','2026-03-03 02:55:17'),(309,1,119,'2026-03-03','present',NULL,0,0,0,NULL,1,'2026-03-03 02:55:17','2026-03-03 02:55:17'),(310,1,120,'2026-03-03','present',NULL,0,0,0,NULL,1,'2026-03-03 02:55:17','2026-03-03 02:55:17'),(311,1,121,'2026-03-03','present',NULL,0,0,0,NULL,1,'2026-03-03 02:55:17','2026-03-03 02:55:17'),(312,1,122,'2026-03-03','present',NULL,0,0,0,NULL,1,'2026-03-03 02:55:17','2026-03-03 02:55:17'),(313,1,123,'2026-03-03','present',NULL,0,0,0,NULL,1,'2026-03-03 02:55:17','2026-03-03 02:55:17'),(314,1,124,'2026-03-03','present',NULL,0,0,0,NULL,1,'2026-03-03 02:55:17','2026-03-03 02:55:17'),(315,1,33,'2026-03-03','present',NULL,0,0,0,NULL,1,'2026-03-03 02:55:17','2026-03-03 02:55:17'),(316,1,32,'2026-03-03','present',NULL,0,0,0,NULL,1,'2026-03-03 02:55:17','2026-03-03 02:55:17'),(317,1,125,'2026-03-05','present',NULL,0,0,0,NULL,1,'2026-03-06 12:05:44','2026-03-06 12:05:44'),(318,1,126,'2026-03-05','absent',NULL,0,0,0,NULL,1,'2026-03-06 12:05:44','2026-03-06 12:05:44'),(319,1,127,'2026-03-05','present',NULL,0,0,0,NULL,1,'2026-03-06 12:05:44','2026-03-06 12:05:44'),(320,1,128,'2026-03-05','late',NULL,0,0,0,NULL,1,'2026-03-06 12:05:44','2026-03-06 12:05:44'),(321,1,129,'2026-03-05','present',NULL,0,0,0,NULL,1,'2026-03-06 12:05:44','2026-03-06 12:05:44'),(322,1,130,'2026-03-05','present',NULL,0,0,0,NULL,1,'2026-03-06 12:05:44','2026-03-06 12:05:44'),(323,1,131,'2026-03-05','present',NULL,0,0,0,NULL,1,'2026-03-06 12:05:44','2026-03-06 12:05:44'),(324,1,132,'2026-03-05','present',NULL,0,0,0,NULL,1,'2026-03-06 12:05:44','2026-03-06 12:05:44'),(325,1,133,'2026-03-05','present',NULL,0,0,0,NULL,1,'2026-03-06 12:05:44','2026-03-06 12:05:44'),(326,1,134,'2026-03-05','present',NULL,0,0,0,NULL,1,'2026-03-06 12:05:44','2026-03-06 12:05:44'),(327,1,135,'2026-03-05','present',NULL,0,0,0,NULL,1,'2026-03-06 12:05:44','2026-03-06 12:05:44'),(328,1,136,'2026-03-05','present',NULL,0,0,0,NULL,1,'2026-03-06 12:05:44','2026-03-06 12:05:44'),(329,1,137,'2026-03-05','present',NULL,0,0,0,NULL,1,'2026-03-06 12:05:44','2026-03-06 12:05:44'),(330,1,138,'2026-03-05','present',NULL,0,0,0,NULL,1,'2026-03-06 12:05:44','2026-03-06 12:05:44'),(331,1,139,'2026-03-05','present',NULL,0,0,0,NULL,1,'2026-03-06 12:05:44','2026-03-06 12:05:44'),(332,1,140,'2026-03-05','present',NULL,0,0,0,NULL,1,'2026-03-06 12:05:44','2026-03-06 12:05:44'),(333,1,141,'2026-03-05','present',NULL,0,0,0,NULL,1,'2026-03-06 12:05:44','2026-03-06 12:05:44'),(334,1,142,'2026-03-05','present',NULL,0,0,0,NULL,1,'2026-03-06 12:05:44','2026-03-06 12:05:44'),(335,1,143,'2026-03-05','late',NULL,0,0,0,NULL,1,'2026-03-06 12:05:44','2026-03-06 12:05:44'),(336,1,144,'2026-03-05','present',NULL,0,0,0,NULL,1,'2026-03-06 12:05:44','2026-03-06 12:05:44'),(337,1,145,'2026-03-05','present',NULL,0,0,0,NULL,1,'2026-03-06 12:05:44','2026-03-06 12:05:44'),(338,1,146,'2026-03-05','present',NULL,0,0,0,NULL,1,'2026-03-06 12:05:44','2026-03-06 12:05:44'),(339,1,48,'2026-03-09','present','full',2,3,0,NULL,2,'2026-03-09 05:40:04','2026-03-09 05:45:54'),(340,1,49,'2026-03-09','present','partial',2,0,0,NULL,2,'2026-03-09 05:40:04','2026-03-09 05:45:54'),(341,1,50,'2026-03-09','present','wrong',0,3,0,NULL,2,'2026-03-09 05:40:04','2026-03-09 05:45:54'),(342,1,51,'2026-03-09','present','missing',2,1,0,NULL,2,'2026-03-09 05:40:04','2026-03-09 05:45:54'),(343,1,52,'2026-03-09','present','missing',2,1,0,NULL,2,'2026-03-09 05:40:04','2026-03-09 05:45:54'),(344,1,53,'2026-03-09','present','full',3,0,0,NULL,2,'2026-03-09 05:40:04','2026-03-09 05:45:54'),(345,1,54,'2026-03-09','present','full',3,2,0,NULL,2,'2026-03-09 05:40:04','2026-03-09 05:45:54'),(346,1,5,'2026-03-09','present','full',3,2,0,NULL,2,'2026-03-09 05:40:04','2026-03-09 05:45:54'),(347,1,55,'2026-03-09','present','full',3,3,0,NULL,2,'2026-03-09 05:40:04','2026-03-09 05:45:54'),(348,1,56,'2026-03-09','present','partial',3,3,0,NULL,2,'2026-03-09 05:40:04','2026-03-09 05:45:54'),(349,1,57,'2026-03-09','present','partial',3,3,0,NULL,2,'2026-03-09 05:40:04','2026-03-09 05:45:54'),(350,1,58,'2026-03-09','present','partial',3,3,0,NULL,2,'2026-03-09 05:40:04','2026-03-09 05:45:54'),(351,1,4,'2026-03-09','present','partial',3,3,0,NULL,2,'2026-03-09 05:40:04','2026-03-09 05:45:54'),(352,1,59,'2026-03-09','present','wrong',3,2,0,NULL,2,'2026-03-09 05:40:04','2026-03-09 05:45:54'),(353,1,6,'2026-03-09','present','wrong',3,2,0,NULL,2,'2026-03-09 05:40:04','2026-03-09 05:45:54'),(354,1,60,'2026-03-09','present','wrong',3,2,0,NULL,2,'2026-03-09 05:40:04','2026-03-09 05:45:54'),(355,1,173,'2026-03-09','present','missing',3,1,0,NULL,2,'2026-03-09 05:40:04','2026-03-09 05:45:54'),(356,1,61,'2026-03-09','present','missing',3,1,0,NULL,2,'2026-03-09 05:40:04','2026-03-09 05:45:54'),(357,1,62,'2026-03-09','present','missing',3,1,0,NULL,2,'2026-03-09 05:40:04','2026-03-09 05:45:54'),(358,1,63,'2026-03-09','present','missing',3,1,0,NULL,2,'2026-03-09 05:40:04','2026-03-09 05:45:54'),(359,1,64,'2026-03-09','present','missing',3,1,0,NULL,2,'2026-03-09 05:40:04','2026-03-09 05:45:54'),(381,1,48,'2026-03-12','present','full',3,3,3,NULL,2,'2026-03-12 07:32:13','2026-03-12 08:43:13'),(382,1,49,'2026-03-12','present','partial',2,0,3,NULL,2,'2026-03-12 07:32:13','2026-03-12 08:43:13'),(383,1,18,'2026-03-12','present','partial',2,0,3,NULL,2,'2026-03-12 07:32:13','2026-03-12 08:43:13'),(384,1,50,'2026-03-12','present','wrong',2,0,0,NULL,2,'2026-03-12 07:32:13','2026-03-12 08:43:13'),(385,1,51,'2026-03-12','present','missing',3,3,3,NULL,2,'2026-03-12 07:32:13','2026-03-12 08:43:13'),(386,1,52,'2026-03-12','absent',NULL,0,1,3,NULL,2,'2026-03-12 07:32:13','2026-03-12 08:43:13'),(387,1,53,'2026-03-12','present','full',3,0,3,NULL,2,'2026-03-12 07:32:13','2026-03-12 08:43:13'),(388,1,54,'2026-03-12','present','full',0,3,0,NULL,2,'2026-03-12 07:32:13','2026-03-12 08:43:13'),(389,1,5,'2026-03-12','present','full',0,0,0,NULL,2,'2026-03-12 07:32:13','2026-03-12 08:43:13'),(390,1,55,'2026-03-12','present','missing',0,0,0,NULL,2,'2026-03-12 07:32:13','2026-03-12 08:43:13'),(391,1,56,'2026-03-12','present','missing',0,0,0,NULL,2,'2026-03-12 07:32:13','2026-03-12 08:43:13'),(392,1,57,'2026-03-12','present','missing',0,0,0,NULL,2,'2026-03-12 07:32:13','2026-03-12 08:43:13'),(393,1,58,'2026-03-12','present','missing',0,0,0,NULL,2,'2026-03-12 07:32:13','2026-03-12 08:43:13'),(394,1,4,'2026-03-12','present','full',0,0,0,NULL,2,'2026-03-12 07:32:13','2026-03-12 08:43:13'),(395,1,59,'2026-03-12','present','full',0,0,0,NULL,2,'2026-03-12 07:32:13','2026-03-12 08:43:13'),(396,1,6,'2026-03-12','present','full',3,1,3,NULL,2,'2026-03-12 07:32:13','2026-03-12 08:43:13'),(397,1,60,'2026-03-12','present','missing',2,1,2,NULL,2,'2026-03-12 07:32:13','2026-03-12 08:43:13'),(398,1,173,'2026-03-12','present','missing',3,3,2,NULL,2,'2026-03-12 07:32:13','2026-03-12 08:43:13'),(399,1,61,'2026-03-12','absent',NULL,2,3,3,NULL,2,'2026-03-12 07:32:13','2026-03-12 08:43:13'),(400,1,62,'2026-03-12','absent',NULL,3,0,0,NULL,2,'2026-03-12 07:32:13','2026-03-12 08:43:13'),(401,1,63,'2026-03-12','absent',NULL,3,3,3,NULL,2,'2026-03-12 07:32:13','2026-03-12 08:43:13'),(402,1,64,'2026-03-12','present','wrong',3,3,3,NULL,2,'2026-03-12 07:32:13','2026-03-12 08:43:13');
/*!40000 ALTER TABLE `attendance` ENABLE KEYS */;
UNLOCK TABLES;

--
-- Table structure for table `badges`
--

DROP TABLE IF EXISTS `badges`;
/*!40101 SET @saved_cs_client     = @@character_set_client */;
/*!40101 SET character_set_client = utf8 */;
CREATE TABLE `badges` (
  `id` int(11) NOT NULL AUTO_INCREMENT,
  `school_id` int(10) unsigned DEFAULT NULL,
  `name` varchar(100) NOT NULL,
  `description` text DEFAULT NULL,
  `icon` varchar(50) DEFAULT NULL,
  `color` varchar(50) DEFAULT NULL,
  `badge_type` varchar(50) DEFAULT 'manual',
  `created_at` timestamp NOT NULL DEFAULT current_timestamp(),
  `criteria_value` decimal(10,2) DEFAULT NULL,
  PRIMARY KEY (`id`),
  KEY `idx_badges_school` (`school_id`)
) ENGINE=InnoDB AUTO_INCREMENT=7 DEFAULT CHARSET=utf8mb4 COLLATE=utf8mb4_unicode_ci;
/*!40101 SET character_set_client = @saved_cs_client */;

--
-- Dumping data for table `badges`
--

LOCK TABLES `badges` WRITE;
/*!40000 ALTER TABLE `badges` DISABLE KEYS */;
INSERT INTO `badges` VALUES (1,1,'بطل المواظبة','يُمنح للطلاب الذين لم يتغيبوا أبداً خلال الشهر','📅','bg-blue-500','attendance_100','2026-02-21 23:53:04',NULL),(2,1,'المتفوق البدني','يُمنح للطلاب الذين حققوا أعلى درجات اللياقة','💪','bg-purple-500','fitness_pro','2026-02-21 23:53:04',NULL),(3,1,'النمر الصاعد','يُمنح لأكثر الطلاب تطوراً في الأداء','🐯','bg-orange-500','improvement','2026-02-21 23:53:04',NULL),(4,1,'الروح الرياضية','يُمنح للتميز في السلوك والتعاون','🤝','bg-teal-500','manual','2026-02-21 23:53:04',NULL),(5,1,'قائد الفريق','يُمنح للطلاب الذين أظهروا مهارات قيادية','👑','bg-yellow-500','manual','2026-02-21 23:53:04',NULL),(6,1,'وحش اللياقة','يمنح الطالب هذا الوسام إذا زاد مستوى لياقته بمعدل درجتين عن آخر اختبار له','⭐','bg-emerald-500','improvement','2026-02-22 00:22:15',2.00);
/*!40000 ALTER TABLE `badges` ENABLE KEYS */;
UNLOCK TABLES;

--
-- Table structure for table `blog_categories`
--

DROP TABLE IF EXISTS `blog_categories`;
/*!40101 SET @saved_cs_client     = @@character_set_client */;
/*!40101 SET character_set_client = utf8 */;
CREATE TABLE `blog_categories` (
  `id` int(11) NOT NULL AUTO_INCREMENT,
  `name` varchar(255) NOT NULL,
  `created_at` timestamp NOT NULL DEFAULT current_timestamp(),
  PRIMARY KEY (`id`),
  UNIQUE KEY `name` (`name`)
) ENGINE=InnoDB AUTO_INCREMENT=4 DEFAULT CHARSET=utf8mb4 COLLATE=utf8mb4_general_ci;
/*!40101 SET character_set_client = @saved_cs_client */;

--
-- Dumping data for table `blog_categories`
--

LOCK TABLES `blog_categories` WRITE;
/*!40000 ALTER TABLE `blog_categories` DISABLE KEYS */;
INSERT INTO `blog_categories` VALUES (1,'الدروس','2026-03-09 04:48:28'),(2,'أخبار المنصة','2026-03-09 04:48:28'),(3,'نصائح','2026-03-09 04:48:28');
/*!40000 ALTER TABLE `blog_categories` ENABLE KEYS */;
UNLOCK TABLES;

--
-- Table structure for table `blog_posts`
--

DROP TABLE IF EXISTS `blog_posts`;
/*!40101 SET @saved_cs_client     = @@character_set_client */;
/*!40101 SET character_set_client = utf8 */;
CREATE TABLE `blog_posts` (
  `id` int(10) unsigned NOT NULL AUTO_INCREMENT,
  `school_id` int(10) unsigned DEFAULT NULL,
  `title` varchar(255) NOT NULL,
  `slug` varchar(255) NOT NULL,
  `content` longtext NOT NULL,
  `excerpt` text DEFAULT NULL,
  `image_path` varchar(255) DEFAULT NULL,
  `category` varchar(100) DEFAULT 'general',
  `status` enum('draft','published') NOT NULL DEFAULT 'draft',
  `published_at` datetime DEFAULT NULL,
  `created_by` int(10) unsigned DEFAULT NULL,
  `created_at` timestamp NOT NULL DEFAULT current_timestamp(),
  `updated_at` timestamp NOT NULL DEFAULT current_timestamp() ON UPDATE current_timestamp(),
  `views` int(11) DEFAULT 0,
  `publish_at` datetime DEFAULT NULL,
  `sort_order` int(11) DEFAULT 0,
  PRIMARY KEY (`id`),
  UNIQUE KEY `uk_blog_slug` (`slug`),
  KEY `idx_blog_status` (`status`,`published_at`),
  KEY `idx_blog_school` (`school_id`)
) ENGINE=InnoDB AUTO_INCREMENT=4 DEFAULT CHARSET=utf8mb4 COLLATE=utf8mb4_unicode_ci;
/*!40101 SET character_set_client = @saved_cs_client */;

--
-- Dumping data for table `blog_posts`
--

LOCK TABLES `blog_posts` WRITE;
/*!40000 ALTER TABLE `blog_posts` DISABLE KEYS */;
INSERT INTO `blog_posts` VALUES (1,NULL,'دليل البداية السريعة: إعداد مدرستك على منصة PE Smart School','quick-start-guide-school-setup','<p>\n            </p><p>مرحباً بك في منصة <strong>PE Smart School</strong>، الشريك التقني الأول لمعلمي التربية البدنية. في هذا الدرس، سنأخذك في جولة سريعة لإعداد مدرستك والبدء في الاستفادة من ميزات المنصة.</p><p>\n            \n            </p><h2>1. تسجيل الدخول لأول مرة</h2><p>\n            </p><p>بمجرد حصولك على بيانات الدخول من مدير النظام، توجه إلى صفحة تسجيل الدخول واستخدم اسم المستخدم وكلمة المرور الخاصة بمدرستك.</p><p>\n<img src=\"http://localhost/pe1/uploads/media/media_1773030043_86ae212107.png\">            http://localhost/pe1/admin//uploads/media/media_1773030043_86ae212107.png</p><h2>2. ضبط بيانات المدرسة الأساسية</h2><p>\n            </p><p>توجه إلى قسم <strong>\"إعدادات المدرسة\"</strong> من القائمة الجانبية. هنا يمكنك:</p><p>\n            </p><p><img src=\"http://localhost/pe1/uploads/media/media_1773030069_8feaebc16c.png\"></p><p>\n            </p><p><em>[اقتراح صورة: واجهة إعدادات المدرسة]</em></p><p>\n\n            </p><h2>3. التعرف على لوحة التحكم (Dashboard)</h2><p>\n            </p><p>لوحة التحكم هي مركز العمليات. ستجد فيها إحصائيات سريعة عن:</p><p>\n          <img src=\"http://localhost/pe1/uploads/media/media_1773030060_570a21f586.png\">  </p><p><br></p><p>\n            </p><p><em>[اقتراح صورة: لوحة المعلومات الرئيسية مع الإحصائيات]</em></p><p>\n\n            </p><h2>نصيحة إضافية للسيو (SEO)</h2><p>\n            </p><p>تأكد دائماً من ملء البيانات بشكل كامل، لأن المنصة تستخدم هذه البيانات لإنشاء تقارير احترافية تعزز من صورة مدرستك أمام أولياء الأمور والوزارة.</p><p>\n\n            </p><p>في الدرس القادم، سنتعلم كيفية بناء <strong>الهيكل المدرسي</strong> وإضافة المراحل الدراسية والفصول.</p><p>\n        </p>','تعلم كيفية ضبط إعدادات مدرستك الأساسية والبدء في استخدام المنصة لتطوير قسم التربية البدنية في دقائق.','https://images.unsplash.com/photo-1544652478-6653e09f18a2?auto=format&amp;amp;amp;amp;fit=crop&amp;amp;amp;amp;q=80&amp;amp;amp;amp;w=1000','الدروس','published','2026-03-08 16:30:50',NULL,'2026-03-08 14:30:50','2026-03-09 07:18:53',1,NULL,0),(2,NULL,'الدرس الثاني: بناء الهيكل المدرسي (المراحل والفصول) في نظام PE Smart School','school-structure-grades-classes','<p class=\"ql-align-right ql-direction-rtl\">\n            </p><p class=\"ql-align-right ql-direction-rtl\">بعد إعداد بيانات مدرستك الأساسية، الخطوة التالية والأهم هي بناء <strong>الهيكل المدرسي</strong>. هذا الهيكل هو العمود الفقري الذي يربط الطلاب بالمعلمين والأنشطة الرياضية.</p><p class=\"ql-align-right ql-direction-rtl\">\n                        </p><h2 class=\"ql-align-right ql-direction-rtl\">لماذا يجب تنظيم الهيكل المدرسي؟</h2><p class=\"ql-align-right ql-direction-rtl\">\n            </p><p class=\"ql-align-right ql-direction-rtl\">التنظيم الصحيح يسمح لك بـ:</p><p class=\"ql-align-right ql-direction-rtl\">\n                     </p><h2 class=\"ql-align-right ql-direction-rtl\">1. إضافة المراحل الدراسية (Grades)</h2><p class=\"ql-align-right ql-direction-rtl\">\n            </p><p class=\"ql-align-right ql-direction-rtl\">المراحل الدراسية هي المستويات الكبرى (مثل: الصف الأول، الصف الثاني، إلخ). لإضافتها:</p><p class=\"ql-align-right ql-direction-rtl\">           </p><ol><li class=\"ql-align-right ql-direction-rtl\">يتم اختيار قائمة الصفوف والفصول من القائمة الجانبية </li><li class=\"ql-align-right ql-direction-rtl\">ثم إضافة صف </li><li class=\"ql-align-right ql-direction-rtl\">تظهر نافذة منبثقة (نافذة إضافة صف) </li><li class=\"ql-align-right ql-direction-rtl\">تدخل اسم الصف </li><li class=\"ql-align-right ql-direction-rtl\">ثم تدخل رمز الصف (اختياري)</li><li class=\"ql-align-right ql-direction-rtl\">ثم تضغط على حفظ\n                        </li></ol><p class=\"ql-align-right ql-direction-rtl\"><br></p><p class=\"ql-align-right ql-direction-rtl\"><img src=\"data:image/png;base64,iVBORw0KGgoAAAANSUhEUgAABVIAAAK2CAYAAACsMWdkAAAKrmlDQ1BJQ0MgUHJvZmlsZQAASImVlwdUU9kWhs+9N52EFghFSugd6QSQEkILoCAdbIQkhEAIIRBUxIYMjuBYUBHBig5VwVGpY0UU2yDY+4CIijoOFrBgeRdYhJl567233l5r53zZd9999jnrnLX+CwBFhyORiGBlANLF2dKIQF96XHwCHf8CIAAPKKg7c7hZEmZ4eChAbWr8u43eAtD4eN1mvNa/P/+vpsLjZ3EBgMJRTuJlcdNRPob6KFcizQYAOYjGjRZnS8a5B2U1Kdogyk/GWTDJH8c5aYIx5ImcqAgWynQACGQORyoAgGyNxuk5XAFahzy+BjsxTyhGOQ9lr/T0DB7Kx1E2R3MkKI/XZyT9pY7gbzWT5DU5HIGcJ9cyYQQ/YZZExFn6f27H/7Z0kWxqDjPUySnSoAh0VEX37ElaRoicxUlzwqZYyJvIn+AUWVD0FHOzWAlTnCWKZE8xj+MXIq8jmhM6xcnCAHmOMJsdNcX8LP/IKZZmRMjnTZaymFPMkU73IEuLlsdT+Gx5/dyUqNgpzhHGzJH3lhYZMp3Dkselsgj5WvjiQN/peQPk+5Ce9Ze1C9nyd7NTooLk+8CZ7p8vZk7XzIqT98bj+/lP50TL8yXZvvK5JKJweT5fFCiPZ+VEyt/NRg/n9Lvh8j1M5QSHTzFggQwgQl0K6CAU/ecHQDZ/Sfb4QlgZkqVSoSAlm85EbxufzhZzba3pDnYOLgCM393Jo/GONnEnIdql6VjmaQDcitCgYDrGMQKg7SkA1NHpmNFb9FhtAuBED1cmzZmMYcZ/sIAElIAa0AJ6wAiYAxvgAFyAB/AB/iAYhIEoEA8WAi5IAelo54tBHlgNCkEx2AS2gXKwB+wHNeAQOAJawHFwBpwHl0EPuAnugz4wCF6CYTAKxiAIwkMUiAppQfqQCWQFOUAMyAvyh0KhCCgeSoQEkBiSQXnQGqgYKoHKoX1QLfQL1AadgS5CvdBdqB8agt5Cn2EEJsNqsC5sCs+EGTATDoGj4AWwAM6Ec+ECeANcBlfCB+Fm+Ax8Gb4J98Ev4REEIAoIDTFAbBAGwkLCkAQkGZEiK5AipBSpRBqQdqQLuY70Ia+QTxgchoqhY2wwHpggTDSGi8nErMCsx5RjajDNmE7MdUw/ZhjzDUvB6mCtsO5YNjYOK8AuxhZiS7FV2CbsOexN7CB2FIfD0XBmOFdcEC4el4pbhluP24VrxJ3G9eIGcCN4PF4Lb4X3xIfhOfhsfCF+B/4g/hT+Gn4Q/5GgQNAnOBACCAkEMSGfUEqoI5wkXCM8I4wRlYkmRHdiGJFHXErcSDxAbCdeJQ4Sx0gqJDOSJymKlEpaTSojNZDOkR6Q3ikoKBgquCnMVRAqrFIoUziscEGhX+ETWZVsSWaR55Nl5A3kavJp8l3yOwqFYkrxoSRQsikbKLWUs5RHlI+KVEVbRbYiT3GlYoVis+I1xddKRCUTJabSQqVcpVKlo0pXlV4pE5VNlVnKHOUVyhXKbcq3lUdUqCr2KmEq6SrrVepULqo8V8Wrmqr6q/JUC1T3q55VHaAiVCMqi8qlrqEeoJ6jDqrh1MzU2GqpasVqh9S61YbVVdWd1GPUl6hXqJ9Q76MhNFMamyaibaQdod2ifdbQ1WBq8DXWaTRoXNP4oDlD00eTr1mk2ah5U/OzFl3LXytNa7NWi9ZDbYy2pfZc7cXau7XPab+aoTbDYwZ3RtGMIzPu6cA6ljoROst09utc0RnR1dMN1JXo7tA9q/tKj6bno5eqt1XvpN6QPlXfS1+ov1X/lP4LujqdSRfRy+id9GEDHYMgA5nBPoNugzFDM8Now3zDRsOHRiQjhlGy0VajDqNhY33j2cZ5xvXG90yIJgyTFJPtJl0mH0zNTGNN15q2mD430zRjm+Wa1Zs9MKeYe5tnmlea37DAWTAs0ix2WfRYwpbOlimWFZZXrWArFyuh1S6rXmustZu12LrS+rYN2YZpk2NTb9NvS7MNtc23bbF9PdN4ZsLMzTO7Zn6zc7YT2R2wu2+vah9sn2/fbv/WwdKB61DhcMOR4hjguNKx1fGNk5UT32m30x1nqvNs57XOHc5fXVxdpC4NLkOuxq6JrjtdbzPUGOGM9YwLblg3X7eVbsfdPrm7uGe7H3H/08PGI82jzuP5LLNZ/FkHZg14GnpyPPd59nnRvRK99nr1eRt4c7wrvR/7GPnwfKp8njEtmKnMg8zXvna+Ut8m3w8sd9Zy1mk/xC/Qr8iv21/VP9q/3P9RgGGAIKA+YDjQOXBZ4OkgbFBI0Oag22xdNpddyx4Odg1eHtwZQg6JDCkPeRxqGSoNbZ8Nzw6evWX2gzkmc8RzWsJAGDtsS9jDcLPwzPBf5+Lmhs+tmPs0wj4iL6Irkhq5KLIucjTKN2pj1P1o82hZdEeMUsz8mNqYD7F+sSWxfXEz45bHXY7XjhfGtybgE2ISqhJG5vnP2zZvcL7z/ML5txaYLViy4OJC7YWihScWKS3iLDqaiE2MTaxL/MIJ41RyRpLYSTuThrks7nbuS54PbytviO/JL+E/S/ZMLkl+LvAUbBEMpXinlKa8ErKE5cI3qUGpe1I/pIWlVad9F8WKGtMJ6YnpbWJVcZq4M0MvY0lGr8RKUijpy3TP3JY5LA2RVmVBWQuyWrPVUJF0RWYu+0HWn+OVU5HzcXHM4qNLVJaIl1xZarl03dJnuQG5Py/DLOMu68gzyFud17+cuXzfCmhF0oqOlUYrC1YOrgpcVbOatDpt9W/5dvkl+e/XxK5pL9AtWFUw8EPgD/WFioXSwttrPdbu+RHzo/DH7nWO63as+1bEK7pUbFdcWvxlPXf9pZ/sfyr76fuG5A3dG1027t6E2yTedGuz9+aaEpWS3JKBLbO3NG+lby3a+n7bom0XS51K92wnbZdt7ysLLWvdYbxj044v5SnlNyt8Kxp36uxct/PDLt6ua7t9djfs0d1TvOfzXuHeO/sC9zVXmlaW7sftz9n/9EDMga6fGT/XVmlXFVd9rRZX99VE1HTWutbW1unUbayH62X1QwfnH+w55HeotcGmYV8jrbH4MDgsO/zil8Rfbh0JOdJxlHG04ZjJsZ1N1KaiZqh5afNwS0pLX2t8a29bcFtHu0d706+2v1YfNzhecUL9xMaTpJMFJ7+fyj01clpy+tUZwZmBjkUd98/Gnb3RObez+1zIuQvnA86f7WJ2nbrgeeH4RfeLbZcYl1ouu1xuvuJ8pek359+aul26m6+6Xm3tcetp753Ve/Ka97Uz1/2un7/BvnH55pybvbeib925Pf923x3ened3RXff3Mu5N3Z/1QPsg6KHyg9LH+k8qvzd4vfGPpe+E/1+/VceRz6+P8AdePkk68mXwYKnlKelz/Sf1T53eH58KGCo58W8F4MvJS/HXhX+ofLHztfmr4/96fPnleG44cE30jff365/p/Wu+r3T+46R8JFHo+mjYx+KPmp9rPnE+NT1Ofbzs7HFX/Bfyr5afG3/FvLtwff0798lHClnQgogqMPJyQC8rQaAEo9qB1SXk+ZNausJgya/ByYI/Cee1N8ThiqXah8AolcBEIpqlN2om6BMRsdxSRTlA2BHR7lP6eAJzT5uOPTrZa/tOPUMvgb/tEk9/5e+/zmC8apO4J/jvwCpxwtYHGzBxAAAAIplWElmTU0AKgAAAAgABAEaAAUAAAABAAAAPgEbAAUAAAABAAAARgEoAAMAAAABAAIAAIdpAAQAAAABAAAATgAAAAAAAACQAAAAAQAAAJAAAAABAAOShgAHAAAAEgAAAHigAgAEAAAAAQAABVKgAwAEAAAAAQAAArYAAAAAQVNDSUkAAABTY3JlZW5zaG90o5MohgAAAAlwSFlzAAAWJQAAFiUBSVIk8AAAAddpVFh0WE1MOmNvbS5hZG9iZS54bXAAAAAAADx4OnhtcG1ldGEgeG1sbnM6eD0iYWRvYmU6bnM6bWV0YS8iIHg6eG1wdGs9IlhNUCBDb3JlIDYuMC4wIj4KICAgPHJkZjpSREYgeG1sbnM6cmRmPSJodHRwOi8vd3d3LnczLm9yZy8xOTk5LzAyLzIyLXJkZi1zeW50YXgtbnMjIj4KICAgICAgPHJkZjpEZXNjcmlwdGlvbiByZGY6YWJvdXQ9IiIKICAgICAgICAgICAgeG1sbnM6ZXhpZj0iaHR0cDovL25zLmFkb2JlLmNvbS9leGlmLzEuMC8iPgogICAgICAgICA8ZXhpZjpQaXhlbFlEaW1lbnNpb24+Njk0PC9leGlmOlBpeGVsWURpbWVuc2lvbj4KICAgICAgICAgPGV4aWY6UGl4ZWxYRGltZW5zaW9uPjEzNjI8L2V4aWY6UGl4ZWxYRGltZW5zaW9uPgogICAgICAgICA8ZXhpZjpVc2VyQ29tbWVudD5TY3JlZW5zaG90PC9leGlmOlVzZXJDb21tZW50PgogICAgICA8L3JkZjpEZXNjcmlwdGlvbj4KICAgPC9yZGY6UkRGPgo8L3g6eG1wbWV0YT4Kne7J4QAAABxpRE9UAAAAAgAAAAAAAAFbAAAAKAAAAVsAAAFbAABhDivGB2wAAEAASURBVHgB7N0HgCRFoQbgmr3MReC4gFkRBMzPjBEwgCACimAARMwZFEEQBQEJIiigiAKKKCpJRcw5PHPOyFOMpOM4LnB551X1hJ24OzMbbmfma9iZ7urq7uqv+/bwt7o6N/fej8iHbMpVfRUWqj+LNaoLW10a1catHkS9iRIo3jQTdTjHIUCAQAcCflN1gGaT0Qj4b53R6Nm2DYHqW616qY3ddFC19d+rrdfsoBljucmwDa1ZWbPYsBnlOuWZ+mrDrArDravcU7lemun8HqjasmKhsPtCQUVxoQV1Bam4QWEsKjezsGXjz6pNqxYa7bXxPhqVVu+qUQ1lXSTQ0r3UReejqQQIdK9Abl5tkFo6l4n4i2cCjjEBh2jtPxCia2rLhP8FMIEHnMBDle7Skb8n4gYYuRVqECAw4QKT8jfShCs4IIG+Ehjjv/PHeHfjcCm2ZAu33O/Yto7cVuUmlyjfwk4aVmlQ2KCo6qgjrU+VW6lTtdP6hRHvnHKF8kz9TlJJ3eq6gsJ2TYrrdprVa7Vy3datFYzz7lMjJuAQLd8GqS1jcMu0ZluqNYEHnMBDlc5u5O+JuAFGboUaBAiMo0DzILXyoJPtl0Fsz2RrUiVXR/Pxb4FJ+RdBRydjIwL9I5DvuV9GvXDt/Dbthas4Uefgj/BESW+p47R7hUf5+6Pdw7XNMu4HaLNFo/Rq82hNq3fQjGE3abiyQWFNUf3VKVaoqZfOo6qoaqH6LLN9xvXDVKneoMFSfbsaVKotyjZqYcu6KnUFQ3seZtVQpTQXK7Zct3rLcVuahE0a9bmO8r4a9fHtgACBjgT878+O2MZ0o4ogNe23xb+xxrba2J3QcO0azX99lFo43P5LdUrfY3G80r5qvsdx1zVHskiAAIFuE/AbsukVa+fvsKY7sWJ8BNq5OO7xka9BO54j761Qo1X38Th2gzZO0GEaHLlBUSOb2MBGxQ22blw0qo0b73K40pYPFyu2XDcesOPerBWNbed4FZuNzWy8jq3ea+V65ZnmTRixSoMKDYoaHaDFao027axsuAOOxbUbbv+1LR6L49Xus7g8jrtuckTFBAgQmLwCuXn3Ko6Rmv2Sbuc39dBJNd2q6Yqhbc2NXsBfbKM3tAcCBPwmcQ8QmHiBDv5DqbyJP7ONr1cZqPHqMS5tdrROr06z/Y1xsyfN7kZyKngUao1Ut+lJdbxhzR7L+ynP1FQoLlatrlqorj/MqnLFVuqUK4/HTMUdWTE77JGyei1WHrbasCub57vDbzZs061sXWCL35qtN1VNAgQmrUD3/iYZClIz3Pg3zwh/+YywevhLNKqNh9917doJPFT50LW3QbM21NYr72C8ZkY44Airx6tV9kug+wSa/aHuvjOpabHfAjUgFvtKYLz/YFf++RrrY1Xuu68uWpOTrfetL2myaW1xxxvW7sjy2Ak0vt+rSqsWRnnkYfdVsbJitvERayrULDbcppU6tRu2sk3b93XNBjWLtU0YWo4VW64bt2pYd6hwaG7oCC3PjWrjlo+SVZzAQ5UbVnvZm7Whtl55B+M1M8IBR1g9Xq2yXwLdJ9DsD3X3nUlNi7v7t0BufqlHavm0ildqoi7YKI4zik3LZzuZZpreSk1XTKbWawuB/hBo+sexq38hNT2r/riozrKPBcb3D+747j1dtqE/u0Nz/Xk5C9bjL96W7iRrTltt35KVR7yZR6zQUuvr9lJXMMJusvqtbFSs00rVdMhW67Vbt/Z0Wro/m1QqFjdZWzxSxdqK2dpmVC3X1asrqKre8cIodjuKTTtu7nhu2PR2a7piPFtj3wQINBJo+sexq38hNT2rRgSTrqx5kFrZ1HG8QG3vuu0NKk9kC893eK90uNkWPlmHJ0CgOwT8humO66SVYy2QT12gxvi/KcZ4d22ecr//Wd6y+m1erJarNz2rihWT5cpXNKlpGDi2be1wb21uVle9WFA43+q11UvFy5wVNlxTfR+0UKW8QTt1yxsNM1N18SrrNV6RlTZeVbFxgwoNiio2qJ5t7SDV27S41E4zsl22vUGLDZmIah3eKx1uNhFn5BgECHS9QPf/hmktSC1dqFH8JTKKTUtHr/8e5U473bzty972BvWnWlsyDrusPYRlAgT6RsBvlL651E60KNDpfwFMEsAub/4kURzTZqRLMha/STu6tB1tNKanX9hZBwAdbNKg4SPsZYTVDXbYuKjhfhoWNvDID39/DLObqsa0Wq9qozYW6u6l6oLqpbjfuoLKYzVZ2aS4csuh+Vi5rfpDW6a5UWxavaPKpVHutNPN2770bW9QeZKN58dhl40PpJQAgT4Q6O7fKO0Fqc0uZ/FvhE7/Ymi227bKhzn4MKvaOsRwletug7qC4bYe3boJPNToGmprAgQmqYDfIpP0wmjWuAlMxH8ZjFvj63fcY6dTf4KjLCn9ihsjpzHazShPqr83L13SeoXimuYV6jcZqWTEfdVUqFkc2n1hRd3quoKhLcpzrdQpVx7lTMUNnhspiqyoW3/UYVYOs6p6P8NULK4apkb1rsZjaZiDD7NqzFpSd1vUFYzZoep2NIGHqju2AgIEekGgu3+L5Obf8xHZ021Dl6K9X/sNazcsHDrCeM9lh5/INnR4D3S4WVO+sd5f0wNZQYBADwr4DdKDF9UpNRSYyP9AaNgAhRMo0PbVbnuDCTyZjg9VeVLt/q4fzbYdN7jtDctnVZ5Ju6haaHufrW9ePE5Lh6uulK9ebNzGVupkja28Vo131ai04VblwvJMo00LZcNWGWblMKuGDta4UsPShoVDexrvuezwE9mGlu6L+rPucLP6HRVLxnp/TQ9kBQECPSjQvb9BCkFquiTlX/zlmYYXavi1NZu0Vblm2xYWa3dfeRlq17WwuwmtUtnW4Q9cUbNitrxN8USrVpUX2lEob1TetRkCBAgQINCzAlV/RVYtdHjK7fw9OhbHq2xmO8eu3K7X5hu7NiptJtao7pgrTchBxrzVE7fDZhenpgX11epLajapX+xgk8JO4oYtbztUsaXgNB1gaJP6Ng+/skH9UtEob7xcYfuW99KwYsPCQgOHWVU6g6HvQuUONhnaxTjMtdWecTj+SLsc9raq2riiZsVsuUrxRKtWlRfaUShvVN61GQIEelCg+PdH/Zl17++AoSA1nVX2e6/+l199ST3BiCUd7mSkzRL9SHVGbNuEVKi9SepbXVuj8N9JdaUjtnZoi/pj1G88VLt+nRICBAgQINAPAq38fdmqQ4O/V6t2X7XQ2k7TLjvYrLWd92atruQap0ZX7rbB3TnsDTCabYfdceXKdhtVuW3D+aEdlufKMw03aK8w21c7OyzWrdmkZrHQhoaFtc1rqVLNRpVXsmZVk8W6LbKCutImW9cUlzcrz9RUKC62tXqEyo2PMFS6ZTcfase4ztXeK/UnXVvD//4c1wti5wQI9Mh/0FYHqaXLGhPj+l+zpZVj8F2x84F4rIGBgTB1ykBI87lc/B5Ix0jzY3AsuyBAgAABAgQIECBAgAABAgQIECBAYFILpKc30isa84P5MBgX0s/mzZvD5sHBEP+dFFNuQRojNU6l/zdqKLuMc0MLY9rYFJpOnTIlTJ2aQtMsNR3T/dsZAQIECBAgQIAAAQIECBAgQIAAAQK9ITAYk9RNmwbDxhSsbt5yqWo5SG3MOjZhaiGPzYXp06eGacLTxtRKCRAgQIAAAQIECBAgQIAAAQIECBAYViCFqhs2bo4/m4atNx4rRwhS0yHbD1OrO7LmwowZKUCd6lH98biC9kmAAAECBAgQIECAAAECBAgQIECgzwTSUAAbNm0K69dvnLAzby1ITc2pTkerGths1bRpU8OM2As1Z7DTKi8LBAgQIECAAAECBAgQIECAAAECBAiMXiAfE9X1GzZNSA/V1oPU0nlVpKYVs6W12ffAQOqFOj17gVTVCgsECBAgQIAAAQIECBAgQIAAAQIECBAYY4FNcezUdes2ZC+pGuNdl3fXfpAaN80C1CYp6rRpU8LMGKKaCBAgQIAAAQIECBAgQIAAAQIECBAgMJEC69ZvCBs2bB6XQ7YdpFblp2khjkdQmmbOmBamxUf5TQQIECBAgAABAgQIECBAgAABAgQIENgSAhvio/7rxmHs1JaD1KoAtYHAzFkxRI0vlDIRIECAAAECBAgQIECAAAECBAgQIEBgSwpsjC+iWrt2bF9E1VKQWhmipg6olcsJZNasOB7q1Clb0saxCRAgQIAAAQIECBAgQIAAAQIECBAgUBbYtHFzuDuOmzpWU8tBaj57hj9XF6LqiTpWl8J+CBAgQIAAAQIECBAgQIAAAQIECBAYS4Gx7JnaQpBa2fTqINWYqJU25gkQIECAAAECBAgQIECAAAECBAgQmGwCYzVmam7BPR6Rr+tm2vRsh4LUadOnhJkzpjetaQUBAgQIECBAgAABAgQIECBAgAABAgQmg8C69RtCClSbT7WDmdbX7ChIHRjIhdmzZ9bvTQkBAgQIECBAgAABAgQIECBAgAABAgQmocDqNevC4ODgMC0bPkztKEidtdWMMHXKwDAHtYoAAQIECBAgQIAAAQIECBAgQIAAAQKTR2DT5sFw993rRmhQ8zC1EKSmzZvXqdh5LkyfNjXMnDmtoswsAQIECBAgQIAAAQIECBAgQIAAAQIEJr/AunXxEf+Nwz3in86hcVBaHaTmiyfbuG7cRS7MmTMz5HJNKkx+Ky0kQIAAAQIECBAgQIAAAQIECBAgQKBPBfL5fFi9el3Ix3+Gn+rzz6EgtXbL+rrZy6WmT59aW9MyAQIECBAgQIAAAQIECBAgQIAAAQIEukJgfXzp1Pr48qnWpqGQtOUgtdAbdVbsjdraIdQiQIAAAQIECBAgQIAAAQIECBAgQIDAZBOInVJjr9S1LfRKHWp5ykZbDFLzYcb0aWHGjOlDW5sjQIAAAQIECBAgQIAAAQIECBAgQIBAFwqkHqnrN2yMLW+912gLQWphvIA5s2eFgYGBLmTRZAIECBAgQIAAAQIECBAgQIAAAQIECAwJDA4OhtVr1hYLWgtThwlShwZcnTplSthqq5lDRzJHgAABAgQIECBAgAABAgQIECBAgACBLha4++51YdOmzRVnMHyg2iRIjSFqcbv0NTM+0j8tPtpvIkCAAAECBAgQIECAAAECBAgQIECAQC8IbIiP9q9bV/vSqeZhaoMgtdgTtSJIne2x/l64N5wDAQIECBAgQIAAAQIECBAgQIAAAQJFgezx/vjSqfqpcZhaE6QOPc6feqSmTXK5XJgzZ6v6/SkhQIAAAQIECBAgQIAAAQIECBAgQIBAFwusXn13GBysyETL51IfplYEqdUblKpOnTY1zJo1o7wLMwQIECBAgAABAgQIECBAgAABAgQIEOgFgbVr14eNGzc1OZVSQlpYXQxSq0PUtKpUbcbMaWH69OlNdqaYAAECBAgQIECAAAECBAgQIECAAAEC3SmwYcOGOE7qxmEaX0pJY1664B4Pr09R46apSlqx1ayZYeq0KcPszCoCBAgQIECAAAECBAgQIECAAAECBAh0n8CmjZvD3WvXjdDwQpjaNEgtbZ1eNDVlykBp0TcBAgQIECBAgAABAgQIECBAgAABAgR6QmDz5s1hzZqRgtR0qrnmPVJLEnPnbpW9cKq07JsAAQIECBAgQIAAAQIECBAgQIAAAQK9IJDP58OqVXe3dCrD90iNz/bPnTc7Bqkt7UslAgQIECBAgAABAgQIECBAgAABAgQIdI1AzFHDqpVrhl4YNUzLGwep5VFT82He/DnDbG4VAQIECBAgQIAAAQIECBAgQIAAAQIEuldg5V2rY+OLPUmH6VBaH6SWQ9R08oLU7r0FtJwAAQIECBAgQIAAAQIECBAgQIAAgZEEqoLUVLlJmFodpFaFqGkrQWpSMBEgQIAAAQIECBAgQIAAAQIECBAg0JsCdUFqOs0GYepQkNogRE3beLQ/KZgIECBAgAABAgQIECBAgAABAgQIEOhFgUKQms6sJj2tXVxwj4fnY8fTBlOhUJDagEYRAQIECBAgQIAAAQIECBAgQIAAAQI9IbDyrlXxPFJqWpOcprOrKMot2D4GqdlUSlPT2tJ8erR/bmG1TwIECBAgQIAAAQIECBAgQIAAAQIECPSYwFCQmk6sIjktnWexaJggtdQjVZBaMvNNgAABAgQIECBAgAABAgQIECBAgEBvCRSC1HROKTFtEKQWVzUIUku9UWO/1Dg7f4EgNVmZCBAgQIAAAQIECBAgQIAAAQIECBDoPYG7VqwKuXJ+2iRMjcVNg9QsThWk9t6d4YwIECBAgAABAgQIECBAgAABAgQIECgLpCA1dUQtZ6lhoLyucqYYpA71Qk3jo5aXYpfU+QvmVdY3T4AAAQIECBAgQIAAAQIECBAgQIAAgZ4RuGvFypiiFmLUoc+hWLV0onVBajlGTc/1x0mQWqLyTYAAAQIECBAgQIAAAQIECBAgQIBArwlkQWo6qXKYWgpRS9+FM45B6sOGOqCW+6LGomKpILXXbg3nQ4AAAQIECBAgQIAAAQIECBAgQIBASWAoSE0lpT6ppRC19B3XLFgag9S4XMhN02cxQc2+0qP980v79E2AAAECBAgQIECAAAECBAgQIECAAIGeErjrzvRofzylcmZaWCgvlsLVFKTmy6WC1J66C5wMAQIECBAgQIAAAQIECBAgQIAAAQLDCjQLUtNGhdi0+Dk/9UjNSoshamEpK0qdU+dv7WVTBQyfBAgQIECAAAECBAgQIECAAAECBAj0mkA5SE0nVu5wmmZKMWpVkBoT02w5fgtSe+1ecD4ECBAgQIAAAQIECBAgQIAAAQIECDQRaB6kpg1y2T/Z3PylDy1EpylIzVemqGlZj9SEZCJAgAABAgQIECBAgAABAgQIECBAoDcFhg9S0zkPZH1Qc+UgtbIraspTY7CactUFHu3vzTvEWREgQIAAAQIECBAgQIAAAQIECBAgEFbEl03lCk/vl57mL6qUCgey5eZBalyd8lRBatHNFwECBAgQIECAAAECBAgQIECAAAECPSeQBanprFJuWspOs7MsLRRWjBCk5mOQOj/bzAcBAgQIECBAgAABAgQIECBAgAABAgR6TWDFnXfF/DSGpYW8tOL0Wg5S88UeqYLUCj2zBAgQIECAAAECBAgQIECAAAECBAj0kEAhSI0nlJ7vL2Wn2flVLsSotfEYqemh/vRof+qRuiCb90GAAAECBAgQIECAAAECBAgQIECAAIFeE1hx54pCj9SUohaGQy2e4ohBagxRCzmqILXX7grnQ4AAAQIECBAgQIAAAQIECBAgQIBAlUBVkJqy03J+Wp7JChv0SE1BaqqU+qMOxh6pW1ft2AIBAgQIECBAgAABAgQIECBAgAABAgR6RWDFnXfG7DR1RY2ZaIpFy/lpeSYrrAlSS71RU6XBYo9UQWrEMBEgQIAAAQIECBAgQIAAAQIECBAg0IMChSA15aHF5/rTbJahZh/lMxaklinMECBAgAABAgQIECBAgAABAgQIECDQbwKjDFITV3y0Px9fNrWNHqn9dvM4XwIECBAgQIAAAQIECBAgQIAAAQL9IrBieXy0P1fqhhq/S7NDz/hnFMUeqcW3S8XwNKancUWqLUjtl5vFeRIgQIAAAQIECBAgQIAAAQIECBDoV4HqIDUqpFA1xaOtBanFPDWGqXqk9ust5LwJECBAgAABAgQIECBAgAABAgQI9L5AClJTaJp1Sk3hafMg9SGl7qhxg8HUETWbso6pgtQChk8CBAgQIECAAAECBAgQIECAAAECBHpSoD5IjadZftR/6JTjo/0NgtT0hH9WR4/UISpzBAgQIECAAAECBAgQIECAAAECBDoTuN997x1e84qXVG38y1/9Plxx5eeryibrwp67Pyk8c88nVzXvymuuDz/9+a+ryrpxoRykpsanR/qzHqnZTNXpFIPUFJvGlfnYIzVNgtSCg08CBAgQIECAAAECBAgQIECAQBcIzJwxI0ybNjWsWr2mC1o7fk2cP29uWLtuXdiwYWPVQebMnh02b96crata0eHCvLlzwrr16+uOM9zuHvXIh4ZPXXpeVZXPX/+18Na3n1pVNpYLAwMDYesF88Md2aPro9vza19xWHjja4+o2snx7zozXHnt9VVl3bhQF6SmnHQgBalpKn3HuUKP1EL/0+xFU6XZrKIeqRmDDwIECBAgQIAAAQIECBAgQIDAJBV49ctfEo54yUFh+vTpIQVz7zr1nDA4WOwsN0nbPNbNmjZtWjjlxLeEvZ+5e1hz993h4o9/Onzk0iuywxz3lteGFxy4b9gUg9QrPvu5cPYHPtLx4VMwedLxR4X99n1GWLt2Xbj0E58NF3708pb2N9FB6l7PeGp4yxtfGbbffkn4zvd+FN5x8llh2R1pLNDOpr4JUhNPyk6zIDXNCFITiYkAAQIECBAgQIAAAQIECBAg0NUC97rn9uEbX/xUfBJ5KOw58rXHhO/94CddfV7tNn6fvfYI7zv9xPJmm2OQvMfeB4cli7cLn/74BeXyNLPfQS8Lf/rLjVVlrS48+YmPDR+94Mxy9Xx8ydCe+7ww/Ovf/y2XNZuZyCB1ypQp4XtfuzJst3DbcnPO+9Cl4bwLP1ZebndGkJr1SH1woQ9q4e1SpcFR49P9heIF22zdrqv6BAgQIECAAAECBAgQIECAAAECEyDw/AP2Cae+861VR7rkss+E08/+YFVZry+c+q5jwvP3f3bVaR5zwmnhHkuX1D2OnmySUSfTsUe/Jhxx6AuqNj3+pLPCldd8saqs0cJEBqk77fiAcN2Vl1Q14+e//G144UtfX1XWzkLfBakNHu+Pj/YPF6SmR/u3acdUXQIECBAgQIAAAQIECBAgQIAAgQkSmD9/Xvj+168KaYzU0rT/wS8Pf/jTDaXFvvh+3KMfES776Lnlc02P3T9xzwPCNtssCF/7wifLPXbTOKlP2+sF4ZZbby/XbWdm1513DNd+emhogDRO6pOe/rxw110rR9zNRAapqTFfvPpjYccd7ldu14nvPjt8+qovlJfbnRGklnqkZp1PqwZHLfZIFaS2e1OpT4AAAQIECBAgQIAAAQIECBCYSIHdHv+o8LLDDg6zt9oqfPIz14YvXP/1iTz8pDlW6pF6yEH7xXFAl8cep58NP/7pL7O2PXPPp4TDX/z8+GKoDeFjl18Vvv29/x1Vm5/z7KeHQ194YFixYmW49PLPhh/+6Oct7W+ig9QUoh750heGB++yY7jq2i9l98b69RtaamujSn0ZpGa9UksaufSyqdgjtWmQOhh7pA6NpVDazDcBAgQIECBAgAABAgQIECBAgAABAq0LTHSQ2nrLWqvZ20Hq8ogwMPRaqWzI4fQRfwZKPilIXVJ8tL84JurQV3q7W+qRKkgtcfkmQIAAAQIECBAgQIAAAQIECBAg0ImAILUTtYnZZsXyO+KBUpCaJahZflr4KC5nYaogdWKuhqMQIECAAAECBAgQIECAAAECBAhMiMDAwEAYHEwdBIembbZekL2MKjeQC7/9/Z/C//74F0MrJ2hOkDpB0B0cprUgNY2R2rBHanraPz3vr0dqB/Y2IUCAAAECBAgQIECAAAECBAiMu8D973fv8Oj/eVh40I47hJ13ekCYOXNm+MsN/xf+HH9++evfh9/87o9tteFBO+0QHvaQnau2+cnPfh1u+se/qsoqF6ZNmxb2eOpu2XbbL10S7rH94rDdwm3DzbfcGv56403hhhv/Fr//Hn7+q9+FTZs2VW46ZvMPfMD9wrOftXvY+UE7hF0etGNYtN22YfmdK2K7/x2++Z0fZu0/8bg3hSWLt8uO+bHLrwynnXV+W8efNWtmeMiuD4rWD4jWDwwPit4prE3HuOmf/w5f/uq3w41/u2nYfXYapKYQ+Ol7PKlq3zfd9K/wk5//uqqsduF/HvGQ8KQnPCZsv328LksXh+3jz8pVq7Prka7JDfHnl7/5fUsvykr77u1H+0s9UtOZxl6oWUfU9FHZI3WYIHUwhqg5QWrSMxEgQIAAAQIECBAgQIAAAQIEJo3A1KlTw2tfeWh41ZEvCVNi78tm07Vf+EoWGN61clWzKlXlRx5+SDjmza+qKjvuxNPD1Z//clVZWrjffe8dDn7evuG5+z4zbL1gft362oK//t/fwwknnRV+9Zs/1K7qeDn1PD3y8IPDG19zREiBbqtTu0Hqwx6ySzj3rHdlYWSzY2yOoWryfv8FF4dbb1vWsFqnQWoKcK/+1Ier9vm5674ajjnhtKqytJCuxQH77ZX1vk1B+0jTXXetDO85+4PhmgbXuHbb3g9S04P9xfA0y0+L8yWI+EctNy/2SM3WFXughmwpHwSpJSXfBAgQIECAAAECBAgQIECAAIHJIXDve20fzj3zXfFN7Du11KDbly0PR73tpBF7L6adtRKkpvDyVUe+OLz+VYeHKVOmtNSGUqXUg/OKz34+vPcDF4U1a+4uFXf0PW/unHDR+WeERz78wW1v306Q+tKXHBTe+qZXhhRetzL9+z83h+e+4Mis52dt/fEOUlPP4PecdGxYsGBe7aFHXP7RT34R3vHu94Z//uu/Tev2X5CaKCr+j4pmQWohRk2V82FrL5tKECYCBAgQIECAAAECBAgQIECAQEcCuVwuvODAfbNHq9ev3xAuuOjjHe0n9T69KvZM3HXnHdvaPoWpe+9/aBipZ+pIQerSJYvCe087IRtOoK0G1FT+w59uCM9/8atH9aj/qe98a3j+AfvU7Lm1xVaD1GOPfk044tAXtLbTilpf/9b3w2vffEJFSWF2vILUmTNmhGPf8trwwoP2qztmOwUp3N73+UeEFAY3mgSpxR6pCSc9xp9N+cL4qIUlQWoBxScBAgQIECBAgAABAgQIECBAoH2BrbaaFc485e3hGXs8Odt41eo14X9227v9HcUtGgWdaUefvuoL4Yc/+nlYt359eOyjHh5SL8ra3qKf++LXwjHHnzrscRvtv/Ro/wPuf59wxaXnN+ztmMYj/fkvfxvS4/tpXNTZ8ZwfuMP94nilDwyPie1pNH3wosvCufEx+E6mxz36EeGyj55bt+l/b741fPIz14bf/eEvsW9gPuwSA+enPPGx4fGP/Z+quq0EqTvc/77huqsuqXP8+03/DF/5+nezIQoWL14Y9n7G0+r2nw72uqPeEb72ze9VHXc8gtR0f30iWqTH/2unDRs2xp7IvyqPibp+w4aQxpNN1+bJuz02TJ9ePxzCz37xm/CSI99U97KutO/+CVLjycb/86MwNeiRmlYIUos+vggQIECAAAECBAgQIECAAAECYyRwzRUXVT2G32mQumi7heEb138qpN6HldOxcQzT2vEtH/eYR4aPffjskB7Dr5wOOfx14RfxpU/NpmZB6g9+9LPw2U98KKQeqZVT6uH60UuvCJddcXVYu3Zd5ary/FOe9Lhw8glH122bxhQ9+NDXtv1CrBT+femay0Ia4qBy+t4PfxqOPvbkul63T9/9SeGCc06prBpaCVIv/tBZ2YuaKjf845//Gg57+ZvrjnHqu47JxiStrHvJZZ8Jp8exRyunsQ5S3/6uM8OHz3tPXTs3b94crrr2S+GDH7ksvvTrtsomlOfT+KmnvettDYdGSO1O7a+d+jNIrRgnNc5mY6QWYNLLpWJgH2/kNJP1SI3p/dbbblvrZpkAAQIECBAgQIAAAQIECBAgQKAFgV/88Eth7pzZ5ZqdBqnP3PMp4byzTy7vJ82kcS0Pe8VRVWWlhVNOfGs46MDqR9/P/sBHwocvvrxUpe67UZD6nvdeEA6MLy/a8YH3r6r/pa99O7wjvjwqnc9I05zZs8M1n74o3Pfe96yq+v3//Wl42avfWlU20sLDH7pLFupW1ksvTNpz3xc1fPt8J0Fq6uX56x99pfIQ2fwT9zww3HZ7/Yuk7nXP7cM3r7+iqv6Pf/arcGjs2Vk5jWmQGnsYp1636WVfldONf7spvOoNxw071mmpfgraz37PCeHZz9qjVJR9r123Ljzy8XuFFHZXTr0cpN65/I4Yh5ZeNhXPutwjdZggNYtPB2OEKkitvE/MEyBAgAABAgQIECBAgAABAgQ6EhirIDW93On1r35pVRve8JZ3xsfMv1NVVlrYaccHhOuuvKS0mH1f/5Vvhje/rTqMrazQKEhNPU1nzZpZWS184fqvh7fFN8bXBm1VlWoWHvGwXcMVHzu/qpdsGhLgcU9tb1zPFA6nkLhyOuvcC8NHYs/YRlMnQeqDd90pXPOpi6p2lx7pf+Z+L6kqKy2kMXB/85OvVvUWvmP5neHxT3tuqUr2PZZBaqPrcsNf/xYOjT1mk2ur0/x5c8P113wspB7PldPe+x8WUihbOfVXkJrOvBSipu/CYlWP1HKQGtflUx09UhOTiQABAgQIECBAgAABAgQIECDQkcBYBampN2rqlVo5pRcD/eWG/6ssKs/PmjkzC/fKBXEmjWH67AMOryyqmm8UpFZViAvXfuEr4bh3ntFwDM3aurXL1376I3UvymrWy7N229LyO459Q3jJIQeWFrPvFx3xhpDG9mw0dRKk7vfsZ4SzTju+andXXnt9OD4+St9sauU6j2WQWtuOP/3lxtg7+c1hxYqVtatGXD4uvqgqjatbOR193LvDdV/6RmVRT4+RWt8jNZ26ILXqBrBAgAABAgQIECBAgAABAgQIEBhPgVYCtlaO32jMzifs/tyw7I47m27+8x9cH+bNnVNen17G9NRnVQdm5ZVxZqQg9arPfSmcEB/nH6x55LtyH8PNn37yseGAOExA5fTy170tfPf7P64sGnb+so+cE9IYsJXTbnvsH25ftryyqDzfSZB68POeE05+x9HlfaSZU874QLjsU1dXlVUutHKdxytI/cOfbgiHxyEe0pi1nUz7P+dZ4Yx3H1e16Uc/dkU485wLq8r6t0dqYoihavp33pIHZ8OhZr1R83Hsg6GlWMkYqVV3jAUCBAgQIECAAAECBAgQIECAQBsCrQRsrezuxGPfGF58yAFVVfc/+OUhhWiNpkY9UocbUzXtY7gg9d//uTk867kvCelN8J1OaWiCNERB5XRcfFnW1Z//cmXRsPPnv+/d4Rl7PLmqzu57HxxS+xpNnQSpKahNgW3lNNILqlq5zuMRpKYXS+37vCPqHsOvbPtI84991MPDJy5+f1W1z1331XBMHL6hcur1IDUlpQNZL9R41qkzavaRzRTmmwWpxSw1VhKkJjYTAQIECBAgQIAAAQIECBAgQKATgdpeoavXrAmPfMLebe/q0BceGE542xuqtktBVwq8Gk0Pe8gu4crLP1S16oorPx/eecr7qsoqF4YLUl9/9Inhq9/4bmX1tucbjfPabpDaaB8vfdXR4Yc/+nnD9nQSpC5dsih896tXVu3vxz/9ZTb+aFVhxcKWClIvv+KacPLp1SFoRbNamn1MDFIvF6RGq4rXTY0cpKbeqDFCLfybQefjwjbbbtsSukoECBAgQIAAAQIECBAgQIAAAQLVAp//7MVh5512qCp81BOfHVauWl1VNtLCjjvcL1x31aXxZeKlHnIhpHExn/uCI2OcM9QlrrSfD7z3pPCspz+1tJh9D/dyqlShWZCaxh9N45COdmoUgrYbpKbeqKlXauX08U9eFU4987zKovJ8J0FqMk4vYNrh/vct7ycNZ5Be5PTTn/+6XFY5syWC1PQo/9P3fWFH46JWtl2QGsLy5XeUY9RyhpohDRSpYmn6t/Bof0pP0x+6Qopa+uMnSK28rcwTIECAAAECBAgQIECAAAECBNoTaDQu6HkfujScd+HH2ttRrH3BOaeEFAxWTmk/aX+VUxrzMh23MnRNb2Df58CXDju+aaMgNQWIB77wlU2HEKg87kjzY/Fo/33ufY/w9es+VXWojRs3hmfu95KGj/d3EqSmnTcKbP8Tx5g9+NDXhFtvW1Z1/LTQaZD6heu/Ht7y9lPq9ldZ8JBdHxSu/tSHK4uy+dPOOj+kIQdGO3m0vzJILfRLzZ7qz2BTrFr8EaSO9lazPQECBAgQIECAAAECBAgQIECgucAhz98vnHTCUVUVUg/Siz/+6fCF+Fb0W2+9vWrdcAu77PzAcOmFZ9dVSY/cX/P5r4S169aFfffaIzz/gH3q6pz0nnPDl77yrTBt2tSwceOmuvWpII3BmnqNVk5f+fp3hh0OoLLucPOzZs0MZ5zy9pBCu8rpmONPDZ/74tcqi4adT+Hwx9MLpx79iKp6N99yW0g9bn/zuz+Wy6dOnRpe9ILnhuOPeX25LM2knryvffMJYd269SGNMdpoSsf5xMXnhgc+4H5Vq+++e2127VIv3Zv++e+wfv2GsOvOO4ZLLnxvVb277loZHv3kfavKHvGwXcNnLvtgVVka2/VVb3x74WVZDXoWp8qNrnt6cdjzX/zqsGlT42tZdZBhFqZMGch6Ih9x6AuqaqUXi739nWdUlfXyGKlDPVIFqVUX3QIBAgQIECBAgAABAgQIECBAYKIEUpiXxipNYdtkmG6+5dawdMniydCUrA3Pe9Grwm9//6e22rP90sXhi1dfGubMnl21Xeo9+7eb/hlu+OvfsnPc5UEPDDNmTK+qU7nw95v+Fe5333tVFo3ZfAp0U9BZOc2dMzukMXMrewqX1qdwt3YIiNK6LfF91rkXho9cekXVofs7SI0UMVz3aH/VLWGBAAECBAgQIECAAAECBAgQIDC2AqlX4zVXXDRsqDe2R2y+t8kUpP7zX/8Nex9waNiwYWPzBjdZc8B+e2XDFzRZ3VLxeAapZ55zYfjox6qDyNSoT8SXOtX2yk3lkylITUMl7HfQkSENB1E5CVIbBKmVvYiNkVp5u5gnQIAAAQIECBAgQIAAAQIECHQm8OBddgrvPe2EcP/73buzHYzRVpMlSF27dl044tVvCb/41e86PrO3vPGV4WWHvSBMmTJl2H189/s/Dg+Pj9XPnze3qt54BanpnNKLqVIgWTul3rTXfvojYesF86tWTZYgNQ07cfrZHwyXfuKzVe1LC/0SpGYP96dhUbMpzRQXGvVILQWphRdODYZttl1Y3NAXAQIECBAgQIAAAQIECBAgQIBApwIzZ8wIh734+eGRD9817PKgHcPiRaPLXNL4nqtWrQl3LL8zCyTXrV8fHvM/DwuLF28XH3vfKo6HOq2uqVs6SE1t/fVv/xhSj82/x8fwRzvtuMP9wglve0NIb54fGCi9Yb2w17/c8H/h1PhCph//9JdhSTQ5+o2vCI965MPCPWKYmaaxDFI3x2EFbrzx7+Gb3/lhOP/DHx927NLtFm4b3vrmV2XjvKZ2pWlLB6lp7Nc//vmv4aJLPhW+8/0fZW2q/agNUlNAfdSxJ4dVq9fUVu265eXL0wvEBuI/aYo9TwWpmYQPAgQIECBAgAABAgQIECBAgACBHhNIIfUD7n+fkMY8XbZsefhLHCf1zhV39dhZbtnTqQxSP3zx5eGc8y8OaVzaXpiqg9Q0HGopSU3fxflCj9Rd0xP8cUofcbbQFTXNxcV82Gbh6P7fkbRnEwECBAgQIECAAAECBAgQIECAAAECBCajwPJlsUfqQC72SC2EptVBampxIVCNL5sSpE7GC6hNBAgQIECAAAECBAgQIECAAAECBAiMv4AgdfyNHYEAAQIECBAgQIAAAQIECBAgQIBA3wikcWjvsf2SkMZUTePd9sokSO2VK+k8CBAgQIAAAQIECBAgQIAAAQIECGxhgecfsE9421GvDvPmzsla8n9/+0fYa/9Dt3CrxubwgtSxcbQXAgQIECBAgAABAgQIECBAgAABAn0t8OQnPjZ89IIzqwyW3XFneMLuz60q69aFjoLUwgumCqfsZVPdeum1mwABAgQIECBAgAABAgQIECBAgMDYCXzk/DPCU570uGyHJ5x8Vvj2d38Utt126/Dnv9w4dgfZgnuqDVJDLld67VSxVQ1eNiVI3YJXzKEJECBAgAABAgQIECBAgAABAgQITEKBL197WXjA/e8T/hSD0/0OetkkbOHomtRmkJoPKWbN5+N3/DdNeqQWHHwSIECAAAECBAgQIECAAAECBAgQ6GeB008+Nhyw316hl8ZFrbyeow9SU6ga49RtFi6s3K95AgQIECBAgAABAgQIECBAgAABAgT6RGC7hduEZ+z5lPDO496UnfHlV1wTPn31dWH16jXZ8m233xE2bdrU1RpZkBp7mQ4MpEf44zT8o/01PVJzsT/qYNpKkJoUTAQIECBAgAABAgQIECBAgAABAgT6UeDzn7047LzTDk1P/TnxUf9uHyt1KEhNpxnD1OzfFKoWg9XsO46bOm/JruXn+cuP9gtSm94cVhAgQIAAAQIECBAgQIAAAQIECBDoF4HhgtRvfueH4TVvOr4wXGgXg7QepC7eJV9IWfNhsDg+ajZCqh6pXXz5NZ0AAQIECBAgQIAAAQIECBAgQIDA6AVmzJgeBnIDDXe0fsOGMDiYhYgN13dL4RgEqYVU1Rip3XLJtZMAAQIECBAgQIAAAQIECBAgQIAAgXYFRg5S0x4H4qP9sUdqHD81TrFHauErm88Xu6cKUhOKiQABAgQIECBAgAABAgQIECBAgACBXhQYXZCajy+bij9pEqT24u3hnAgQIECAAAECBAgQIECAAAECBAgQSAKlIDWNYBBfKdXgZVOpVuyROn9JHCM1myp6pGZBairMC1ILOD4JECBAgAABAgQIECBAgAABAgQIEOhBgQ6C1BAf7Y+ZaopVBak9eEs4JQIECBAgQIAAAQIECBAgQIAAAQIEagUEqbUilgkQIECAAAECBAgQIECAAAECBAgQIFAj0GaQmt42lR7t1yO1xtEiAQIECBAgQIAAAQIECBAgQIAAAQI9LCBI7eGL69QIECBAgAABAgQIECBAgAABAgQIEBgbAUHq2DjaCwECBAgQIECAAAECBAgQIECAAAECPSwgSO3hi+vUCBAgQIAAAQIECBAgQIAAAQIECBAYG4E2gtRd48CoaTJGasHBJwECBAgQIECAAAECBAgQIECAAAEC/SIgSO2XK+08CRAgQIAAAQIECBAgQIAAAQIECBDoWECQ2jGdDQkQIECAAAECBAgQIECAAAECBAgQ6BcBQWq/XGnnSYAAAQIECBAgQIAAAQIECBAgQIBAxwKC1I7pbEiAAAECBAgQIECAAAECBAgQIECAQL8ICFL75Uo7TwIECBAgQIAAAQIECBAgQIAAAQIEOhYQpHZMZ0MCBAgQIECAAAECBAgQIECAAAECBPpFQJDaL1faeRIgQIAAAQIECBAgQIAAAQIECBAg0LFA20HqYH4whFw8Xj795NO/2cI2CxemGRMBAgQIECBAgAABAgQIECBAgAABAgR6TqBRkJqC0vTP0DQQcvOX7JpFpoLUIRZzBAgQIECAAAECBAgQIECAAAECBAj0h0DHQWouxqp5PVL74y5xlgQIECBAgAABAgQIECBAgAABAgT6XKDtIDVf8Wi/ILXP7x6nT4AAAQIECBAgQIAAAQIECBAgQKBPBMYkSM3FAVO3NkZqn9wyTpMAAQIECBAgQIAAAQIECBAgQIBA/wmMOkjNXjolSO2/O8cZEyBAgAABAgQIECBAgAABAgQIEOgjgVEFqXGQ1PRvnPRI7aN7xqkSIECAAAECBAgQIECAAAECBAgQ6DsBQWrfXXInTIAAAQIECBAgQIAAAQIECBAgQIBAuwKC1HbF1CdAgAABAgQIECBAgAABAgQIECBAoO8EBKl9d8mdMAECBAgQIECAAAECBAgQIECAAAEC7Qq0H6SGwcIximOj5rNFY6S2C68+AQIECBAgQIAAAQIECBAgQIAAAQLdIyBI7Z5rpaUECBAgQIAAAQIECBAgQIAAAQIECGwhAUHqFoJ3WAIECBAgQIAAAQIECBAgQIAAAQIEukdgbILUXHy0f9uF3XPWWkqAAAECBAgQIECAAAECBAgQIECAAIE2BASpbWCpSoAAAQIECBAgQIAAAQIECBAgQIBAfwoIUvvzujtrAgQIECBAgAABAgQIECBAgAABAgTaEBhVkJoP+ZD+TR8e7W9DXVUCBAgQIECAAAECBAgQIECAAAECBLpKQJDaVZdLYwkQIECAAAECBAgQIECAAAECBAgQ2BICgtQtoe6YBAgQIECAAAECBAgQIECAAAECBAh0lcDog9TBeL45j/Z31VXXWAIECBAgQIAAAQIECBAgQIAAAQIE2hIQpLbFpTIBAgQIECBAgAABAgQIECBAgAABAv0oIEjtx6vunAkQIECAAAECBAgQIECAAAECBAgQaEtAkNoWl8oECBAgQIAAAQIECBAgQIAAAQIECPSjQAdBaj46xZ/s3/hhjNR+vG+cMwECBAgQIECAAAECBAgQIECAQFFgysBAmDFzRtlj7dp1IZ9PGVph2mqrWaXZsH79hrB58+byci/OjOTRrecsSO3WK6fdBAgQIECAAAECBAgQIECAAAECk0LgqU96fLjo/NPLbdltj/3D7cuWZ8vz580NP/v+F8vrjjr25PDFL3+zvNyLM0/f/UnhgnNOKZ/abnscED3uKC9360wHQWrqghonPVILDj4JECBAgAABAgQIECBAgAABAgTGXWDpkkXhnDNODEsWLwqnnPGB8I1v/2Dcj9nqAQSp1VKC1CW7Zv2R89mz/BFHkFp9h1giQIAAAQIECBAgQIAAAQIECBAYN4E3vfZl4TWvODTb/w03/j3sc+Dh43asdncsSK0WE6QKUqvvCEsECBAgQIAAAQIECBAgQIAAAQITJvDsZ+2R9UhNB/zSV78V3nTMSRN27JEOJEitFhKkClKr7whLBAgQIECAAAECBAgQIECAAAECEyaQy+VCCiy3X7oofP6LXw+r16yZsGOPdCBBarWQIFWQWn1HWCJAgAABAgQIECBAgAABAgQIECAQBQSp1beBIFWQWn1HWCJAgAABAgQIECBAgAABAgQIEJhQgYXbbh3mzJkT/vWv/4TNg8UXoo9RC6ZPnxZfZLVdmDd3bvj7P/4V1qy5u+U9T2SQOnPGjHDve20flt+5Iiy7486W2ziRFQWpgtSJvN8ciwABAgQIECBAgAABAgQIECBAIArMnTM7HHv0a8LTnrJbSEFqmtatXx9++7s/hdPOOj/88c9/zcoafTx5t8eEk9/xlvKqAw55RRZAlgq22XpBeO6+zwwHPnevsMP97xvS8AFpyufz4b+33BZ+9vNfh7PO/XC4fdkdpU0afo93kJradcBznhVeccQLw33ufc8wMDCQtSMNb3DN578SPnjRZVXn1bCRY1z4qiNfHA5+3nOyvd5y623h4MNeVz6CILVZkJpPRvmw9bYLy1hmCBAgQIAAAQIECBAgQIAAAQIECIxW4CG7Piic/753h6VLFjXc1ebNm7Og85LLPtNwfX2gt38MRZdndV940H7h2Le8NqQensNNq1avCWee86Hwmauua1ptPIPU1FP2kg+9NzzmUQ9vevw7lt8Z9jvoyHDb7cua1mlnxWPjsWbMmJ5t8s9//Tfc9M9/121+zJtfFY48/JCs/D//vSU8ba8XlOvUux8wYhhd3ngSzyxflnxzIRdz7PiZPgrLhZliywdCbr4gtYjhiwABAgQIECBAgAABAgQIECBAoF2B1IPx+fs/O3z7ez8Kp5zxgRE3TwHndVddGntg3iOrOxgf5f/dH/4c7lq5OjzqEQ8JW201q1x+yOGvC7/6zR/q9rnn7k8KHzznlHL5bnvsH1avvju874wTwx5P3a1cnmZSL9c//umvYdq0qeF+971XmDN7dtX6o497d7juS9+oKistjGeQevwxrw+Hveh5pUNlgWRq58MftmuYP29uufynsffsi1/2xvLyaGa+//Wrw+JFhU6TF3708vC+8z5StztBqiC17qZQQIAAAQIECBAgQIAAAQIECBAgMDqBdx73pvCig/fPdvKlr34rvOmYk0bc4Rtec0R43SsPK9dL26Rt05TC1U9den7YbuE22fINN/497HPg4dl85UdtkPrkZzwvPup/dPZyqFK97/3wp+HcCz4a/vTnG0Pq4Zqm1BvzoAP2CW876jUh9QhN08pVq7Nj3HLr7dly5cd4BampR+7Vn/pw+VBf/tp3wjEnnBrWr9+Q9aQ97aS3hX322qO8frc9hu/5udOODwivjoF2aTr1zPPKPXRLZelbkFqpMTSvR+qQhTkCBAgQIECAAAECBAgQIECAAIFxEPjUpeeFRz3yodmeWw1SP/3xC8IjH/7gbJv0ePme+xQeIy8176AD9wmnnPjW0mJ4zFP2DStWrCwvp5k9n/bE8MFzTy2Xfeu7/xt2f8oTsuXUA/XMcy4Mn/z0tdmYqOVKFTP7PfsZ4azTji+XvP+CS8IFF328vFyaGa8g9WWHHRzD3Fdnh0lDDOweH5+/a+Wq0mHDQx+8c7jqkxeWl4987THhez/4SXm5duaJj390uOTC95aLn77vC8M//vmf8nJpRpBakqj+FqRWe1giQIAAAQIECBAgQIAAAQIECBAYY4FOgtRf/u+Xyo/Xp7DzpPecW9Wq+8aXLn3tuk+Wyw498k3hxz/7VXk5zaTH9z/0/tOqytLChg0bwxGvfktIj8OPNF135SUh9eRM01e/8d3w+qNPrNtkvILUs9/zjrDv3ntmx/vfH/8iHP7Ko6qOPWvmzPCbn3y1XHbsiafHl099ubxcOyNIrRVpb1mQ2p6X2gQIECBAgAABAgQIECBAgAABAm0KtBukprfS/+6nX4vjlRYeqz/59PeHy6+4puqoi7ZbGH7wjavLZa943bHhO9//UXk5zaTepxd+4D1VZWms1Te85Z3ha9/8XlV5s4V3v+Mt4QXP2zdbfdM//hWe8ZyhR+NL24xXkJp6j6bwM01f/PI3w1HHnlw6ZPYtSK3iGPcFQeq4EzsAAQIECBAgQIAAAQIECBAgQKC/BT55yQfCo//nYRlCq4/2f/nay8ID7n+fbJtvfOv74TVvPqEK8cD99grvOfnYclkKOFPQWTk1ClKbvTypcrvK+aNe//KQXpSVpltvWxae9PQDK1dn8+MVpKbxXA9+3nOyY/zy178LBx/2uqpjC1KrOMZ9QZA67sQOQIAAAQIECBAgQIAAAQIECBDob4Fzz3xn2PuZu2cIabzTNDZnPp8fFuVdxx8VXnjQflmdtWvXhUc/eZ/skfzSRhecc0p4+u5PyhZvvuW2sPveB5dfFlWq87QnPyF8+LyhHql3rrgr7LH3IWH1mjWlKiN+b8kgtTIs3rRpU9hr/0OrxjQVpI54+ca0wuiD1MHYnlw+bL3twjFtmJ0RIECAAAECBAgQIECAAAECBAj0hsArj3hROPqNryifzHkXfixcetlnhw0077H9kvD1OAbq1KlTs+2++Z0fhhPf/d6watWacOiLDgxHv+EVIZfLZetOOu2c8MnPfK68/9JMbU/R0846P3zs8itLq1v6Pu/sk8Mz93xKVve/N98anvqsg+q2e+4+zwhnnjr0Uqon7P7csOyOO7N68+fNDT/7/hfL26TH89Nj+q1MaWiDb15/RViyeLus+u//+JfwpmPeFVIYnabFixaG9GKo0jTS+b3kkAPCO459Y6l6eFp8edV//ntLeTnNbLdw2/C1L1weZs/eKis//8MfDx/44CVVdZJ7eolXGoM2TWkfaV+lKQXcKeguTbvtcUC4fdkdpcWu/Rakdu2l03ACBAgQIECAAAECBAgQIECAQHcILNx263D9NR8PWy+YX27w3XevjeHa8vJyo5ntly4qj5Oa1qderOlFUTNmTK+q/p8YcK6Mb7PfatasqvJZs2aENJZqaUr1Nm3cVFoc8XvqtKnhHksXl+tt3rw5/OZ3fwrbbrN1uSzN3GP7xeXA99//uTlVRCIoAAAgzklEQVTs8exDyj1uOw1S937G08KLY/C58047lEPNdKxk8K9/3xymTBmIx12SispT6rX6+z/eUOVcXhln7nnPpWFKHH+2NKUAdNOmzaXF7HvBgnkhtbk03XXXyrDirlWlxex7WnTZvsLlF7/6XTjk8KFhBwSpS3bN+lvnQ+qCGqe4lE//xMVc/N564dBNWajgkwABAgQIECBAgAABAgQIECBAgEBBIPUOff973xXS4+jjMaUeoCmwHc9p/foNcZzU28O973WPpoc570OXhtTjtjR1EqTus9ce4X2nn1jaRVvfqddsZcjZbON169eHmTNmNFudlafzrQ2tG21w3Imnh6s//+XyKkFqMUgdjEFq1mlakFq+OcwQIECAAAECBAgQIECAAAECBAiMLHDf+9wrHPX6I8NDHrxzVU/PkbYcHBwMa2IP1r/f9M+sd+SDd9kxzJs7p9wLNG0/nkHqP/75n/CJK64Ov/zN78NZpxxffglWZbvT8b/8tW+F08/+UNi4cWN5VWWQesutt4fDXnFUdh7lCg1mrrniovDgXXZqsKZQtPzOFdnj/b/53R+zoQoOef5+Yd+99wxLlywKIwWpdyy/M3w9vrzr3PMvDh+94Mzw4F3rj5N6/f7+j38O7zrt3PC0Jz8+vPl1RzZsS+rReuknPhsu+9TQ8AKpYmWQ+vNf/ja89FVHhxTKdvvU9qP9KUhNUxwWtdwjNc1to0dqt98L2k+AAAECBAgQIECAAAECBAgQIDDGAlttNSucc8aJYeWq1eGMsz9YHjt1uMP87HvXhfnz52VVvveDn4RXvuG4uhdpDbf9ll738IfuEl798peEG//vH+Gc8z8ahw9ofTiFLd324Y7fcZAas9M4FR7tF6QOR2wdAQIECBAgQIAAAQIECBAgQIAAgdYF0supSuOUpiDyQx/5ROsbqzluAqMLUuPgtvHfOOmROm5XyI4JECBAgAABAgQIECBAgAABAgT6SkCQOjkvd/tBauHtUik7jT+C1Ml5WbWKAAECBAgQIECAAAECBAgQIECgWwUEqZPzyrURpO4So9NcGBSkTs4rqVUECBAgQIAAAQIECBAgQIAAAQI9ISBInZyXUZA6Oa+LVhEgQIAAAQIECBAgQIAAAQIECPSpgCB1cl54QerkvC5aRYAAAQIECBAgQIAAAQIECBAg0KcCgtTJeeEFqZPzumgVAQIECBAgQIAAAQIECBAgQIBAnwoIUifnhW8zSA1xjNRsqFQvm5qc11OrCBAgQIAAAQIECBAgQIAAAQIEulxAkDo5L6AgdXJeF60iQIAAAQIECBAgQIAAAQIECBDoU4FSkPqnv9wYXvOm48N//ntLn0pMrtMWpE6u66E1BAgQIECAAAECBAgQIECAAAECfS7wwoP2C7mBgXD1tV8K69av73ONyXP6LQep85bsks/Fdtc/2h8f9Y/TNgsXZt8+CBAgQIAAAQIECBAgQIAAAQIECBAg0GsCrQepi2OQGpNUQWqv3QLOhwABAgQIECBAgAABAgQIECBAgACBkQTGKEjNxx6p2410LOsJECBAgAABAgQIECBAgAABAgQIECDQlQJtBakh9kjN5wuP8mdnG+cLy4LUrrz6Gk2AAAECBAgQIECAAAECBAgQIECAQEsCnQepWZ4qSG1JWSUCBAgQIECAAAECBAgQIECAAAECBLpaoBykxs6muTQGavw3faR/hqaBkJsXx0hNBTE6LZRnX4OxR2qh1KP9BRafBAgQIECAAAECBAgQIECAAAECBAj0nkBlkBqT1HKQGqPTipMVpFZgmCVAgAABAgQIECBAgAABAgQIECBAoN8EBKn9dsWdLwECBAgQIECAAAECBAgQIECAAAECbQs0DlJDGIj/DE3xQX+P9g9xNJubMmVKmDZ9epg2bVqYkn7i8sBA7M6buvqaCBAgQIAAAQIECBAgQIAAAQIECExygfRi+cHBwbB58+aweePGsDH9bNiQLU/ypo978wSpoyROQenMWbPCjPiTAlQTAQIECBAgQIAAAQIECBAgQIAAgV4TSIHq+rVrw7r4k4LWfpwEqR1e9dTbdKvZs8Os+GMiQIAAAQIECBAgQIAAAQIECBAg0C8Ca9esCXfHn9RrtZ8mQWoHV3v2nDlh9ty5HWxpEwIECBAgQIAAAQIECBAgQIAAAQK9IbBm1aqwZvXq3jiZFs6iKkgNcSjP4mieAzljpNbxTY2P7s+dP98j/HUyCggQIECAAAECBAgQIECAAAECBPpRID3yv+quu8Km+N3rkyC1xSucxkGdt2BBi7VVI0CAAAECBAgQIECAAAECBAgQINA/AitXrMjGT+3lMxaktnB101ioc+bNa6GmKgQIECBAgAABAgQIECBAgAABAgT6U2D1ypXZ2Km9evbLl90eTy0Xcrn0TL9H++uusxC1jkQBAQIECBAgQIAAAQIECBAgQIAAgYYCvRymVgapMU4tj5GaG36M1HwI+ZS8DoZ8nI0LYZuF2zXE6+ZCj/N389XTdgIECBAgQIAAAQIECBAgQIAAgS0h0KuP+Y8iSE2XId+zQWp6sdQ2CxduiXvNMQkQIECAAAECBAgQIECAAAECBAh0tUAaT7TXXkAlSG1yS24dQ9RpMUw1ESBAgAABAgQIECBAgAABAgQIECDQnsDGjRvDnTFM7aVpKEhNZzVQfrR/ID3mn6bi2Km5eYt3KT7EP1hYUVzqxUf7Z8+ZE2bPnVs4T58ECBAgQIAAAQIECBAgQIAAAQIECLQtsGbVqrBm9eq2t5usGwhSa67MlClTwraLFtWUWiRAgAABAgQIECBAgAABAgQIECBAoF2BO267LWzevLndzSZlfUFqzWWZO29emDV7dk2pRQIECBAgQIAAAQIECBAgQIAAAQIE2hVYu2ZNWLVyZbubTcr6IwepqdnxQf95i3eOD/Pn4uulevfR/oGBgbBw8eJJeaE0igABAgQIECBAgAABAgQIECBAgEA3Ciy79dYwOFjMFLvxBIptbjNIDTFIzQZHTTNxikuZQT5ss912XcxQaPpWsSfqnNgj1USAAAECBAgQIECAAAECBAgQIECAwNgIrI49Uu+OPVO7fRKkVlzBrRcuDNOmTasoMUuAAAECBAgQIECAAAECBAgQIECAwGgENm7cGO5ctmw0u5gU21YHqbn08H6cculh/kL7isvFR/uLPVKLnVJ7qUeql0xNivtRIwgQIECAAAECBAgQIECAAAECBHpQoBdeOtV5kFp6tL/43e2P9s+cNSvMW7CgB29Tp0SAAAECBAgQIECAAAECBAgQIEBgywqsXLEirFu7dss2YpRHbxak5ko9UrP9x6XCy6YqeqSWg9RC99RuD1LnxrFRZ8UxUk0ECBAgQIAAAQIECBAgQIAAAQIECIytwNo4RuqqOFZqN09jFKSml00t6maHsGDbbcP06dO7+hw0ngABAgQIECBAgAABAgQIECBAgMBkFNiwYUNYcccdk7FpLbepcZBaGCV1aCeVPVLzhR6oIfsaDIXF7g9St120KKRxUk0ECBAgQIAAAQIECBAgQIAAAQIECIytwObNm0MaJ7WbJ0Fq8eptt2RJyOWKb9jq5iuq7QQIECBAgAABAgQIECBAgAABAgQmmUA+9sa8/ZZbJlmr2mvO8ttvjxvEHqcDabuYIxajxFzICoo7Sz1SF+2cTyvTSWdTj/VIXbR0afFkfREgQIAAAQIECBAgQIAAAQIECBAgMNYCt91881jvckL3116QGpuWLzzTn2bi1DuP9gtSJ/S+czACBAgQIECAAAECBAgQIECAAIE+E+j+IDUNTZB6pKauqJU9UotdU7MuqqUeqbGKILXP7nCnS4AAAQIECBAgQIAAAQIECBAgQGAMBASpWc/U7n/ZlB6pY/CnwS4IECBAgAABAgQIECBAgAABAgQINBHomSA164Aax0Utd0wt9UhNJz5QHCM1zhZ6pMb0tBigFoZMFaQ2uT8UEyBAgAABAgQIECBAgAABAgQIECAQBQSpeqT6g0CAAAECBAgQIECAAAECBAgQIECAwAgCfR2kpt6pqUdqLn5vs92iEagm92qP9k/u66N1BAgQIECAAAECBAgQIECAAAEC3S3QW0FqfJw/e7Q/vlwqmyldm7g0d9HO+bQuHwYLpdnT/YUgNZVuK0gtafkmQIAAAQIECBAgQIAAAQIECBAgQKBGoNuD1Dtuvy2eUQxKswy1GKSmklwcL7U8ZUHqg4p9TwcLGasgtcxjhgABAgQIECBAgAABAgQIECBAgACB4QX6LEgtvWwqosQgNVsqfuuROvyNYi0BAgQIECBAgAABAgQIECBAgACBfhbo/iD11nj5Uo/U+JO6mqbH91NJ6qKaTem73CO1UZCaktT0aP/iQv0u/TRGapdeOM0mQIAAAQIECBAgQIAAAQIECBDoCoGeDVJLiWoWrg4XpA4Wg9RFgtSuuGM1kgABAgQIECBAgAABAgQIECBAgMAWEOidIDX1O43jopZ6pJZmkmkcLzW+bCqNkVrbI3Uw5LN3T8UeqYLUxGMiQIAAAQIECBAgQIAAAQIECBAgQKCBQF8EqTFgrQlSY6aaT5GrILXBPaGIAAECBAgQIECAAAECBAgQIECAAIEagV4KUkODHqmFDqq1QWo+BalJIh/SbPrWIzU5mAgQIECAAAECBAgQIECAAAECBAgQaCTQ9UHqbcWXTcWn+rPn+rPktPjiqUJJ9lnRIzU+y5/CU0FqRDARIECAAAECBAgQIECAAAECBAgQINCKQP8EqdvFMVJjypqPj/MLUlu5NdQhQIAAAQIECBAgQIAAAQIECBAgQKAk0DNBarEnavaOqVyjHqkpSI1TPidILV183wQIECBAgAABAgQIECBAgAABAgQItCbQm0Fqesg/e9Y/y1XTUm5uKUhNPVLT5NH+goNPAgQIECBAgAABAgQIECBAgAABAgRGFOjJIDWedTlILY2ZOne7nUrRaQGltFR425SXTY14q6hAgAABAgQIECBAgAABAgQIECBAoH8FBKlZkJqPQeqSrr4LFi1d2tXt13gCBAgQIECAAAECBAgQIECAAAECk1mg+4PUWyJvfHQ/jouavtO/aUqjpA59Z4/2N+qROhgKHVIFqZmWDwIECBAgQIAAAQIECBAgQIAAAQIEGgr0epBaSFYFqQ0vvkICBAgQIECAAAECBAgQIECAAAECBFoT6J0gNZ1vfMFUTY/UgsJAetlUZY/UOEBqeYzUVEWP1AKUTwIECBAgQIAAAQIECBAgQIAAAQIEGgkIUouBqjFSG90eyggQIECAAAECBAgQIECAAAECBAgQSAK9FaSWxkhNI6QWu6Zml7nu0X49Ut3+BAgQIECAAAECBAgQIECAAAECBAi0LtD1QeqtxZdNxaf6s+f6y4/2ZwVFiKogdbBQWHq0P1uMj/YvXlKs3J1fi5Yu7c6GazUBAgQIECBAgAABAgQIECBAgACBLhAQpApSu+A21UQCBAgQIECAAAECBAgQIECAAAECW1agd4PU0qP96bumR2qxM2pckQ/5YpC6UI/ULXsnOjoBAgQIECBAgAABAgQIECBAgACBSSzQM0FqlpvGj0JuWjFGaqMgNUtS01URpE7ie1PTCBAgQIAAAQIECBAgQIAAAQIECEwage4PUm+OlrHHaa6coBaHSk3LpWkg5OZut1P2hqkYnYZ8ClKL3VKz+bigR2oJyzcBAgQIECBAgAABAgQIECBAgAABArUCvROkpjOLL5gq56mVQWp6tH/hjvm0UpBaewtYJkCAAAECBAgQIECAAAECBAgQIEBgJIGeDFLjScfodOjUY2/VLEjNOqLmso6peqQO8ZgjQIAAAQIECBAgQIAAAQIECBAgQGAEgW4PUpfdWnq0P51oDE+zf1OMWhOkzkk9UuOUeqRmU2mp+O3R/gKLTwIECBAgQIAAAQIECBAgQIAAAQIE6gX6IkhNsWrzIDUlqWmM1KX1Ol1Usmhpd7e/i6g1lQABAgQIECBAgAABAgQIECBAoA8FejNITR1T43ip5UmQWqYwQ4AAAQIECBAgQIAAAQIECBAgQIBA+wK9GKQmBUFq+/eCLQgQIECAAAECBAgQIECAAAECBAgQaCLQ50HqYMiXx0jt7kfjPdrf5A5XTIAAAQIECBAgQIAAAQIECBAgQGAMBASpgtQxuI3sggABAgQIECBAgAABAgQIECBAgEBvC/RukJorXrj03XSMVD1Se/v2dnYECBAgQIAAAQIECBAgQIAAAQIExkZAkKpH6tjcSfZCgAABAgQIECBAgAABAgQIECBAoIcF+jRIjelpMUA1RmoP391OjQABAgQIECBAgAABAgQIECBAgMAYCXR9kHrLzVEiPrqfPcEfP4pP9MeSolC2IuTmLNyxFJ3GFYLUMbp/7IYAAQIECBAgQIAAAQIECBAgQIBAXwgIUovx6sLFS7v6gi9a2t3t72p8jSdAgAABAgQIECBAgAABAgQIEOh5ge4PUv8br1HqkZp6o6afwiUb6pGalgf0SC2w+CRAgAABAgQIECBAgAABAgQIECBAoBOB/g5S4wCp5TFSl3R3j049Uju5/W1DgAABAgQIECBAgAABAgQIECBAoDWBngpSU3fUUo/UbNDUkkGzHqmC1JKQbwIECBAgQIAAAQIECBAgQIAAAQIEhhEQpJbGSNUjdZjbxCoCBAgQIECAAAECBAgQIECAAAEC/S0gSBWk9vefAGdPgAABAgQIECBAgAABAgQIECBAoAWBng1SS8/4ZwaVj/Zng6LG9LQYoBojtYW7RBUCBAgQIECAAAECBAgQIECAAAECfS4gSNUjtc//CDh9AgQIECBAgAABAgQIECBAgAABAiMLCFIFqSPfJWoQIECAAAECBAgQIECAAAECBAgQ6HMBQaogtc//CDh9AgQIECBAgAABAgQIECBAgAABAiMLCFIFqSPfJWoQIECAAAECBAgQIECAAAECBAgQ6HOB3glS04UcCKV3TOVKM9n1jUtzFu5YiEy9bKrPb3mnT4AAAQIECBAgQIAAAQIECBAgQKB9AUGqHqnt3zW2IECAAAECBAgQIECAAAECBAgQINBnAoJUQWqf3fJOlwABAgQIECBAgAABAgQIECBAgED7AoJUQWr7d40tCBAgQIAAAQIECBAgQIAAAQIECPSZgCC1R4LU7ZYsCblcrs9uX6dLgAABAgQIECBAgAABAgQIECBAYPwF8vG9S7ffcsv4H2gcj7Dslv/GvceXSWURYh+/bGrbRYvClClTxpHargkQIECAAAECBAgQIECAAAECBAj0p8DmzZvDHbfd1tUnL0gtXr4F224bpk+f3tUXU+MJECBAgAABAgQIECBAgAABAgQITEaBDRs2hBV33DEZm9ZymwSpRaq58+aFWbNntwynIgECBAgQIECAAAECBAgQIECAAAECrQmsXbMmrFq5srXKk7SWILV4YWbOmhXmLVgwSS+TZhEgQIAAAQIECBAgQIAAAQIECBDoXoGVK1aEdWvXdu8JxJYPBalpkNT4U3zdUhw1teK8BkJuzsIdC6+VigPDhhB/ii+ZyhbjwsIlSys26L7ZND5qGifVRIAAAQIECBAgQIAAAQIECBAgQIDA2Aqk8VHTOKndPAlSK67e1gsXhmnTplWUmCVAgAABAgQIECBAgAABAgQIECBAYDQCGzduDHcuWzaaXUyKbQWpFZdhqzhG6pw4VqqJAAECBAgQIECAAAECBAgQIECAAIGxEVgdx0a9O46R2u2TILXiCg4MDISFixdXlJglQIAAAQIECBAgQIAAAQIECBAgQGA0AstuvTUMDg6OZheTYttlt9wc2xFHRM2GRG00RmpaEddXj5Eay7IxUgdDr4yRWroac2OP1FmxZ6qJAAECBAgQIECAAAECBAgQIECAAIHRCayNPVFXxR6pvTAJUmuuopdO1YBYJECAAAECBAgQIECAAAECBAgQINChQC+8ZKp06oLUkkTF9+w5c8LsuXMrSswSIECAAAECBAgQIECAAAECBAgQINCOwJpVq8Ka1avb2WRS1xWkNrk8Wy9cGKZNm9ZkrWICBAgQIECAAAECBAgQIECAAAECBJoJbNy4Mdy5bFmz1V1ZLkhtctmmxhB1mximmggQIECAAAECBAgQIECAAAECBAgQaE9geQxRN8UwtZem5kHqQMVpNn3ZVD6+bCq9dSofFi5ZWrFBb8zOnDUrzFuwoDdOxlkQIECAAAECBAgQIECAAAECBAgQmACBlStWhHVr107AkSb2EILUEby3mj07zJk3b4RaVhMgQIAAAQIECBAgQIAAAQIECBAgsHrlynD3mjU9CSFIbeGyClNbQFKFAAECBAgQIECAAAECBAgQIECgrwV6OURNF1aQ2uLt7TH/FqFUI0CAAAECBAgQIECAAAECBAgQ6DuBXn2cv/JCNg5S45io8Z+hadgxUlO1NEbqkqH6PTqXXkA1d/78MC1+mwgQIECAAAECBAgQIECAAAECBAj0u8DG+EKpVXfd1XMvlmp0XQWpjVRGKJs9Z06YPXfuCLWsJkCAAAECBAgQIECAAAECBAgQINC7AmtWrQprVq/u3ROsOTNBag1Iq4tTpkwJaezUWfHHRIAAAQIECBAgQIAAAQIECBAgQKBfBNbGl0mlF0pt3ry5X045O09B6igv98DAQEjjp86IPx75HyWmzQkQIECAAAECBAgQIECAAAECBCalQHqEf/3atWFd/BkcHJyUbRzvRglSx1A49VKdNn16FqhOieOopuUUtOZylQPOjuEB7YoAAQIECBAgQIAAAQIECBAgQIDAGArk8/ksKE29TTfH8DQFqBs3bOi73qeNSAWpjVSUESBAgAABAgQIECBAgAABAgQIECBAoEKgOkgdCKHYdzJXmsnqxqU5C3fKp/mYSaePwk+ciSF1trBwyZI0YyJAgAABAgQIECBAgAABAgQIECBAgEDPCXQWpCaGbCgEQWrP3RFOiAABAgQIECBAgAABAgQIECBAgACBOoHOg9SsV6ogtU5UAQECBAgQIECAAAECBAgQIECAAAECPScwFKSmZ/rjT8NH++P7kqoe7U8MgtSeuxmcEAECBAgQIECAAAECBAgQIECAAAECjQWaBqlVL5oXpDbWU0qAAAECBAgQIECAAAECBAgQIECAQF8ILLvllnie8WVSWU/Uih6p5SA1rah92VSi0SM1KZgIECBAgAABAgQIECBAgAABAgQIEOgDgQ6C1CxBFaT2wc3hFAkQIECAAAECBAgQIECAAAECBAgQKAgIUt0JBAgQIECAAAECBAgQIECAAAECBAgQGEGgeZA6ULFl1aP9eqRWyJglQIAAAQIECBAgQIAAAQIECBAgQKAPBASpfXCRnSIBAgQIECBAgAABAgQIECBAgAABAqMTEKSOzs/WBAgQIECAAAECBAgQIECAAAECBAj0gUBVkJrLhRD/TVMueLS/IOGTAAECBAgQIECAAAECBAgQIECAAIG+FxCk9v0tAIAAAQIECBAgQIAAAQIECBAgQIAAgZEEBKkjCVlPgAABAgQIECBAgAABAgQIECBAgEDfCwhS+/4WAECAAAECBAgQIECAAAECBAgQIECAwEgCjYPUXBwjtThYaraDuDRn4U75NJ+P/6TPwldcKpYuXLIkq+qDAAECBAgQIECAAAECBAgQIECAAAECvSYgSO21K+p8CBAgQIAAAQIECBAgQIAAAQIECBAYcwFB6piT2iEBAgQIECBAgAABAgQIECBAgAABAr0mIEjttSvqfAgQIECAAAECBAgQIECAAAECBAgQGHOBDoPU2I5sqNRBY6SO+SWxQwIECBAgQIAAAQIECBAgQIAAAQIEJptAdZA6EErvmKp+2dRA7cum4mkIUifbtdQeAgQIECBAgAABAgQIECBAgAABAgTGSUCQOk6wdkuAAAECBAgQIECAAAECBAgQIECAQO8ICFJ751o6EwIECBAgQIAAAQIECBAgQIAAAQIExklAkDpOsHZLgAABAgQIECBAgAABAgQIECBAgEDvCAhSe+daOhMCBAgQIECAAAECBAgQIECAAAECBMZJQJA6TrB2S4AAAQIECBAgQIAAAQIECBAgQIBA7wiMLkgNgyGfTxj5sHDxkt5RcSYECBAgQIAAAQIECBAgQIAAAQIECBCoEBCkVmCYJUCAAAECBAgQIECAAAECBAgQIECAQCMBQWojFWUECBAgQIAAAQIECBAgQIAAAQIECBCoEBCkVmCYJUCAAAECBAgQIECAAAECBAgQIECAQCMBQWojFWUECBAgQIAAAQIECBAgQIAAAQIECBCoEBCkVmCYJUCAAAECBAgQIECAAAECBAgQIECAQCMBQWojFWUECBAgQIAAAQIECBAgQIAAAQIECBCoEBCkVmCYJUCAAAECBAgQIECAAAECBAgQIECAQCMBQWojFWUECBAgQIAAAQIECBAgQIAAAQIECBCoEFh26y1xKRdyuVQ4kGazKZYUZrLPgZCbs3CnfJrPx3+yqbSUTzP5sHDxkkK5TwIECBAgQIAAAQIECBAgQIAAAQIECPSYgCC1xy6o0yFAgAABAgQIECBAgAABAgQIECBAYOwFBKljb2qPBAgQIECAAAECBAgQIECAAAECBAj0mIAgtccuqNMhQIAAAQIECBAgQIAAAQIECBAgQGDsBQSpY29qjwQIECBAgAABAgQIECBAgAABAgR6WmDatGlh2rSp2TnmB/Nh7bp15fOdMjAQZsycUV5eu3ZdyGfvWSoXdeWMILUrL5tGEyBAgAABAgQIECBAgAABAgQIENhyAm876tXhZYcdnDXg7zf9Mzxzv5eUG/P03Z8ULjjnlPLybnscEG5fdkd5uVtnBKndeuW0mwABAgQIECBAgAABAgQIECBAoOcFZsyYHt5/1knhEQ/bNXzwosvCxz951aQ4Z0HqQAi5wqXIlWayxYGQm7Nwp3yaz8d/sqm0lHXLzYeFi5cUyn0SIECAAAECBAgQIECAAAECBAgQIDAmAs9+1h7hnDNOzPaVHp9/3FP2q3qMfkwO0sFOBKmC1A5uG5sQIECAAAECBAgQIECAAAECBAgQGB+BB+20Q/jCZy/Odn7DjX8P+xx4+PgcqM299neQmrqixp+6HqmFcj1S27yZVCdAgAABAgQIECBAgAABAgQIECAwFgKPeuRDw8Meskv4wvVfnzRjjQpSmwep/w8AAP//iaU/gwAAQABJREFU7d0JYCRXYSbgp3OkkWY047l8gEMg2BhjwpkQCITgmDvYhthgwAs2GHDM4RBwAlnYhCNkCUe4SUIwLOEmGHMaHAPhWsydeLlsIMbgYy7PaCSNNDq3XnVXqdTqHrWOltTSV+PpevXq1XtVX9VuJn/qaOndfvJUSKap5E86ZUtTsTAVtu86tlTvlwABAgQIECBAgAABAgQIECBAgACBNS3wFy+8ODzjaU9Kj/G/b7wpPOLM8/PjPeNhDw5ve+Or8uUHnf74sHff/ny5WQv7dt+W7HpLaGlpSedJMZ2SmlIhnSdLgtSyhxkBAgQIECBAgAABAgQIECBAgACBVS7Q1tYWjt21I4yPj4fde/Yt+d4KUpPwVJC65NeVDgkQIECAAAECBAgQIECAAAECBAgsSOAxjzw9vPjSZ+fbnv6Y88LExES+XFn4w4c8MDznmU8N9zztlNDW2pquHho6HL5x7XfD37/xneHGm35ducmM5XrHE6QKUmdcOBYIECBAgAABAgQIECBAgAABAgQIrKTAOY9/bHj1/3pxvgt3v+/p6V2meUWh8PSnnhNe+uLnFmpmFsfGxsKfv+RV4aqrvzxzRWGp3vEEqYLUwmWjSIAAAQIECBAgQIAAAQIECBAgQGBlBeoNNu9zr3uE91/+lvwu1LjX/3ndj8Lk5NSMu1MHBofC4865MNx8S3zf5+yp3vEEqYLU2VePGgIECBAgQIAAAQIECBAgQIAAAQIrJFBvsPmiFzw7POvCJ+d7ed7Tnxu++/3r0uX73eee4V/e/vehu7srXf7qN74VnnHx9F2u+UZJod7xBKmC1OJ1o0yAAAECBAgQIECAAAECBAgQIEBgRQXqDTYvf+frw4N+737pvn7rOz8IT33GC2bs94svfU646ILz0rrhkZFw7997VHK36uSMNnGh3vEEqYLUWRePCgIECBAgQIAAAQIECBAgQIAAAQIrJVBvsPnpj10eTrrrndPdfO/7PxZe/dq3zNjle//2qeHD/+fted3DH/fUcOMvf5UvZ4V6xxOkClKza8acAAECBAgQIECAAAECBAgQIECAwIoL1BtszhWk7ti+LXz9mo/nx/PMSy4LX/natflyVqh3PEGqIDW7ZswJECBAgAABAgQIECBAgAABAgQIrLhAvcHmXEHqnU68Q/jCp96fH8/jzn1G+MlPf5YvZ4V6xxOkClKza8acAAECBAgQIECAAAECBAgQIECAwIoL1BtszhWkPvz0h4S3vuGV6fFMTU2Fez3gkSG+K7Vyqnc8QaogtfLasUyAAAECBAgQIECAAAECBAgQIEBgxQTqCTZbW1vDFz/7oXD8cbvS/Xz/hz8R/uZv35jvc0tLS/jA5W8J9733aWnd9T/77/DYJzw9X18s1DNebP+3f/MX4U/OenS66S/++6bwyLPOz7s542EPDm9746vy5Qed/viwd9/+fLlZC/t235bsekuInnEe/4tTUlMqpPNkqXf7yVOxZir5k07ZUpJgx9rtu44t1fslQIAAAQIECBAgQIAAAQIECBAgQGBJBCqDzV/edHMYHx8P7e3tef+9vRvDtmO25ssTExPhLe98T/jMVdeEDRs2hD+96Pzw6Ec8LF//3Be+LHzhmq/ky8VCtfF+9vP/Dr91l9/Mm7W3t4UTjp/OAq/45FXhL172mny9IFWQml8MCgQIECBAgAABAgQIECBAgAABAgSWQ6Ay2IxjHjzYH7Zs6VvQ8N/9/nXhvKc/t+a21cb73g/+X7jPve5Rc5unPuMF4Vvf+UG+XpAqSM0vBgUCBAgQIECAAAECBAgQIECAAAECyyFw0QXnhRdf+pwZQ1ULUsfGxsKPfnJDePs/vS/Ebe53n3vO2CYuXPPlr4cXv/TVYXBoaNa6rKLaeLWC1Hh37L+890PhQx/7ZLZ5Oi8Gqd/53n+FC57z5+HIkdEZbZpxwaP9zXjW7DMBAgQIECBAgAABAgQIECBAgMC6EHj1X18Wzjn7Memx3vSrW8IfPfa8OY87Pvb/lCeeldxFelo47tid4cc/vSHEQPPTn7smxA9NHW1ayHiV/d3rnncPFyevE/jZz38Z3vjWd6WvIqhs04zLgtRmPGv2mQABAgQIECBAgAABAgQIECBAYM0LbNzYHa76xPvCsbt2pMf64Y99Krzsla9r2HEv93gNO5AGdSxIbRCsbgkQIECAAAECBAgQIECAAAECBAgsVCDeVfo3f/VnIb6zNJsuffFfh89+4UvZ4pLOl3u8Jd35ZepMkLpM0IYhQIAAAQIECBAgQIAAAQIECBAgUE2go6Mj3Df5mFP/oYGwY/sx4TdOvEPyaP7Z4c6/eWLe/Jvf/n648DkvWpLH5OsZ7/9e+93wjD+9bEnGyw+iyQuC1CY/gXafAAECBAgQIECAAAECBAgQIECguQW2bukL1/7HzA82FY/oZ7+4MTzpf1wSDg0MFqsXXK5nvCee/6dhYLD2R6kWPHgTbyhIbeKTZ9cJECBAgAABAgQIECBAgAABAgTWhsCrXv7icO4Tph/jj0c1cuRI+Mi/fTq8813vC/v2H1jSA601XnwP6zvf9a9h/+1LO96S7vwKdSZIXSF4wxIgQIAAAQIECBAgQIAAAQIECBDIBOLj9pf92XNCd1dX+PUtt4Zf/frWcO23v7fkAWrleBu743i3hZt+dUv41ne+H/buuz1rYl4hIEitALFIgAABAgQIECBAgAABAgQIECBAgACBSgFBaqWIZQIECBAgQIAAAQIECBAgQIAAAQIECFQICFIrQCwSIECAAAECBAgQIECAAAECBAgQIECgUkCQWilimQABAgQIECBAgAABAgQIECBAgAABAhUCgtQKEIsECBAgQIAAAQIECBAgQIAAAQIECBCoFBCkVopYJkCAAAECBAgQIECAAAECBAgQIECAQIWAILUCxCIBAgQIECBAgAABAgQIECBAgAABAgQqBQSplSKWCRAgQIAAAQIECBAgQIAAAQIECBAgUCEgSK0AsUiAAAECBAgQIECAAAECBAgQIECAAIFKAUFqpYhlAgQIECBAgAABAgQIECBAgAABAgQIVAgIUitALBIgQIAAAQIECBAgQIAAAQIECBAgQKBSQJBaKWKZAAECBAgQIECAAAECBAgQIECAAAECFQKC1AqQxSy2tbWFjs7O0NHREdri32S5tbU1tLS0LKZb2xIgQIAAAQIECBAgQIAAAQIECBBYFoGpqakwOTkZJiYmwsTYWBiLf0dH0+Vl2YFVPIggdZEnJwalXd3dYUPyNwaoJgIECBAgQIAAAQIECBAgQIAAAQJrTSAGqkeGh8NI8jcGretxEqQu8KzHu0039vSE7uSviQABAgQIECBAgAABAgQIECBAgMB6ERgeGgqHk7/xrtX1NAlSF3C2e3p7Q8+mTQvY0iYECBAgQIAAAQIECBAgQIAAAQIE1obA0MBAGBocXBsHU8dRCFLrQMqatCeP7m/q6/MIfwZiToAAAQIECBAgQIAAAQIECBAgsK4F4iP/A/39YTyZr/VJkFrnGY7vQd28ZUudrTUjQIAAAQIECBAgQIAAAQIECBAgsH4EDh08mL4/dS0fsSC1jrMb34Xau3lzHS01IUCAAAECBAgQIECAAAECBAgQILA+BQYPHUrfnbpWj16QOseZFaLOAWQ1AQIECBAgQIAAAQIECBAgQIAAgbLAWg5TBalHucw9zn8UHKsIECBAgAABAgQIECBAgAABAgQIVBFYq4/5C1KrnOxYFT8sdcy27SG01GigmgABAgQIECBAgAABAgQIECBAgACB2QJTIdy+f9+a+wCVIHX2qU5rtiYhakdnR421qgkQIECAAAECBAgQIECAAAECBAgQqCUwNjoWDiRh6lqaBKlVzmZPb2/o2bSpyhpVBAgQIECAAAECBAgQIECAAAECBAjUIzA0MBCGBgfradoUbQSpFaepra0tbNux0yP9FS4WCRAgQIAAAQIECBAgQIAAAQIECMxLIHnEf//ePWFiYmJem63WxoLUijPTu7kvbOzZWFFrkQABAgQIECBAgAABAgQIECBAgACB+QocHjocBg/1z3ezVdlekFo4La2trWH7zl3uRi2YKBIgQIAAAQIECBAgQIAAAQIECBBYsEByV+q+PbvD5OTkgrtYLRsKUgtnYmNPT+jdvLlQo0iAAAECBAgQIECAAAECBAgQIECAwGIEBg8dCoeHhhbTxarYVpBaOA1bt20PHZ0dhRpFAgQIECBAgAABAgQIECBAgAABAgQWIzA2OhYO7N+3mC5WxbaC1PJpSD8ytTP5yJSJAAECBAgQIECAAAECBAgQIECAAIElFdi/p/k/OiVILV8SXd3dYfOWLUt6geiMAAECBAgQIECAAAECBAgQIECAAIEQDh08GEaGh5uaQpBaPn29m/vCxp6NTX0y7TwBAgQIECBAgAABAgQIECBAgACB1ShweOhwGDzUvxp3re59EqSWqbYcsy10buisG05DAgQIECBAgAABAgQIECBAgAABAgTqExg9MhoO3r6/vsartJUgtXxitu3YGdra21bpabJbBAgQIECAAAECBAgQIECAAAECBJpXYGJ8Iuzfu6d5DyDZc0Fq+fTt2HVsaGltaeqTaecJECBAgAABAgQIECBAgAABAgQIrEaBqcmpsHf3batx1+reJ0FqmWrnsceFIEet+8LRkAABAgQIECBAgAABAgQIECBAgEDdAlMh7Lnt1rqbr8aGgtTyWdl5XBKkmggQIECAAAECBAgQIECAAAECBAgQaIjAnlsFqQnsVNiePBrfzJMgtZnPnn0nQIAAAQIECBAgQIAAAQIECBBY7QKC1KnkvlxB6mq/Tu0fAQIECBAgQIAAAQIECBAgQIAAgRUVEKQKUlf0AjQ4AQIECBAgQIAAAQIECBAgQIAAgWYQEKQKUpvhOrWPBAgQIECAAAECBAgQIECAAAECBFZUQJAqSF3RC9DgBAgQIECAAAECBAgQIECAAAECBJpBQJAqSG2G69Q+EiBAgAABAgQIECBAgAABAgQIEFhRAUGqIHVFL0CDEyBAgAABAgQIECBAgAABAgQIEGgGAUGqILUZrlP7SIAAAQIECBAgQIAAAQIECBAgQGBFBQSpgtQVvQANToAAAQIECBAgQIAAAQIECBAgQKAZBASpgtRmuE7tIwECBAgQIECAAAECBAgQIECAAIEVFRCkClJX9AI0OAECBAgQIECAAAECBAgQIECAAIFmEBCkClKb4Tq1jwQIECBAgAABAgQIECBAgAABAgRWVECQKkhd0QvQ4AQIECBAgAABAgQIECBAgAABAgSaQUCQKkhthuvUPhIgQIAAAQIECBAgQIAAAQIECBBYUQFBqiB1RS9AgxMgQIAAAQIECBAgQIAAAQIECBBoBgFBqiC1Ga5T+0iAAAECBAgQIECAAAECBAgQIEBgRQUEqYLUFb0ADU6AAAECBAgQIECAAAECBAgQIECgGQQEqYLUZrhO7SMBAgQIECBAgAABAgQIECBAgACBFRUQpApSV/QCNDgBAgQIECBAgAABAgQIECBAgACBZhAQpApSm+E6tY8ECBAgQIAAAQIECBAgQIAAAQIEVlRAkCpIXdEL0OAECBAgQIAAAQIECBAgQIAAAQIEmkFAkCpIbYbr1D4SIECAAAECBAgQIECAAAECBAgQWFEBQaogdUUvQIMTIECAAAECBAgQIECAAAECBAgQaAYBQaogtRmuU/tIgAABAgQIECBAgAABAgQIECBAYEUFBKmC1BW9AA1OgAABAgQIECBAgAABAgQIECBAoBkEBKmC1Ga4Tu0jAQIECBAgQIAAAQIECBAgQIAAgRUVEKQKUlf0AjQ4AQIECBAgQIAAAQIECBAgQIAAgWYQEKQKUpvhOrWPBAgQIECAAAECBAgQIECAAAECBFZUQJAqSF3RC9DgBAgQIECAAAECBAgQIECAAAECBJpBQJAqSG2G69Q+EiBAgAABAgQIECBAgAABAgQIEFhRAUGqIHVFL0CDEyBAgAABAgQIECBAgAABAgQIEGgGAUGqILUZrlP7SIAAAQIECBAgQIAAAQIECBAgQGBFBQSpgtQVvQANToAAAQIECBAgQIAAAQIECBAgQKAZBASpgtRmuE7tIwECBAgQIECAAAECBAgQIECAAIEVFRCkClJX9AI0OAECBAgQIECAAAECBAgQIECAAIFmEBCkClKb4Tq1jwQIECBAgAABAgQIECBAgAABAgRWVECQKkhd0QvQ4AQIECBAgAABAgQIECBAgAABAgSaQUCQKkhthuvUPhIgQIAAAQIECBAgQIAAAQIECBBYUQFBqiB1RS9AgxMgQIAAAQIECBAgQIAAAQIECBBoBgFBqiC1Ga5T+0iAAAECBAgQIECAAAECBAgQIEBgRQUEqYLUFb0ADU6AAAECBAgQIECAAAECBAgQIECgGQQEqYLUZrhO7SMBAgQIECBAgAABAgQIECBAgACBFRUQpApSV/QCNDgBAgQIECBAgAABAgQIECBAgACBZhAQpApSm+E6tY8ECBAgQIAAAQIECBAgQIAAAQIEVlRAkCpIXdEL0OAECBAgQIAAAQIECBAgQIAAAQIEmkFAkCpIbYbr1D4SIECAAAECBAgQIECAAAECBAgQWFEBQaogdUUvQIMTIECAAAECBAgQIECAAAECBAgQaAYBQaogtRmuU/tIgAABAgQIECBAgAABAgQIECBAYEUFBKmC1BW9AA1OgAABAgQIECBAgAABAgQIECBAoBkEBKmC1Ga4Tu0jAQIECBAgQIAAAQIECBAgQIAAgRUVEKQKUlf0AjQ4AQIECBAgQIAAAQIECBAgQIAAgWYQEKQKUpvhOrWPBAgQIECAAAECBAgQIECAAAECBFZUQJAqSF3RC9DgBAgQIECAAAECBAgQIECAAAECBJpBQJAqSG2G69Q+EiBAgAABAgQIECBAgAABAgQIEFhRAUGqIHVFL0CDEyBAgAABAgQIECBAgAABAgQIEGgGAUHqWglSjz0uhJZmuOTsIwECBAgQIECAAAECBAgQIECAAIEmE5gKYc9ttzbZTs/c3X27b0sqWkJLSwwRk7/lLDGpKTcs1bf0bj85OdwQppI/6ZQtrZEgdceuY0NLa3bQpUP0S4AAAQIECBAgQIAAAQIECBAgQIDA4gWmJqfC3jSIXHxfK9WDILUsv23HztDW3rZS58G4BAgQIECAAAECBAgQIECAAAECBNaswMT4RNi/d09TH58gtXz6thyzLXRu6Gzqk2nnCRAgQIAAAQIECBAgQIAAAQIECKxGgdEjo+Hg7ftX467VvU+C1DJV7+a+sLFnY91wGhIgQIAAAQIECBAgQIAAAQIECBAgUJ/A4aHDYfBQf32NV2krQWr5xHR1d4fNW7as0tNktwgQIECAAAECBAgQIECAAAECBAg0r8ChgwfDyPBw8x5AsueC1PLpa2trC9t27mzqk2nnCRAgQIAAAQIECBAgQIAAAQIECKxGgf179oSJiYnVuGt175MgtUC1ddv20NHZUahRJECAAAECBAgQIECAAAECBAgQIEBgMQJjo2PhwP59i+liVWwrSC2cho09PaF38+ZCjSIBAgQIECBAgAABAgQIECBAgAABAosRGDx0KBweGlpMF6tiW0Fq4TS0traG7Tt3hdBSqFQkQIAAAQIECBAgQIAAAQIECBAgQGBhAlPJu0X37A6Tk5ML234VbSVIrTgZvZv7wsaejRW1FgkQIECAAAECBAgQIECAAAECBAgQmK/A4aHDYfBQ/3w3W5XtBakVpyX96NSO5KNT7kqtkLFIgAABAgQIECBAgAABAgQIECBAYB4Cyd2o+/c2/0emsiMWpGYShXlPb2/o2bSpUKNIgAABAgQIECBAgAABAgQIECBAgMB8BIYGBsLQ4OB8NlnVbQWpNU7P1m3bQ0dnR421qgkQIECAAAECBAgQIECAAAECBAgQqCUwNjoWDuzfV2t1U9YLUmuctvaOjnBMEqZ6xL8GkGoCBAgQIECAAAECBAgQIECAAAEC1QSSR/pvT0LU8bGxamubtk6QepRT19XdHTZv2XKUFlYRIECAAAECBAgQIECAAAECBAgQIFAUOHTwYBgZHi5WrYmyIHWO07ixpyf0bt48RyurCRAgQIAAAQIECBAgQIAAAQIECBAYPHQoHB4aWpMQgtQ6TqswtQ4kTQgQIECAAAECBAgQIECAAAECBNa1wFoOUeOJFaTWeXmnj/n3JY/5t9S5gWYECBAgQIAAAQIECBAgQIAAAQIE1oNA8k7UQ/1r83H+4ukTpBY15ijHD1Bt2twXOjo75mhpNQECBAgQIECAAAECBAgQIECAAIG1LzA2OhYGDvWvuQ9LVTtzgtRqKnPU9fT2hp7eTe5OncPJagIECBAgQIAAAQIECBAgQIAAgTUqkNyFOjQ4kPwdXKMHOPuwBKmzTeqqaWtrC909vWHjxo0C1brENCJAgAABAgQIECBAgAABAgQIEGh6gSRAPXz4cBgeGgwTExNNfzjzOQBB6ny0qrRtbW0N8f2pG7q6PfJfxUcVAQIECBAgQIAAAQIECBAgQIBA8wvER/iPjAyHkeHhMDk52fwHtIAjEKQuAK3WJvEu1Y7OztDekfxtbw9xOQatLS3JF6p8pKoWm3oCBAgQIECAAAECBAgQIECAAIHVIJDcbTo1NZUGpfFu0/Hx8eTdp6NhbHR03d19Wu10CFKrqagjQIAAAQIECBAgQIAAAQIECBAgQIBAQUCQWsBQJECAAAECBAgQIECAAAECBAgQIECAQDUBQWo1FXUECBAgQIAAAQIECBAgQIAAAQIECBAoCAhSCxiKBAgQIECAAAECBAgQIECAAAECBAgQqCYgSK2moo4AAQIECBAgQIAAAQIECBAgQIAAAQIFAUFqAUORAAECBAgQIECAAAECBAgQIECAAAEC1QQEqdVU1BEgQIAAAQIECBAgQIAAAQIECBAgQKAgIEgtYCgSIECAAAECBAgQIECAAAECBAgQIECgmoAgtZqKOgIECBAgQIAAAQIECBAgQIAAAQIECBQEBKkFDEUCBAgQIECAAAECBAgQIECAAAECBAhUExCkVlNRR4AAAQIECBAgQIAAAQIECBAgQIAAgYKAILWAoUiAAAECBAgQIECAAAECBAgQIECAAIFqAoLUairqCBAgQIAAAQIECBAgQIAAAQIECBAgUBAQpBYwFAkQIECAAAECBAgQIECAAAECBAgQIFBNQJBaTUUdAQIECBAgQIAAAQIECBAgQIAAAQIECgKC1AKGIgECBAgQIECAAAECBAgQIECAAAECBKoJCFKrqagjQIAAAQIECBAgQIAAAQIECBAgQIBAQUCQWsBQJECAAAECBAgQIECAAAECBAgQIECAQDUBQWo1FXUECBAgQIAAAQIECBAgQIAAAQIECBAoCAhSCxiKBAgQIECAAAECBAgQIECAAAECBAgQqCYgSK2moo4AAQIECBAgQIAAAQIECBAgQIAAAQIFAUFqAUORAAECBAgQIECAAAECBAgQIECAAAEC1QQEqdVU1BEgQIAAAQIECBAgQIAAAQIECBAgQKAgIEgtYCgSIECAAAECBAgQIECAAAECBAgQIECgmoAgtZqKOgIECBAgQIAAAQIECBAgQIAAAQIECBQEBKkFDEUCBAgQIECAAAECBAgQIECAAAECBAhUExCkVlNRR4AAAQIECBAgQIAAAQIECBAgQIAAgYKAILWAoUiAAAECBAgQIECAAAECBAgQIECAAIFqAoLUairqCBAgQIAAAQIECBAgQIAAAQIECBAgUBAQpBYwFAkQIECAAAECBAgQIECAAAECBAgQIFBNQJBaTUUdAQIECBAgQIAAAQIECBAgQIAAAQIECgKC1AKGIgECBAgQIECAAAECBAgQIECAAAECBKoJCFKrqagjQIAAAQIECBAgQIAAAQIECBAgQIBAQUCQWsBQJECAAAECBAgQIECAAAECBAgQIECAQDUBQWo1FXUECBAgQIAAAQIECBAgQIAAAQIECBAoCAhSCxiKBAgQIECAAAECBAgQIECAAAECBAgQqCYgSK2moo4AAQIECBAgQIAAAQIECBAgQIAAAQIFAUFqAUORAAECBAgQIECAAAECBAgQIECAAAEC1QQEqdVU1BEgQIAAAQIECBAgQIAAAQIECBAgQKAgIEgtYCgSIECAAAECBAgQIECAAAECBAgQIECgmoAgtZqKOgIECBAgQIAAAQIECBAgQIAAAQIECBQEBKkFDEUCBAgQIECAAAECBAgQIECAAAECBAhUExCkVlNRR4AAAQIECBAgQIAAAQIECBAgQIAAgYKAILWAoUiAAAECBAgQIECAAAECBAgQIECAAIFqAoLUairqCBAgQIAAAQIECBAgQIAAAQIECBAgUBAQpBYwFAkQIECAAAECBAgQIECAAAECBAgQIFBNQJBaTUUdAQIECBAgQIAAAQIECBAgQIAAAQIECgKC1AKGIgECBAgQIECAAAECBAgQIECAAAECBKoJCFKrqSywbtfOHeE+v31qOOVudw13vtOJ4bhjd4atW/pCV9eG0NLSssBebUaAAAECBAgQWB0CU1NTYWTkSDhwsD/cetue8Isbbwo//skN4Xv/+cOwe8/e1bGTDd6L8b6WcOTE1jB6fGsY29ES4vJET0uY6kgG9s+9BuvrngABAgQIEGi4wFTyT5qxENqGpkJ7/1To2DsVOm+ZDBtumkyXGz7+Kh9AkLrIE9TXtzk8+uF/GE5/6IPCqaectMjebE6AAAECBAgQaE6BH/74+nDNl78ePvuFL4X+/kPNeRA19nqyuyUM3bMtHL57azhyQmuNVqoJECBAgAABAmtbYMPNk2HjjyZDz39NhNbhJHFdh5MgdYEnPd59+pQnnhX+5KxHu9t0gYY2I0CAAAECBNaeQLxr9WOf+Gx4/4c/0fR3qca7TQce0B4G7tfmbtO1d6k6IgIECBAgQGChAkmGuuk7E2HTN8fX3V2qgtQFXDQXnn9ueObTzxOgLsDOJgQIECBAgMD6EIiB6rve88Hw7vd9pCkPuP/B7aH/Ie0C1KY8e3aaAAECBAgQWBaBJFDt+8p46Pvq+LIMtxoGEaTO4yzc7aS7hBe94Nke4Z+HmaYECBAgQIDA+haIj/y/7k3/GH5y/c+bAmL0uNZw4JHtHuFvirNlJwkQIECAAIHVIBAf+d961XjovHVyNexOQ/dBkFon76POeGh42V++wF2odXppRoAAAQIECBDIBOLdqa/8uzeFz1395axqVc6HTmsL+x+XfDXKR6NW5fmxUwQIECBAgMAqFkjuTt32ybHQc93EKt7Jxe+aILUOw/POOTM8/+IL6mipCQECBAgQIECAQC2BN7/j8vDBj15Za/WK1g/8bns4cEbyKL+JAAECBAgQIEBgwQJbrx4Pm65du4/6C1LnuDSEqHMAWU2AAAECBAgQmIfAagxThajzOIGaEiBAgAABAgTmEFjLYaog9SgnPz7O//KXXHqUFlYRIECAAAECBAjMV+AVr/mHVfOYf/o4/5nJ4/wmAgQIECBAgACBJRPYduXafMxfkFrjEokflnr3O17nnag1fFQTIECAAAECBBYqEN+ZeuHFL1rxD1DFD0vddmGnd6Iu9ETajgABAgQIECBQSyB5Z+qx7x5dcx+gEqTWOOHvettrw6mnnFRjrWoCBAgQIECAAIHFCPzwx9eHZ15y2WK6WPS2uy/oDEdOaF10PzogQIAAAQIECBCYLbDh5smw6/LR2SuauEaQWuXkXXj+ueGiC55cZY0qAgQIECBAgACBpRL458s/EN79vo8sVXfz6qf/we2h/w98XGpeaBoTIECAAAECBOYp0Pcf46Hvq2vn41OC1IoLYNfOHeGKD/6TR/orXCwSIECAAAECBJZaID7if/Z5zwq79+xd6q6P2t94X0u45bkbPNJ/VCUrCRAgQIAAAQJLIJA84n/8W4+E9v6ksAYmQWrFSXzh8y4K55z9mIpaiwQIECBAgAABAo0Q+OgVnwlveMs/N6Lrmn0eeERHGLh/W831VhAgQIAAAQIECCydwKZvT4Stnx9bug5XsCdBagG/r29z+NzH3+tu1IKJIgECBAgQIECgkQLxrtRHPf5pob//UCOHyfue7G4Jv36hu1FzEAUCBAgQIECAQKMFkptR7/CGI6F1uPnvShWkFi6W8845Mzz/4gsKNYoECBAgQIAAAQKNFnjzOy4PH/zolY0eJu1/4Hfbw4EzvBt1WbANQoAAAQIECBAoC2y9ejxsurb535UqSC1c0u9622vDqaecVKhRJECAAAECBAgQaLTAD398fXjmJZc1epi0/90XdIYjJ7Quy1gGIUCAAAECBAgQKAlsuHky7Lp8tOk5BKnlUxg/MvWJDy3v+7ma/upxAAQIECBAgACBJRI460kXNfyjU+lHpp6XPNZvIkCAAAECBAgQWHaB49/S/B+dEqSWL5tHnfHQ8PKXXLrsF5EBCRAgQIAAAQIEQnjFa/4hfO7qLzeUYui0trD/zI6GjqFzAgQIECBAgACB6gLbrhwLPddNVF/ZJLWC1PKJeuHzLgrnnP2YJjltdpMAAQIECBAgsLYEPnrFZ8Ib3tLYp4MOPKIjDNy/bW3BORoCBAgQIECAQJMIbPr2RNj6+bEm2dvquylILbu89fWvDPe992nVldQSIECAAAECBAg0VOC7378uPPfPX9bQMfY8tTOM3Mn7URuKrHMCBAgQIECAQA2Brhsnw85/be73pApSyyf3397/j+H443bVONWqCRAgQIAAAQIEGilwy627wxOe8uxGDhFuuWRDGN/a0tAxdE6AAAECBAgQIFBdoP3AVDj+bUeqr2ySWkFq+UR98TMfCt3dXU1y2uwmAQIECBAgQGBtCQwPj4SHPeZJDT2oX13WFaY6GzqEzgkQIECAAAECBGoItCQ3o97xtSM11jZHtSC1fJ6+cc0VoaXFHQrNcdnaSwIECBAgQGCtCUxNTYUHnn52Qw/rpr9K/o/m/rnXUGOdEyBAgAABAgRqCkyFcOKrBamJz1TYvuvYmk7NsOL/fvETzbCb9pEAAQIECBAgsGYFfu9hZzX02G76n54+aiiwzgkQIECAAAECcwic+CpBakIkSJ3jOrGaAAECBAgQIEBgDgFB6hxAVhMgQIAAAQIEmlxAkJo8hiVIbfKr2O4TIECAAAECBFaBgCB1FZwEu0CAAAECBAgQaKCAIFWQ2sDLS9cECBAgQIAAgfUjIEhdP+fakRIgQIAAAQLrU0CQKkhdn1e+oyZAgAABAgQILLGAIHWJQXVHgAABAgQIEFhlAoJUQeoquyTtDgECBAgQIECgOQUEqc153uw1AQIECBAgQKBeAUGqILXea0U7AgQIECBAgACBowgIUo+CYxUBAgQIECBAYA0ICFIFqWvgMnYIBAgQIECAAIGVFxCkrvw5sAcECBAgQIAAgUYKCFIFqY28vvRNgAABAgQIEFg3AoLUdXOqHSgBAgQIECCwTgUEqYLUdXrpO2wCBAgQIECAwNIKCFKX1lNvBAgQIECAAIHVJiBIFaSutmvS/hAgQIAAAQIEmlJAkNqUp81OEyBAgAABAgTqFhCkClLrvlg0JECAAAECBAgQqC0gSK1tYw0BAgQIECBAYC0ICFIFqWvhOnYMBAisIoHu7q7Q1dWV79HQ0OEwOjqaLze60NLSErZs6cuHmZgYD4cODebLsbB5c29oa2vP6/r7D4XJycl8WYEAAQILERCkLkTNNgQIrJTAy+9xfrjkpDPz4S/5zpvDx276Sr6sQIAAAQKzBQSpgtTZV4UaAgQILEJg48buEMPUbBocHApHjswvSO3s7AidnZ1hbGxs3tu2traErVu3ZMOH8fHx0N8/kC/HQl/fptDePh2kHjjQL0idIWSBAIGFCAhSF6JmGwIEVkrgtfd+VnjxKefmw5//jb8L/3rjv+fLxcKpfXcKLzj58eGmw7vD26//ZLh9dOa/rYpt51ve3LExPOeufxzutvmO4a3XXxm+d/sN8+1CewIECCybgCBVkLpsF5uBCBBYHwKLDVLb29uSoHNzjjUwMJjc0TqWL89VEKTOJWQ9AQKNEhCkNkpWvwQINEKg3iC1JbSEGx733nCX3uPT3Xj7DZ8Ml3z7zUu2S3/7288ILzn1vLS/20ZuDyd+4slhbHJ8yfrXEQECBJZSQJAqSF3K60lfBAgQCIsNUru6NoSeno255PDwSDh8eDhfnqsgSJ1LyHoCBBolIEhtlKx+CRBohEC9QeqxXceEWx7/4SRObUl3I94xet+rLl6yXfri6a8Lf7jrXnl/J33qaeGGgZvzZQUCBAisJgFBqiB1NV2P9oUAgTUgsNggtfSO082htbU1TCX/f3R8f+nERP3vLxWkroGLyCEQaFIBQWqTnji7TWCdCtQbpEaeDzzopeG833hYmJiaDBdd+4Zw+S+uWjK1PznxIeEDD3xp6GhtD5+75Vvh0V9+6ZL1rSMCBAgstYAgVZC61NeU/ggQWOcCiw1SM76Ojvbk/aYTaZia1dUzF6TWo6QNAQKNEBCkNkJVnwQINEpgPkFq3Iff2Xa3cMvw/vDrw3uXfJd2dW1NXx3wjX0/XPK+dUiAAIGlFBCkClKX8nrSFwECBBb9aP9iCQWpixW0PQECCxUQpC5UznYECKyEwHyD1JXYR2MSIEBgtQkIUgWpq+2atD8ECDS5wFLdkRof8Y+P9s93EqTOV0x7AgSWSkCQulSS+iFAYDkEFhqkdrdtSHdveOLIku1ma/Lvvtjv0PjIgvuMfWzt3BRuPzIQppI/JgIECDRCQJAqSG3EdaVPAgTWkEBnZ2dob28LbW2toaWlNUxOTibvLJ0I8SNQ1aaFBqkxON2woTP929bWloxVClLjeGNjY8l4R9Kxq41ZrBOkFjWUCRBYTgFB6nJqG4sAgcUK1Bukntp3p3DhXR4ZHrrzt8OJPTvD9g19YTL536N/PnhL+K+Dvwhf2/v/wtuuvzKMTY7Pa5dO3nzH8D9+84zwgO2nhPsfc3Lo7egONw3tSfv83z/6UPj63qM/5v/A7aeG04+9d/j9HfcI99x657Bjw5bQlvxbNYaxP+r/Zbju4H+Hj970H+GqW789r/3SmAABAkcTEKQKUo92fVhHgMA6FojvKN3YszG0J6Fmten22w9WvWN0IUHqhg0bQk9PdxqeVhsrq4vh7eHDw9li1bkgtSqLSgIElkFAkLoMyIYgQGDJBOYKUu97zEnhrfd7Xhp0zjVoDC0v/Obfh+/cfv1cTdP1D955WvjkQ14ZtnT2Vm0f7yh998+vCpd8+83hyORY1TY/fuzl4W5JGDvX9N5ffCFc+r23h4Ojg3M1tZ4AAQJzCghSBalzXiQaECCw/gTiHah9fZuPeuBLFaT2JGFtV1fpEbGjDlheOTo6GgYHh5IQt3prQWp1F7UECDReQJDaeGMjECCwdAK1gtT4iPxlpzwxvOKeTw8dre11DzgxNRmeee3rw3t+8fmjbnPWHR4UPvigvwpdbZ1HbRdXvumnHw+XfvftVdvVG6TGjeNHsn7n85eEmw/vq9qXSgIECNQrIEgVpNZ7rWhHgMA6EYiP1Pf1bUoe5Z++EzW+q3R0dCx9pD8yxMf8h4YOVw0z53NHamXb2HccJz7KH18f0NraFjo62pLH/WcGrUeOlMLU2L5yEqRWilgmQGC5BASpyyVtHAIElkKgWpD6gV9eEz7y+y8PT7jjg2cMER+V//ivvhZ+cuimsHvkQLhz73Eh3lX65N84PcTgNZviY/X3/OxF4ReDt2ZVM+abOjaGX575/vRdptmKa277fnjz9VeEA6MD4Y9P+L3wolPOCS3JnzjFO1Mf/aWXVn08/7MP/dtwOHlP6w8O/Cz8MnklwN6Rg2FH15bwW5uOD+ee+NBZd6t+8tffCGd+5eXZsOYECBBYkIAgVZC6oAvHRgQIrF2BeHdovEs0m+I7Sg8dGkiCzcms6qjzynA03j0ag8/KKYaxW7b0zaiO4ezIyOwPF8T3tG7a1DOjbX//QBgfn/0uLkHqDCYLBAgso4AgdRmxDUWAwKIFqgWpD9pxanjOXf847/uGgZvDS37wrjRErfYBp3ttvUv41B+8Ktxh4458m6/uuS485N//LF8uFl50yrnh7+/9rLwqtn3YNS8K41MTed2fJ0Hq6+797Hz568k7WH//6kvz5XoK7S1t4fknnx1ef5/nzGh+7tdemb43dUalBQIECMxDQJAqSJ3H5aIpAQLrQaC3tyf94FN2rLWC0Gx95bzeIDUGozEgzaa53n9aGfDGEDWGqZWTILVSxDIBAsslIEhdLmnjECCwFAKVQer3kzs77731t/Ku//PAz8MZX7ws7D3Sn9dVK9znmLuGr53xD6G7bfoJohOueGL6OH1l+xi6PvaEB+TVD//iX4Srb/tuvhwL8ZH/X5/1obBtQ+k1U4Pjw2HzRx6X3p06o2EdC2+//wvCxYVgOH58KoapJgIECCxUQJAqSF3otWM7AgTWqEB8N2p8R2o2HTjQH+JdqfVO9QaplYFt7L/WHakbNnSmd8nG1w5kU3z8/9Ch2R8NEKRmQuYECCy3gCB1ucWNR4DAYgQqg9RiX9/a/5PwyC+9JH3cvlhfq/yxB/+vGa8DeMyX/yp89pZrZzX/0WPfHU7ZfGJef8zHzq46xn/80RvCQ3beM2930qeeFuLdsfOdTti4PQ1ls+1+euhX4W6fviBbNCdAgMC8BQSpgtR5XzQ2IEBgbQts3dqXvJu0NT/I/fsP5OV6CvUGqbGveJdpbF8MSCvD1BiixtC1OB0+PBziHazVJkFqNRV1BAgsh4AgdTmUjUGAwFIJ1ApS452pD/33F4ZDY4frHuov7/6k8Jp7PTNv/9L//Jfwmh9+MF/OCjf88XuTd5iekC7Gx/k7P/jIqneafvzBfx3OvuPvZ5uF+151cfje7Tfky/Mp7HvCx/O7W+MHsXo/8tgwMjH7tVPz6VNbAgTWr4AgVZC6fq9+R06AQFWB+KGp9vbpL7Q26o7UbPCOjvbk/ae9eZgaP2x18OCh9C7Y+MGruD9Z0BrXxVcNxA9S1ZoEqbVk1BMg0GgBQWqjhfVPgMBSClQLUuN7UB/w+eeFeEfqfKan3fnh4T0PuCzf5O9+9KH03ap5RbnwuT98TXjkcffPq2u9AuDbj3x7uN8xJ+Xt+j76uHkFu/mGSeG/Hv3P4bQtv5lX7fi3J4R9c7yuIG+sQIAAgQoBQaogteKSsEiAwHoXqHzkfnDwcPKxqNkfgKrlNJ87UrM+Ojs70jA1Wx4dHQ0DA0Nh8+ZNIQat2VTPvghSMy1zAgSWW0CQutzixiNAYDEC1YLU9/7iC+Hp33ztvLutN0iNH5GKH5PKpmd/643hn372mWwxnd8x+XDVzx73vtDZWvo34C+Hdoc7XfmUGW3msyBInY+WtgQIzCUgSBWkznWNWE+AwDoTiMFlDDCzaXJyKgk1B8L4+PTXVLN11eYLCVJjP5UBbnx0v7u7Kx+i1jtR8wblgiC1UsQyAQLLJSBIXS5p4xAgsBQClUHqQPIo/8mffnq4dfj2eXdfb5D6m73Hhp8+9j2hoxyS/vrw3vDgq/8s3Dh0WzpmrP/I778snHWHB+X7cOl33x7e9NOP58vzLVz36HeFe2y5U76ZO1JzCgUCBBYgIEgVpC7gsrEJAQJrXaDy8f54vDHInJiIYWpL+g7V1rbW0Jp8/Ck+dh/fWToyUrprtTJIjduNjIyGqeSdVEeb4mP8PT0bazaJwWrsqzjFsePj/sWpo6NjRgA7Pj4e+vsHik3S1wUs5vUFMzqzQIAAgbKAINWlQIDAahZ42K57J/9um97DZ/3WY8O5J/5BXvGR5Iv2//SzT+fL9RaSfw2G5510VnjcHR6Yb/L+G68Jn7r5m8kj9AfzuqzwsnucH/6g8CGp3SMHwjtv+FSI86ff+RHhd7bdLWuavsv0nK+9IoxNjYeJ5OOn8dUD85m2dm4K/+f3/iJ0t23IN1vMawLyThQIEFi3AoJUQeq6vfgdOAECtQViQBnD1Bhu1jMNDAzm7y3t7OxMHtOf+XGoevpYSJvJ5B/UxQ9jVesjBrzxA1bFqTIonu97YIt9KRMgQCATEKRmEuYECKxGgYnzrk7/j+DLtW8HRwfDls7e5RqurnFuGtoTfuPKJ9fVViMCBAhUExCkClKrXRfqCBBY5wLx8f54Z2nxrs1aJCMjI0lQOTxjdWVQOWPlEi7MFaQWP1xVHLZy/wSpRR1lAgQWKiBIXaic7QgQWA6Bf/ydPwvP+q3HNHyo+E7TE3t2hv7RoVUXpD7j2teFd//8qoYbGIAAgbUrIEgVpK7dq9uRESAwb4G25HH9+Hh9fDy+1hTDyfiIf/wb35uaPdJfbB/vaI39xI9IxfJ8p9jv8PBw6OrqmvGxqcp+agWpcR9jH/FO1NLrCGZuWQxSR0fHwuDgYPKKgJltLBEgQGC+AoLU+YppT4DAcgrEjzd96Y9eHx64/dSGDHvbyO3h87d8J7zgu28Lzz/57PDCu/3JnEHq6GTyCqaxofCDAz8LB5I7WB+w7ZSwfUNf2Ng+/Sj+Ynd2Inm91A/7bwz/+0cfCh+48YuL7c72BAiscwFBqiB1nf8/AYdPgEBRIAaXPT3dxaq0HMPGI0dGk3ByPMTwstmn+GGr+NqC0dHRJLAdafbDsf8ECKwSAUHqKjkRdoMAAQIECBAg0CABQaogtUGXlm4JEGhWgb6+zckj/W3pHZrxsf14x+laCE+b9XzYbwIEmkdAkNo858qeEiBAgAABAgQWIiBIFaQu5LqxDQECa1gghqjd3V3h8OHh5LH45r/7dA2fKodGgMAqExCkrrITYncIECBAgAABAkssIEgVpC7xJaU7AgQIrH6B+CGtzs7O5P2tIX1lQQyNTQQIEFisgCB1sYK2J0CAAAECBAisbgFBqiB1dV+h9o4AAQJLLBDvto1BapziKwviR6kGBgaXeBTdESCwHgUEqevxrDtmAgQIECBAYD0JCFIFqevpenesBAgQCFu2bE4/NBXvQvWhKRcEAQJLKSBIXUpNfREgQIAAAQIEVp+AIFWQuvquSntEgACBBgr09W1KPqbVHvr7B5K7UccbOJKuCRBYbwKC1PV2xh0vAQIECBAgsN4EBKmC1PV2zTteAgTWsUBL8lLU+Gh//Ds6OpZ+UGsq+Z8D2d91TOPQCRBYAgFB6hIg6oIAAQIECBAgsIoFBKmC1FV8edo1AgQILK1Ab29P2LChc1anY2Nj4dAh70mdBaOCAIF5CQhS58WlMQECBAgQIECg6QQEqYLUprto7TABAgQWKtDVtSF9rL9y+/iu1ImJicpqywQIEJiXgCB1XlwaEyBAgAABAgSaTkCQKkhtuovWDhMgQIAAAQIEVqOAIHU1nhX7RIAAAQIECBBYOgFBqiB16a4mPREgQIAAAQIE1rGAIHUdn3yHToAAAQIECKwLAUGqIHVdXOgOkgABAgQIECDQaAFBaqOF9U+AAAECBAgQWFkBQeoaCVK/cc0VIX6N2kSAAAECBAgQILD8AlPJvykfePrZDR34pr/qCsE/9xpqrHMCBAgQIECAQE2BqRBOfPVIzdXNsGLf7tuS3WwpZ4jJPyzL/7ZMasq7H+fJUu/2k5PDDWEq+ZNO2dIaCVK/+JkPhe7u5B/XJgIECBAgQIAAgWUXiB+te9hjntTQcX91WVeY6mzoEDonQIAAAQIECBCoIdAyGsIdXytITXimwvZdx9Zgao7qf3v/P4bjj9vVHDtrLwkQIECAAAECa0zgllt3hyc85dkNPapbLtkQxrdmdws0dCidEyBAgAABAgQIVAi0H5gKx7/tSEVtcy26I7V8vt76+leG+977tOY6e/aWAAECBAgQILBGBL77/evCc//8ZQ09mj1P7Qwjd2pt6Bg6J0CAAAECBAgQqC7QdeNk2PmvyW2pTTwJUssn74XPuyicc/ZjmvhU2nUCBAgQIECAQPMKfPSKz4Q3vOWfG3oABx7REQbu39bQMXROgAABAgQIECBQXWDTtyfC1s+PVV/ZJLWC1PKJetQZDw0vf8mlTXLa7CYBAgQIECBAYG0JvOI1/xA+d/WXG3pQQ6e1hf1ndjR0DJ0TIECAAAECBAhUF9h25VjouW6i+somqRWklk/Urp07wic+1Ni7IJrkmrCbBAgQIECAAIFlFzjrSReF3Xv2NnTc8b6WcMvzNjR0DJ0TIECAAAECBAhUFzj+LUdCe3/5I/bVm6z6WkFq4RS9622vDaeeclKhRpEAAQIECBAgQKDRAj/88fXhmZdc1uhh0v53X9AZjpzgPanLgm0QAgQIECBAgEBZYMPNk2HX5c39ftR4KILUwiV93jlnhudffEGhRpEAAQIECBAgQKDRAm9+x+Xhgx+9stHDpP0P/G57OHBG+7KMZRACBAgQIECAAIGSwNarx8Oma8ebnkOQWjiFfX2bw+c+/t7Q0tJSqFUkQIAAAQIECBBolMDU1FR41OOfFvr7DzVqiBn9Tna3hF+/MHm83z/3ZrhYIECAAAECBAg0TCB5mv8ObzgSWoeb+7H+6CNIrbhKXvi8i8I5Zz+motYiAQIECBAgQIBAIwQ+esVnwhvesrzvqT/wiI4wcP+2RhyOPgkQIECAAAECBCoENn17Imz9/FhFbXMuClIrzlv86NQVH/wnd6VWuFgkQIAAAQIECCy1QLwb9ezzntXwj0xV7nf60annuiu10sUyAQIECBAgQGDJBZKbUI9/a/N/ZCpzEaRmEoX5heefGy664MmFGkUCBAgQIECAAIGlFvjnyz8Q3v2+jyx1t3X11//g9tD/B96VWheWRgQIECBAgACBBQr0/cd46Ptq878bNTt8QWomUTF/19teG0495aSKWosECBAgQIAAAQJLIfDDH18fnnnJZUvR1YL72H1BZzhyQuuCt7chAQIECBAgQIBAbYENN0+GXZeP1m7QhGsEqTVO2t1Oukt49zte5xH/Gj6qCRAgQIAAAQILFYiP9F948YvCT67/+UK7WJLtRo9rDbdd2OnDU0uiqRMCBAgQIECAQEEgeaT/2HePhs5bJwuVzV8UpB7lHD7qjIeGl7/k0qO0sIoAAQIECBAgQGC+Aq94zT+Ez1395flu1pD2Q6e1hf1ndjSkb50SIECAAAECBNarwLYrx0LPdRNr7vAFqXOc0vPOOTM8/+IL5mhlNQECBAgQIECAQD0Cb37H5eGDH72ynqbL1mbgd9vDgTO8L3XZwA1EgAABAgQIrGmBrVePh03Xrp33ohZPliC1qFGjLEytAaOaAAECBAgQIDAPgdUYoma7L0zNJMwJECBAgAABAgsXWMshalQRpNZ5bcTH/F/2ly/wztQ6vTQjQIAAAQIECGQC8Z2or/y7N62ax/mz/aqcp4/5Py55zL+lco1lAgQIECBAgACBowok70Td9sm1+Th/8bgFqUWNOcrxA1QvesGzw6mnnDRHS6sJECBAgAABAgSiwA9/fH143Zv+ccU/LFXv2YgfoDrwyPZw5ITWejfRjgABAgQIECCwrgU23DwZtl41vuY+LFXtpApSq6nMUXfh+eeGZz79PHenzuFkNQECBAgQILB+BeJdqO96zwfDu9/3kaZE6H9we+h/SPLeVHenNuX5s9MECBAgQIDAMggkd6H2fWU89H11bb4PtZqgILWaSh11u3buCE954lnhT856tEC1Di9NCBAgQIAAgfUhEAPUj33is+H9H/5E2L1nb1Mf9HhfSxh4QHsYuF+bQLWpz6SdJ0CAAAECBJZUIAlQN31nImz65nho708W1tEkSF3kye7r2xwe/fA/DKc/9EEe+V+kpc0JECBAgACB5jork2gAABZQSURBVBWIj/Bf8+Wvh89+4Uuhv/9Q8x5IlT2f7G4JQ/dsC4fv3uqR/yo+qggQIECAAIH1IRAf4d/4o8nQ818ToXV4fQWo2RkWpGYSSzCPd6ne57dPDafc7a7hznc6MRx37M6wdUtf6Ora4K7VJfDVBQECBAgQILCyAvFu05GRI+HAwf5w6217wi9uvCn8+Cc3hO/95w+b/u7TemXjXapHTmwNo8e3hrEdLSEuT/S0hKnkG1VeA1CvonYECBAgQIDAqhVI8tGWsRDahqbSu0079k6Fzlsmw4abJtfd3afVzpEgtZqKOgIECBAgQIAAAQIECBAgQIAAAQIECBQEBKkFDEUCBAgQIECAAAECBAgQIECAAAECBAhUExCkVlNRR4AAAQIECBAgQIAAAQIECBAgQIAAgYKAILWAoUiAAAECBAgQIECAAAECBAgQIECAAIFqAoLUairqCBAgQIAAAQIECBAgQIAAAQIECBAgUBAQpBYwFAkQIECAAAECBAgQIECAAAECBAgQIFBNQJBaTUUdAQIECBAgQIAAAQIECBAgQIAAAQIECgLzDlJDmEr+JFP5Z2oqFqbC9l3HFrpVJECAAAECBAgQIECAAAECBAgQIECAwNoRqBaktqSHV/oNIc5bQkvv9pPT6FSQunZOviMhQIAAAQIECBAgQIAAAQIECBAgQKA+AUFqfU5aESBAgAABAgQIECBAgAABAgQIECCwjgUEqev45Dt0AgQIECBAgAABAgQIECBAgAABAgTqExCk1uekFQECBAgQIECAAAECBAgQIECAAAEC61hAkLqOT75DJ0CAAAECBAgQIECAAAECBAgQIECgPgFBan1OWhEgQIAAAQIECBAgQIAAAQIECBAgsI4FBKnr+OQ7dAIECBAgQIAAAQIECBAgQIAAAQIE6hMQpNbnpBUBAgQIECBAgAABAgQIECBAgAABAutYYAmD1F0JY8s6pnToBAgQIECAAAECBAgQIECAAAECBAisTYGpsG/37uTQWkJLS8xAk7+l/0rl9KBL9S2920+eSpfDVPInmco/U1OxMBW279yZbNxaauKXAAECBAgQIECAAAECBAgQIECAAAECa0VgajLs27MnOZolCFKP2bEjtLa2rRUax0GAAAECBAgQIECAAAECBAgQIECAAIFUYHJyIty+d29SXoIgdcu2baG9vQMtAQIECBAgQIAAAQIECBAgQIAAAQIE1pTA+PhYOLh/f3JMSxCkbu7bEjq7utYUkIMhQIAAAQIECBAgQIAAAQIECBAgQIDA6MhIONR/MIFYRJAaknekxj89vb2hu6eXKgECBAgQIECAAAECBAgQIECAAAECBNaUwPDQYBgaHIwxapKllj4qlRbTo4zLcZrjY1NZkLohuRt1U3JXqokAAQIECBAgQIAAAQIECBAgQIAAAQJrSWAguRv1SHJX6pIEqW3Jh6a2Jh+cMhEgQIAAAQIECBAgQIAAAQIECBAgQGAtCRxIPjQ1kXxwakmC1Aizdfv20NbWvpaMHAsBAgQIECBAgAABAgQIECBAgAABAutYYGJiPBzYty8VWFiQGjdN3o+aPdofF3s2bQrdG3ti0USAAAECBAgQIECAAAECBAgQIECAAIGmFxg+PBSGBgbS48iD1PQ9qaW3oma/IbSW2vRuv1tMTZOF+Gmp8lQRpLZ3dIQtx2zL1poTIECAAAECBAgQIECAAAECBAgQIECgqQUO3r4/jI+NpcdQO0gtf4AqadVST5AaE9atOzze39RXhp0nQIAAAQIECBAgQIAAAQIECBAgQCAVSB/r35s81h9z0mRaRJCabD01Wb5DtXTDandPT/qIf9qzHwIECBAgQIAAAQIECBAgQIAAAQIECDSpQHykf3hoqBykpjFqUk4e4c+D1Xhg2d2opcoad6TGhsmj/vER/xinJv+1tLaEbTt2lDqMq00ECBAgQIAAAQIECBAgQIAAAQIECBBoNoHkBtL9e/cm95HG0DPufBKkpu9GTRZKmWl5Fheyv0mp+qP9sYOZQWqs6entDd3JXxMBAgQIECBAgAABAgQIECBAgAABAgSaUWB4cDAMJX/TKQ1OGxCkxrtbj9m+M7k7tfSlqmaEss8ECBAgQIAAAQIECBAgQIAAAQIECKxPganJyXD7vj3xraalaWFBatw2uQu1NEvLybP9pZq0srSie+PG0LO5Ly6YCBAgQIAAAQIECBAgQIAAAQIECBAg0DQCQ4f6w/Dhw8n+pglqOss/NBXrSv9Nr6/+aH883hpBamlVuj6Gq33btoWOzg2x1kSAAAECBAgQIECAAAECBAgQIECAAIFVLzA2eiT079+fhKUxRM0T06QUy9N1sZSuz+flmul3pMY11YLUUn3pVtXYZCq0tbeFrfHDU2kiG9ebCBAgQIAAAQIECBAgQIAAAQIECBAgsFoFpsKB5ANTE+MT5dA02c80H01j1HJdUlH6L1tZnh8tSI3HmwSmpUf704WYsZamWB8mQ1fyiH9v39ZypRkBAgQIECBAgAABAgQIECBAgAABAgRWp8Bg/4Ewkj7Sn3z7Kb37NNnPyiC1XF+OTcsHEpcWGqTGRLX8NtaezZtDd8+m1aljrwgQIECAAAECBAgQIECAAAECBAgQWPcCw0MDYejQoZJDSxKkloPRBQSpp8RkNOmg9Df+plNaSH6SO1DTB/6LK/LPWk2FTVu2hg3dPdlW5gQIECBAgAABAgQIECBAgAABAgQIEFgVAkeGh8LAwQPJvpTuKg0VQWrl+1HjTk/fkTp9N2pa37u9GKTGOLWcmNYZpMZONm09Jmzo2hiLJgIECBAgQIAAAQIECBAgQIAAAQIECKy4wJGRw2HgwO3l/ZhPkFpum0aqWTkJWOsLUpPx0nejZsc/WVguRa/xztQud6ZmQOYECBAgQIAAAQIECBAgQIAAAQIECKyQwEj5TtRSDJqFqHEeH+0vT8k7UdM16btRk1LWLCvMFaTm96Tmd6RmNUlF+WbVtFB4vD9WTyXLm/q2JO9M3ZztijkBAgQIECBAgAABAgQIECBAgAABAgSWVWB46FAY6D+YfFOqtRyJZglptfejZgFqaV5qWW5fd5AaDy/ehZqGp0d/T2psOhkbJu27N/Yk7009JqnJBoxrTQQIECBAgAABAgQIECBAgAABAgQIEGikwFTyPtTbw/DhoSSabEnuPc3yyfK82vtRY5u4Or0rNUs0i9tl5WRd5aP98VCm35NaDFLjijRVTVukCWthOQtS4/bt7e2ht29r6NzQHRdNBAgQIECAAAECBAgQIECAAAECBAgQaJjA6JHhMNh/IIyPj5fGyIPUchCaPb6fhavJcmlN8hsLeZBabp/2kq7I93mOIDVpVw5LS+HqdLBaGaTGHifTtqU7U+Pyxt7e0LNpS/IxrLa4aCJAgAABAgQIECBAgAABAgQIECBAgMCSCUxNToShgYPh8OBgqc9yYNpaDkaze0xLQWk5GE2z0hiklkPT2DYrZoW0t1hZXhFLpTtS45p4t2npjtP8Ny0kP+V5GqaWVk63L9yVmr4AIFuO8+S9qS2trUmY2peEqsm7U9PbZ+NYJgIECBAgQIAAAQIECBAgQIAAAQIECCxQIMkdDw8eSkLU/iSCnCzljtldpcm8FJJm6WgWiGbLMR4t16VVyU95ns7SXYql6aVYNY8gNeapMUWNAWncNP1JZsmO5tPUrLtS8/XJAWzs3RS6ejYlj/535lsoECBAgAABAgQIECBAgAABAgQIECBAoB6B8fHRMDI0kISoA0kuWc4ns5s30yA1eTdqeZ73l62PwWiajWZBa9KivJzNp6PTWJpein1VBKmxqrQD+W96Z2msj1N6z2m5SXlHY/tsp9Ny/PBUEq7OqCtFsFld54au0NW9MXR0bQztHULVkq1fAgQIECBAgAABAgQIECBAgAABAgQqBcbHRsPYyOEwMnw4jB4ZKa1O7zpNisXQNCm3Jn+yUDRtWFwfV6T/FULStFhajr+lKStl83LtzEf7Y2UeoZbK6WIMS0vr8rV5UBrrY3Aa58mU1Cf3pZab55Xl+tL6tF36Mxlakw9TdXZ0hfbOztCWhKrxQ1WtrfFvPOjSQUy3VyJAgAABAgQIECBAgAABAgQIECBAYG0JJBlikilOJo/oT06Opx+MmkjC0/HR0TA6NhIm0w9IJVlhNiWZYRpxFrPDcl2MUrMPR5UazdwuJqmleDT5LXWSz0v1cZCslM1LAxfuSI0VMfgshZ/5b1pIfkoV6fpSVfzNKpN5HqzGcvxvdpg6lbXJ5kkPcYptS1Np27ycFpK6ymmySl1lm3zfSivq2WJWFyoIECBAgAABAgQIECBAgAABAgQIEKgqMDNmjE1m18zasLVam6yuPE9npXIajBY7ScPTZKSaIWphP4pt4r6Vw9Z8P7NxyvPSiNn200vZ8FWC1Liq/Ch+WowRZDmGTGelctpiRiBa467UvI/YTdyq3FehvlSX1Wfz6WFL4xfq023jTzYl6ypWZ2uWZr6wzhe21dLssV4IECBAgAABAgQIECBAgAABAgTWj8Ds2K/eY1/4lnOOkHZd6L9QLG0bK8qVM9ZlC8V3mWZ1cYukXA5Us3lcO9fdqNm9qOmYeXfTfZWqshXZfPooawapsUkpCEx+i4FpuTw7SI2tY9s4iz+xWL4rNV0o16XrSuW0UbZNMp8Rssb6dLvSbOZvXJf8LXaTNphVUaXNzJ6WfqnKPiz9IHokQIAAAQIECBAgQIAAAQIECBAgUENgdghYo+HSVFcdrqIyXYw/FfVxD/KqvJBUldumVdP1sXHpbtS4Xam+1LL8CH+sS6tLtbH7dErvRk1X5Ntl9Wmf5WbljZOlctu8PqmZfkdqrC2GgIVYsxh+pk1K7UqP6s/cJgtRs3n64alswCxgLc9L4xW2z+vjmmJ95b5VW84HyQp1zJMxCsPU3KCeNjU3toIAAQIECBAgQIAAAQIECBAgQIDAKhWYnRfO3tG0TT0Ns01rta2sT5YLVdN3jCb9ZHecpl3GRqWGlSFqXJ1+YCoWsm3SeaHjZNt8u9hPviqWSwvF39hVoVFpMdbMDFJjfZYaFqLMYpCaNim0SYvZctw8lpO/FaFoobdkVbn9VOHdqLHfbMq7y9YnK7JNskLWtq553DjvtK4t5t2owd3Pe39sQIAAAQIECBAgQIAAAQIECBAgsL4F8sCwUQxxgPkPkgemMzbN7iit3Ndyo5bS+ulANI5c+pNvkQWoWaCaroghaixk/RQHTcpVg9Rim3LvsWntIDU2yuLPJCVMg8IsLcyWY5NCm3K/IQtIy4Fp3KrUKtu+vJx+NGq6rrR5ebmyOn6QKq/LC9mINeczW85cqrlRumI+bY/ek7UECBAgQIAAAQIECBAgQIAAAQIEVr9AlQCx5k5Pt50u1WxcWFFunc7K4Wm2Nu8oL5TXJMvJR6rin+mptJzXZOFpOXAttStvka+LtdkWyTwtZr1m9cU2pV7S39i8viA1aZ6GosVwMSmni6V5aU3pt1Qf7yadXo6lmWFqFsCW+87uUk0W82lWXbm/tEGxnG9RUZhuk5fyQkVTiwQIECBAgAABAgQIECBAgAABAgQIzC1QzhyL0eN0QHm0zYtbFMvJNlnYWdw81pXrS62zbQohalaVpqJJMFtYTovZTzbP+08qqvYdG6SN85ZpITY/epCahZ9J8zzUzJLI8jyrTxZLNcX6cjlGqFl1Fq6m82x9edvKO1Tz1Xlh5gGkS8V1xXKx6XT9dCkeU7GNMgECBAgQIECAAAECBAgQIECAAAECVQUK2WKhmDSduTS9bbG+WJ5uUSqV181okiykd6AW28YGpUb5PaTpYqkuXZeHsdmdqOXtC/Uzx5zZ3/RoWZ/TNXHoKkFqbFBMGLM7R5O6vDorlOfTKWm5Sda28I7TtNesPnZVXJf1Vxo6f4dqNmC6utAm7uJRp2ptq9UVDin2V73JUUeqb2XDOq5veK0IECBAgAABAgQIECBAgAABAgTWqECV0G8pjrTQbaFY0XO1NdXqKjbLF5O2efNSIX0Hal4XG04vtCSflUqnpCoLU0sV8Te7G7XeEDVuk/UyPUZxvNgincqr6whSY75YDgKzwDTtIQsH4zz5W1gsFbO6YmCaNSutmxmmlvZrZl+xp1Jvce10KWtbnNdYW6P6aL1NbzJdKo6kTIAAAQIECBAgQIAAAQIECBAgQGBtCZTSwmKkOPv4aqytUV01lCx3OnOTZCm7azRdMXNt3CQNUcvrZq+tFaKWtpzej8KW+WP9hbp03yqX08FLa2Y/2p/WJz/FEDGLUpO6YnW+ECsL68ptSneWlteVuy2vyvtPw9TpynKrbHW2IpnPCHGnmxVLpdbZNsU1WX8VdQterDHGgvuzIQECBAgQIECAAAECBAgQIECAAIHlEKgSFC502JpdZXd6ztFxGmZmnSTzrFjcLK0u34labjCzWVxKxpsRxKZV5Z+sdTafXleqKdRX3YFC+94dp2QpaVJbnGaGhXmjWYFm1q5852lczKqSQql5VlGaZ0vTDcv1lX2n1dOt872rbJeumG43Xcq3mFmo1e/MVpYIECBAgAABAgQIECBAgAABAgQIEMgFktCxmDvm9dOFmatnLqWtssBzepOkNLvfPBjNByz1Nd1jVoohauysvBxn2arsVQDTFbFhsr7UYHbcm29Yape2zYpJ68UHqbGzmExmf8ud50/0J/Wl/2a0ia1L03QpLs96P2qpstT0aL9puFrR19HaF9fN3Ky4plCuq1GhvSIBAgQIECBAgAABAgQIECBAgACB1SxQJTis3N06msRNZjdLaqqGphUDzGhT6mU6RM3aluuzxXS0cgyariqtz3PTtF2sy/7mG5YKiwpSYxdVc8KZlbXvSs06yNPTmblq+Q7S6d5K7aaXp0vp0SSLpbEq6tOV2Vj5Qo1C2klpXTJ+rZ5qbLyM1at3z5YRwVAECBAgQIAAAQIECBAgQIAAAQI1BcpBYc31K7Mi3assCC0t1LEjtY4lBqPJulmrSxXT1aXH/PPl4vh5ZdyN2G5GRWnfFhiixo1Ld6TGUtU8b2ZlHkdWfbQ+66RamJr0U+6qNJvuN+8zaxC7idN0k6RY6LO0tsZvYaPKFtmqWaFuZcPK5WzDynrLBAgQIECAAAECBAgQIECAAAECBNaCQJXAscph5a2K4WWVdqWqvHXNFnFF+hGprMWsTUoV5XtPy60KS+nq5CfOS03LbWqEqHHt4oLUuydJYTksrJoZzqzMg8+qYWpsm7Uvz/MMNFku/Vc+oGwW25XaFn/TtaWKcjHvKNtwjnlh42otq6yuUlVty9p1VU1qN8+O+2gtrCNAgAABAgQIECBAgAABAgQIECBQkRTODZKFnXO3rNpiRi6Ztahama2M8zkbFBsfJUQthKWzU9LSKOlQ5fGyb1Hl48f6KvuyiBA1PbreHQsMUqunokmfMY7MIsnyPK8qLVfPG2cHpVkv5S9Wxf1Nprw2KU2XS+tq/dbbbkb3VTubR09Vt1dJgAABAgQIECBAgAABAgQIECBAYCUFqkSMM3dnzgbF5vU1LkajM0LOPNws9pmV84Q0q8huKE2Wk3Hj0PnwWWFGZb5dqV2pzcx9iU2ybaebT1dNr/v/MScFcLLXO2YAAAAASUVORK5CYII=\"></p><p class=\"ql-align-right ql-direction-rtl\"><br></p><h2 class=\"ql-align-right ql-direction-rtl\">2. إضافة الفصول (Classes)</h2><p class=\"ql-align-right ql-direction-rtl\">\n            </p><p class=\"ql-align-right ql-direction-rtl\">داخل كل مرحلة، توجد فصول أصغر (مثل: فصل 1/أ، فصل 1/ب). لإضافة فصل:</p><p class=\"ql-align-right ql-direction-rtl\">\n         </p><ol><li class=\"ql-align-right ql-direction-rtl\">بعد إضافة الصفوف تضغط على إضافة فصل </li><li class=\"ql-align-right ql-direction-rtl\">تختار الصف الذي سيكون مرتبط به الفصل</li><li class=\"ql-align-right ql-direction-rtl\">ثم تكتب رقم القسم (الفصل)   ( ١ ) مثلاً </li><li class=\"ql-align-right ql-direction-rtl\">ثم تضغط على حفظ</li></ol><p class=\"ql-align-right ql-direction-rtl\">\n            </p><p class=\"ql-align-right ql-direction-rtl\"><em><img src=\"data:image/png;base64,iVBORw0KGgoAAAANSUhEUgAABVwAAAKsCAYAAAAQtXYqAAAKrmlDQ1BJQ0MgUHJvZmlsZQAASImVlwdUU9kWhs+9N52EFghFSugd6QSQEkILoCAdbIQkhEAIIRBUxIYMjuBYUBHBig5VwVGpY0UU2yDY+4CIijoOFrBgeRdYhJl567233l5r53zZd9999jnrnLX+CwBFhyORiGBlANLF2dKIQF96XHwCHf8CIAAPKKg7c7hZEmZ4eChAbWr8u43eAtD4eN1mvNa/P/+vpsLjZ3EBgMJRTuJlcdNRPob6KFcizQYAOYjGjRZnS8a5B2U1Kdogyk/GWTDJH8c5aYIx5ImcqAgWynQACGQORyoAgGyNxuk5XAFahzy+BjsxTyhGOQ9lr/T0DB7Kx1E2R3MkKI/XZyT9pY7gbzWT5DU5HIGcJ9cyYQQ/YZZExFn6f27H/7Z0kWxqDjPUySnSoAh0VEX37ElaRoicxUlzwqZYyJvIn+AUWVD0FHOzWAlTnCWKZE8xj+MXIq8jmhM6xcnCAHmOMJsdNcX8LP/IKZZmRMjnTZaymFPMkU73IEuLlsdT+Gx5/dyUqNgpzhHGzJH3lhYZMp3Dkselsgj5WvjiQN/peQPk+5Ce9Ze1C9nyd7NTooLk+8CZ7p8vZk7XzIqT98bj+/lP50TL8yXZvvK5JKJweT5fFCiPZ+VEyt/NRg/n9Lvh8j1M5QSHTzFggQwgQl0K6CAU/ecHQDZ/Sfb4QlgZkqVSoSAlm85EbxufzhZzba3pDnYOLgCM393Jo/GONnEnIdql6VjmaQDcitCgYDrGMQKg7SkA1NHpmNFb9FhtAuBED1cmzZmMYcZ/sIAElIAa0AJ6wAiYAxvgAFyAB/AB/iAYhIEoEA8WAi5IAelo54tBHlgNCkEx2AS2gXKwB+wHNeAQOAJawHFwBpwHl0EPuAnugz4wCF6CYTAKxiAIwkMUiAppQfqQCWQFOUAMyAvyh0KhCCgeSoQEkBiSQXnQGqgYKoHKoX1QLfQL1AadgS5CvdBdqB8agt5Cn2EEJsNqsC5sCs+EGTATDoGj4AWwAM6Ec+ECeANcBlfCB+Fm+Ax8Gb4J98Ev4REEIAoIDTFAbBAGwkLCkAQkGZEiK5AipBSpRBqQdqQLuY70Ia+QTxgchoqhY2wwHpggTDSGi8nErMCsx5RjajDNmE7MdUw/ZhjzDUvB6mCtsO5YNjYOK8AuxhZiS7FV2CbsOexN7CB2FIfD0XBmOFdcEC4el4pbhluP24VrxJ3G9eIGcCN4PF4Lb4X3xIfhOfhsfCF+B/4g/hT+Gn4Q/5GgQNAnOBACCAkEMSGfUEqoI5wkXCM8I4wRlYkmRHdiGJFHXErcSDxAbCdeJQ4Sx0gqJDOSJymKlEpaTSojNZDOkR6Q3ikoKBgquCnMVRAqrFIoUziscEGhX+ETWZVsSWaR55Nl5A3kavJp8l3yOwqFYkrxoSRQsikbKLWUs5RHlI+KVEVbRbYiT3GlYoVis+I1xddKRCUTJabSQqVcpVKlo0pXlV4pE5VNlVnKHOUVyhXKbcq3lUdUqCr2KmEq6SrrVepULqo8V8Wrmqr6q/JUC1T3q55VHaAiVCMqi8qlrqEeoJ6jDqrh1MzU2GqpasVqh9S61YbVVdWd1GPUl6hXqJ9Q76MhNFMamyaibaQdod2ifdbQ1WBq8DXWaTRoXNP4oDlD00eTr1mk2ah5U/OzFl3LXytNa7NWi9ZDbYy2pfZc7cXau7XPab+aoTbDYwZ3RtGMIzPu6cA6ljoROst09utc0RnR1dMN1JXo7tA9q/tKj6bno5eqt1XvpN6QPlXfS1+ov1X/lP4LujqdSRfRy+id9GEDHYMgA5nBPoNugzFDM8Now3zDRsOHRiQjhlGy0VajDqNhY33j2cZ5xvXG90yIJgyTFJPtJl0mH0zNTGNN15q2mD430zRjm+Wa1Zs9MKeYe5tnmlea37DAWTAs0ix2WfRYwpbOlimWFZZXrWArFyuh1S6rXmustZu12LrS+rYN2YZpk2NTb9NvS7MNtc23bbF9PdN4ZsLMzTO7Zn6zc7YT2R2wu2+vah9sn2/fbv/WwdKB61DhcMOR4hjguNKx1fGNk5UT32m30x1nqvNs57XOHc5fXVxdpC4NLkOuxq6JrjtdbzPUGOGM9YwLblg3X7eVbsfdPrm7uGe7H3H/08PGI82jzuP5LLNZ/FkHZg14GnpyPPd59nnRvRK99nr1eRt4c7wrvR/7GPnwfKp8njEtmKnMg8zXvna+Ut8m3w8sd9Zy1mk/xC/Qr8iv21/VP9q/3P9RgGGAIKA+YDjQOXBZ4OkgbFBI0Oag22xdNpddyx4Odg1eHtwZQg6JDCkPeRxqGSoNbZ8Nzw6evWX2gzkmc8RzWsJAGDtsS9jDcLPwzPBf5+Lmhs+tmPs0wj4iL6Irkhq5KLIucjTKN2pj1P1o82hZdEeMUsz8mNqYD7F+sSWxfXEz45bHXY7XjhfGtybgE2ISqhJG5vnP2zZvcL7z/ML5txaYLViy4OJC7YWihScWKS3iLDqaiE2MTaxL/MIJ41RyRpLYSTuThrks7nbuS54PbytviO/JL+E/S/ZMLkl+LvAUbBEMpXinlKa8ErKE5cI3qUGpe1I/pIWlVad9F8WKGtMJ6YnpbWJVcZq4M0MvY0lGr8RKUijpy3TP3JY5LA2RVmVBWQuyWrPVUJF0RWYu+0HWn+OVU5HzcXHM4qNLVJaIl1xZarl03dJnuQG5Py/DLOMu68gzyFud17+cuXzfCmhF0oqOlUYrC1YOrgpcVbOatDpt9W/5dvkl+e/XxK5pL9AtWFUw8EPgD/WFioXSwttrPdbu+RHzo/DH7nWO63as+1bEK7pUbFdcWvxlPXf9pZ/sfyr76fuG5A3dG1027t6E2yTedGuz9+aaEpWS3JKBLbO3NG+lby3a+n7bom0XS51K92wnbZdt7ysLLWvdYbxj044v5SnlNyt8Kxp36uxct/PDLt6ua7t9djfs0d1TvOfzXuHeO/sC9zVXmlaW7sftz9n/9EDMga6fGT/XVmlXFVd9rRZX99VE1HTWutbW1unUbayH62X1QwfnH+w55HeotcGmYV8jrbH4MDgsO/zil8Rfbh0JOdJxlHG04ZjJsZ1N1KaiZqh5afNwS0pLX2t8a29bcFtHu0d706+2v1YfNzhecUL9xMaTpJMFJ7+fyj01clpy+tUZwZmBjkUd98/Gnb3RObez+1zIuQvnA86f7WJ2nbrgeeH4RfeLbZcYl1ouu1xuvuJ8pek359+aul26m6+6Xm3tcetp753Ve/Ka97Uz1/2un7/BvnH55pybvbeib925Pf923x3ened3RXff3Mu5N3Z/1QPsg6KHyg9LH+k8qvzd4vfGPpe+E/1+/VceRz6+P8AdePkk68mXwYKnlKelz/Sf1T53eH58KGCo58W8F4MvJS/HXhX+ofLHztfmr4/96fPnleG44cE30jff365/p/Wu+r3T+46R8JFHo+mjYx+KPmp9rPnE+NT1Ofbzs7HFX/Bfyr5afG3/FvLtwff0798lHClnQgogqMPJyQC8rQaAEo9qB1SXk+ZNausJgya/ByYI/Cee1N8ThiqXah8AolcBEIpqlN2om6BMRsdxSRTlA2BHR7lP6eAJzT5uOPTrZa/tOPUMvgb/tEk9/5e+/zmC8apO4J/jvwCpxwtYHGzBxAAAAIplWElmTU0AKgAAAAgABAEaAAUAAAABAAAAPgEbAAUAAAABAAAARgEoAAMAAAABAAIAAIdpAAQAAAABAAAATgAAAAAAAACQAAAAAQAAAJAAAAABAAOShgAHAAAAEgAAAHigAgAEAAAAAQAABVygAwAEAAAAAQAAAqwAAAAAQVNDSUkAAABTY3JlZW5zaG90SVzlcwAAAAlwSFlzAAAWJQAAFiUBSVIk8AAAAddpVFh0WE1MOmNvbS5hZG9iZS54bXAAAAAAADx4OnhtcG1ldGEgeG1sbnM6eD0iYWRvYmU6bnM6bWV0YS8iIHg6eG1wdGs9IlhNUCBDb3JlIDYuMC4wIj4KICAgPHJkZjpSREYgeG1sbnM6cmRmPSJodHRwOi8vd3d3LnczLm9yZy8xOTk5LzAyLzIyLXJkZi1zeW50YXgtbnMjIj4KICAgICAgPHJkZjpEZXNjcmlwdGlvbiByZGY6YWJvdXQ9IiIKICAgICAgICAgICAgeG1sbnM6ZXhpZj0iaHR0cDovL25zLmFkb2JlLmNvbS9leGlmLzEuMC8iPgogICAgICAgICA8ZXhpZjpQaXhlbFlEaW1lbnNpb24+Njg0PC9leGlmOlBpeGVsWURpbWVuc2lvbj4KICAgICAgICAgPGV4aWY6UGl4ZWxYRGltZW5zaW9uPjEzNzI8L2V4aWY6UGl4ZWxYRGltZW5zaW9uPgogICAgICAgICA8ZXhpZjpVc2VyQ29tbWVudD5TY3JlZW5zaG90PC9leGlmOlVzZXJDb21tZW50PgogICAgICA8L3JkZjpEZXNjcmlwdGlvbj4KICAgPC9yZGY6UkRGPgo8L3g6eG1wbWV0YT4K2FFhvAAAABxpRE9UAAAAAgAAAAAAAAFWAAAAKAAAAVYAAAFWAAB3ktWG7SAAAEAASURBVHgB7N0HgBRVtofx0zMMacgM0ZzTYto15xwRI2JAxJyzIkYwCyq6gqKCiAkDZsy6pjWsOT7FiIiC5BxmmJl3z62u6qru6p7upnuY7vnqyVTdW7fSr1t233/vnIq0XWXzWvEvkaQN/w5nO5OxcUcHDnX3hXa6O/O/tpevz3sIyqf9gFkelvT8uT5f0guxAwEEilCAv0GK8EPlkUIF6vO/IITeAJ31KJDxp53xAfX4MFlfyv9Qmf5dvyLHZn3DGR/oPZW3oacINDI+Z/qHR6+T1uWCg2qDzfB7TGeMvVn/ZxV+qrDe0KO8Tm8j7FCnL+WQFDtT7IpdLHxQaG9oZ+xM+d6yl6/Pe0jre5H41FkelniiaE+uz5f0QuxAAIEiFCicv0EiCYGrfhzeX/reRvIPyRvibYSOTb037pCMBscdm0Yz49MnO6ABfc55v5XoBfJ+nTQ+P4YgUFQCyf5+KZiH5G+FgvmouNEVFCi8f1n9d8y/qak/fr9V6pErsLdeLrIC9xf7fwDsSfy3m+n3J/WxmZ5tRZ4pybFp3UJsUGwryfm0O61B/uPNARkdk8H4uPPGNaM34fb6Py3//SVupzXSDkprpO//54y/Vh3H17HbOVsk7hsdf424dlrnjDsmg2bGp092gPuxZXDtfA3N+61EL5D36+QLiPMi0FAFkv390lDvN+G+CudvhfDA1X2gSJqfhB2WODaxxz1xBussT5LlYRncWOEMzfrrmOWBWR5WOKDcKQIIIFB0Akn+5uY/TH2fdMPGaNh352Nks26BHH2YyU+TfE/dN5fPEeF/D4X3pnEfWR/oP3fyk9g9yXf7T5K4nc3B6R6Txj05Q/wDU38nUu9NfDxJ9/+HdA9NuEBChzsytk4yJNYd24odlOZWlodmeViaN1VYw/zfrozuPMsDszwso1tjMAIIIJCpQOrAVf93wUz+k8P8h2smwzO92bCTp3c9d1Tu/ip2z5jxM/gOyN3d+E4atum7kG8z8bMN7Aw7UXZ9eTptdjfDUQgggAACKQT4GzscJ7P/1M9sdNwVV+jguHPRLFiBVF+DWrszNiK2lerf39iowkBJ9SzOEySMSOjI5ZOak9dx/jp2h9x0WkeEHKddSY5N0u2cJP6nf3Cuvx/R82V6Wm+8txF/04ltMzR8dHhv4gnq6Ak5TUhXyEncUX7nkGEZdLlnzOCQhKG5u5uEUwc7fBfybSZ+WIGdwVOsSCtPp12RW+JYBBBohAJ1BK4qEg1Rk/wN7/5lFttttmKNnJImnDahI9nl/APdO042Nrzff4bwEbnvzepO0zwozWG5fyjOiAACCCDQ4AVqk/0/8w3+zvN1g3X/t4C6R+Tr3tI8b4O/wTSfo4CGhZGH/fevsHHhj5lkZJJuJ5RLujP8Eg2uN0wsepPZ7Ur/CUPPH9oZOGfoiPQ7A+eyjdBjdY9vh28z8QTJevwH5fp74jufbzPZnST2p/7/PxPGh14jtDPh0Lo6Es6S0JHsDP6Bfutk4xP7/WdI3JufnqzuNM2D0hyWnwfjrAgggMBKEKgjcI2bsZr23/pmYNpjkz912qdIOTBsZ3Z/3YedKfndZ7/HubuQe0zoCrujhEEJN1L3CPeQ7M7vHu2u07+eewRrBBBAAAEEGrpA2H9G5uS//kQf3P+fnuHXauhCRXt/efo48nRa38eQgyvUdQr/19Z35fQ3sz9B9keauws9OLQz6aN4o72NZENTDEi6K2RHSFeyK9p+O945KL1DYx92bMucKdBIecW4nebAPB4beurQTr2tpDvi7jnYzOiojAYHr+Nv5eg0/lOGbif9ZiR8WcLuKGFQwjXqHuEekt353aPddfrXc49gjQACDU0gLo1saLeX1v3kKXDVa5u/LMP+vkxxWxkOj50p6YFJd5hjU/81nOrI2IXztRW8N9sKdvku7L/TpIN8453N9Ef6z6/HhhwZ0pVwQToQQAABBBqugPmrnr/KM/144v/zMeP/2pPpBRnfEAUSvwb2LpN05/AJ0rmC/ludzrgMbquu0+XsL5LcnCits6QclHJnIpwZXvcRSUYk6XYuErczrpl4I3E9dnzwoGArbrzXdD7whI89ocM7IMWGOSir4/SUyY9N65QJgxI6kt53+iPjTpHFgVkcEnfRFWkGvxEhXxnfyf13GjzONyhhM/2R/vPraUKODOlKuCAdCCBQPAKZ1gZvIE+eMnBNSJTj/+5L+RDRwSmOSbEr5Zl1Z6QkIqUlJVJaWiIlWjs2YtYldk/GddrrvBgDEEAAAQQQQAABBBBAAAEEEEAAAQQQQKDBCdSa/yFGy6LV1tRKjWnon+rqavOnRnTfylhSBK4Jcatzf2mnpHEDfU3fZkbPrOFqWWmplDbRcNWmqxkdz2AEEEAAAQQQQAABBBBAAAEEEEAAAQQQaBwCNTU1sny5+WMC2OUmgK2vJdK2++a14b/ekePA1TyRDVozTlsj0rRpEykjZK2v7wTXQQABBBBAAAEEEEAAAQQQQAABBBBAoKgENHytqqqWyqrleZ/56gSuyhcIQpOErS5zYKzbGb8ODgq0Ao3445y23kHTZhq0NqFEQDgRvQgggAACCCCAAAIIIIAAAggggAACCCCQgYCWGdDQtbJSg9f81ByIBa56YzYIrSNs9cbV9SROqpo0W026Q6SsrIk0M7NaIwVaGLcuGfYjgAACCCCAAAIIIIAAAggggAACCCCAwMoT0LB1mQldNXjN9ZLXwDVFpuo8R9yAEvMirObNmtoXYeX6QTkfAggggAACCCCAAAIIIIAAAggggAACCCDgF9DarkuXVkqNeelWrpZg4GrOmvas0riwNPGG0pgpqwdFz9O0rFSambCVBQEEEEAAAQQQQAABBBBAAAEEEEAAAQQQqE+BpcsqzWzX6pxcMhC42uwz9iP1BXIVuJqrNG9WJmWmhAALAggggAACCCCAAAIIIIAAAggggAACCCCwMgS0vMDSZVUrfGkvcPXy03QDV720d1DYfaQ3w7V5CxO2mhdjsSCAAAIIIIAAAggggAACCCCAAAIIIIAAAitToGr5clmypDLuFlKGoHFjTWTatvvmtYFDvIa3kXCQ15FySN2Ba4sWTaVJk1LvdGwggAACCCCAAAIIIIAAAggggAACCCCAAAIrU2B5VbUsXros5BZShqHe+Eg7E7h6Ld3wjvM2ArsDjZRDnMC1VvT0ieErM1sDkjQQQAABBBBAAAEEEEAAAQQQQAABBBBAoIEIhM90dW8uZSgqiYGrHmePSX2ge/pYQOv1hGwEA1dqtoYQ0YUAAggggAACCCCAAAIIIIAAAggggAACDUbAqekaX17Af3vh+Wm9B65Nm5ZKs2ZN/XfGNgIIIIAAAggggAACCCCAAAIIIIAAAggg0OAEli6tlMqq5SnuKzF0TRG46nkSDwg9e53DnBmuJSURKS9vHnoKOhFAAAEEEEAAAQQQQAABBBBAAAEEEEAAgYYmsHDRUqmpqUlxW8FwNLeBq1OuNeTiTuDaomUzaVJaErKfLgQQQAABBBBAAAEEEEAAAQQQQAABBBBAoOEJLK+ukcWLl6a8MX9B1dwFru6rt4KBrr0RvWBZWRNp3rws5Y2xEwEEEEAAAQQQQAABBBBAAAEEEEAAAQQQaGgCdZcW0FoBTjCam8DVLxAXuEYvI61aNZdIJG6n/zi2EUAAAQQQQAABBBBAAAEEEEAAAQQQQACBBihQW1srCxculVrzf6kWDV3zGri68aq+JKtp0yap7oV9CCCAAAIIIIAAAggggAACCCCAAAIIIIBAgxWorFwuOtO1riVvgasbtupk2latWpjZrXXdCvsRQAABBBBAAAEEEEAAAQQQQAABBBBAAIGGKWAmuZpZrktEZ7umWvIcuNaama1lojNcWRBAAAEEEEAAAQQQQAABBBBAAAEEEEAAgUIWWLasUpYtqzKPkHx2aV4CV+dyTtJbXt5CSkpKCtmRe0cAAQQQQAABBBBAAAEEEEAAAQQQQAABBKSmpsbOcnUowkPXnAeuES0cG71WaWmptGzZnI8CAQQQQAABBBBAAAEEEEAAAQQQQAABBBAoCoHFi5fK8uXVvmcJBq91B65akyDtAqy1TtYavUZzU0qgzJQUYEEAAQQQQAABBBBAAAEEEEAAAQQQQAABBIpBoLKyKuTlWbHQNXXg6tZ/TStwdQbbU0fHl5c3p5xAMXyLeAYEEEAAAQQQQAABBBBAAAEEEEAAAQQQsALBsgJ+FCd0TR64umGrHlNn4BobHNE5rvqP+dOqVUv/FdlGAAEEEEAAAQQQQAABBBBAAAEEEEAAAQQKXmDhwsWmnmssE409kElH23XfPGxPbIxupQxcg4fbwNXUcW1S1kRatGgWPA8tBBBAAAEEEEAAAQQQQAABBBBAAAEEEECgwAWWLFkmVVXLQ59iBQPXYNiqV3AD12bNm0pT6reGotOJAAIIIIAAAggggAACCCCAAAIIIIAAAoUrUFlZaeq4VoU+wAoErolhqxO31pr5rSItWzQ3s1xLQy9KJwIIIIAAAggggAACCCCAAAIIIIAAAgggUKgCy6uqZfGSpaG3n2XgGha2Bs9fXt5CSktLgp20EEAAAQQQQAABBBBAAAEEEEAAAQQQQACBAheorq6WRYtyFrjWHbaqV+vWLU3pV+fNXAXux+0jgAACCCCAAAIIIIAAAggggAACCCCAAAKeQG1trSxYsNhr+zcynOGaXtiqNQVatylP/a4t/12wjQACCCCAAAIIIIAAAggggAACCCCAAAIIFIiAyVtlwfxFWmE1YYm07b55bUh/cKCdqZpG2OoNqZU2bVsFz0ELAQQQQAABBBBAAAEEEEAAAQQQQAABBBAoEoH58xaaJ4kmq76ANc3ANQ0FL2zVsQSuaYgxBAEEEEAAAQQQQAABBBBAAAEEEEAAAQQKVCAQuOozuNlr3TNcTZJaVy3WQNiqZydwVQUWBBBAAAEEEEAAAQQQQAABBBBAAAEEEChOgYTAVR/ThK51zHB1k1QdmQTGDvGN0wKuZqGkQBIvuhFAAAEEEEAAAQQQQAABBBBAAAEEEECg4AWcwFUfIxicpghc3RA1epAep9Vg/bNdvSHehg42i85wbe1s8hMBBBBAAAEEEEAAAQQQQAABBBBAAAEEECgygfnzFpgn0tA0LnBtZ16alfis8V3moPjA1RvibZjTxLYJXBNV6UEAAQQQQAABBBBAAAEEEEAAAQQQQACB4hCIBa76PLHQNZIYuMZC09ij27TVaeoM18AQfyO2TeAa02MLAQQQQAABBBBAAAEEEEAAAQQQQAABBIpLwAlc9Zk0O00auMYC06SPnzRwjR2rlQfatqOkQFJDdiCAAAIIIIAAAggggAACCCCAAAIIIIBAQQvMm7vAV301FrrGzXCNhabJnzaW1jpj3GOctf1pfhC4JhdkDwIIIIAAAggggAACCCCAAAIIIIAAAggUtoAGrjqxNZaWltgH8gWubnCa4kF1iP+lWYHaArWxlpni2rZdmxQnYhcCCCCAAAIIIIAAAggggAACCCCAAAIIIFC4AvPmzveyUid01Z8RiQauaYat9vn9sW3sOC9u1XoCZiFwtQz8QAABBBBAAAEEEEAAAQQQQAABBBBAAIEiFLCBqz5XdIKqiVrtU6YXuMZyVT2D/ce+OUv7TdMLW3WOa3Qsgav15QcCCCCAAAIIIIAAAggggAACCCCAAAIIFKFALHDVh4uGrWZtAtfNAnFqwrMn7NXANRas1tpz6aDowOhm2/aUFEiwpAMBBBBAAAEEEEAAAQQQQAABBBBAAAEEikJg3hwtKWAexclaoxt1Ba7RDDUoEAtcvd02gPVaNnslcA2q0UIAAQQQQAABBBBAAAEEEEAAAQQQQACB4hHIYeBqUEzmGi3VahomaHVnvGrmqomuWRO4GgcWBBBAAAEEEEAAAQQQQAABBBBAAAEEEChKAS9w1afzzXJNXlLAN2E1QcQLXKODCFwTiOhAAAEEEEAAAQQQQAABBBBAAAEEEEAAgeIVyCxwTRW2GiNbtzU2xVV7HDldMcPVseAnAggggAACCCCAAAIIIIAAAggggAACCBStQM4CVxut2lDVTWXdtbGLBq6axbbjpVlF+2XiwRBAAAEEEEAAAQQQQAABBBBAAAEEEGjsAnPNS7MibikBd21QEksK+PLTMDS72y0hYAf4Dohu6orANUyPPgQQQAABBBBAAAEEEEAAAQQQQAABBBAoBgEbuOqDaNiabeDqRat1Bq61JnBtWwxuPAMCCCCAAAIIIIAAAggggAACCCCAAAIIIJAgMHfOPJOzmqQ1MXDd1OSo0QjWS1QTjrcdzu74Qb623ay1lQUIXMMN6UUAAQQQQAABBBBAAAEEEEAAAQQQQACBwhdwAlfzHFpXIBqv6lOZkgLpBa6xWDW25bD42l7gqjNc2zm7+YkAAggggAACCCCAAAIIIIAAAggggAACCBSZwNw5c03OGp3eWhJ7uFjg6stNY7tjW87usEFun1nX6gV0hiuBa0yOLQQQQAABBBBAAAEEEEAAAQQQQAABBBAoNoFA4BrNXfUZI23NDFebxLq5aciTx3bFtmLD3D6z9gLXGjPDtX1sCFsIIIAAAggggAACCCCAAAIIIIAAAggggEARCcydM8fMb9WprSZtzS5wdYPVeBXt17BV+/XMNdEZrgSuKsKCAAIIIIAAAggggAACCCCAAAIIIIAAAsUn4ASumodG6wlEQ1dnhqudmRr+0LGYNbYVHKn95o/dTeAatKGFAAIIIIAAAggggAACCCCAAAIIIIAAAsUokDJw1VIAGpXGL7GINbYVP8ZJWt3AVfeaCq61poZrB2a4JlrRgwACCCCAAAIIIIAAAggggAACCCCAAALFIDB3tikpEIlOa/WVFYi07bapSUuduDU+dHVi1rCwVft0tLvPrE3I6i4Erq4EawQQQAABBBBAAAEEEEAAAQQQQAABBBAoRoFg4GqeUMNX/Sf9wNUNVN2g1V0rVyxwdXJXZrgW45eIZ0IAAQQQQAABBBBAAAEEEEAAAQQQQAABR0ADV01Y7SRXm7SGBK46VGNUXdx4Nbbl9viDVmesvijLPYDA1TVhjQACCCCAAAIIIIAAAggggAACCCCAAALFKpAYuJonNelrYIarPnzEJqfOTy9FddNUq5MicNWJrnYMM1wtAz8QQAABBBBAAAEEEEAAAQQQQACBHAkcc+TBsvlmmwTONmLkWJk0eUqgj0ZxCay15upyxil9Aw/1+Rffyrgnnwv0NdTGnrvvJPvsuXPg9p58+kX5+NMvA32F2PACV715jUxtSYGEwLXW7nN+6kh3Vqu71j5/4Brtd+u3mqbTQ+CqUiwIIIAAAggggAACCCCAAAIIIIBArgRuu+kqOXC/PQKn69PvTPn8y28DfcXQ6FTRQWbMnF1vj9K2TWtZsnSpVFZWBa7Zqrxcqqur7b7AjiwbbVq3kqXLliVcJ9Xp/rXlpvLomDsDQ5578TW5+LLrA325bJSUlEj7dm1llv2V+RU785mn9JNzzzwhcJLLBw2RJ595MdBXiI2EwFVz05LQwDXV7FZ99PjANZqyutmr1amRdh06FKIT94wAAggggAACCCCAAAIIIIAAAgg0SIHGELhu/a/N5coB58gG668jH33yhQy6/jb59bfJefs8ysrK5LqrLpL999ldFi1eLKPHPib3jRlnrzfwojPlyMN6ynITuI574lm59d/3ZX0fGmAOvvwC6dVzb1myZKmMeegJGTnq4bTOV9+B63577yoXnXuqdO/eVd5+90O58pqhMnOW1irNbmk0gavyaGyaXeDqx9WUlcDVL8I2AggggAACCCCAAAIIIIAAAgggkA+BxhC4jn9kpGz6j408vmeef0UGXHmj1871hs4YVld3qa6pkT327yNdu3SSx8aOcLvtulfvE+X7iT8H+tJt7LzjNjJqxBBveK35bfE9Dzxa/pjyl9eXbKM+A9fS0lJ597UnpVNFR+927rx7jNw58gGvnelGIw9cnSmqWk5Aw1gNUvX/nO0wSndKq7t2xugxeiwzXMPM6EMAAQQQQAABBBBAAAEEEEAAAQSyEyj2wLV1q3L55L0JorNB3WXa3zNk570Pd5s5X18/6BI54pADAue95IobZJVuXRN+Df6mW++S+x98PDA23calF54hJxx3ZGD45YOHypNPTwj0hTXqM3DVmcUvPHl/4DY+/fxrObr/2YG+TBqNLnDVbLVtt01NQhorE+AErk6ISuCaydeHsQgggAACCCCAAAIIIIAAAggggED+BIo9cFW5kf++UXbfZXsPUX+9f+jtI712rje23WoLeXDU7d5p9df9d9zzUOnQoZ289vwj5h1IzlREreO6235HigbA2SybbLS+PPNYrCSB1nHdaa/DZd68+XWerj4DV72ZCU89IOuvu5Z3X1dde6s8Nv55r53pBoGrEUsvcPXPavVvO/NimeGa6VeP8QgggAACCCCAAAIIIIAAAggggEBqgcYQuHbv1kVOPv4o2WG7f8mEV/4jYx9+UubNX5AaZgX36gzXo3r3MnVKZ5sZrE/IRx9/bs+4z567yPHHHmFecFUpDzw8Xt5694MVutJBB+wlxx19mMydO1/GPPyEvP/hp2mdr74DVw1bT+p/tPxj4/Vl/DMvySOPPyPLllWmda9hgxpx4BrjcANXpzSA059YVsAfsvq3RWpsZKsvzYrVeoidnS0EEEAAAQQQQAABBBBAAAEEEEAAgWwEGkPgmo1LsR9T34Frrj2LO3CdbbhKYiVZbYjqlRRwKKPRabTAgNtyCg4EsU0ca3Y7QWx84Fpj+rWGK4Fr0IwWAggggAACCCCAAAIIIIAAAgggkL0AgWv2doV8JIFrw/305s6eZW5OA9fodNXsA1cnYE0VuGpJgfYErg3328CdIYAAAggggAACCCCAAAIIIIBAwQkQuOb3I9OXddXU1AQu0qF9O/tSrUhJRL7+9nv54KPPAvvro0HgWh/K2V0jeeDa1bw0KxrCunNatZm8pEAscNVb0dmsdrGrWltSgMDVIeEnAggggAACCCCAAAIIIIAAAgggkCuBbAPXww/eX0qblHq3ofU4n33hVa8dtrHqKt1kv713ldVXXUW6d+8iq3TrKqWlpfLTL7/JTz+bP2atAeTkP/4KOzzjvjVWX0U22WgD2WiDdcyf9WSV7l3lr2l/y6Tf/5Bv/+9HeeGlN2T58uUZnzfVAeuts5YcsO/ustGG68rGG64vnTt1lNlz5pprTpE3337fXvuqgedJ1y6d7GkeMPVkbxg6PNUpE/a1aNFcemyyoWy4vvNcG5rn01BXrzFp8hR5+dW35OdfJyUc5+/INnDVsHivPXbyn0omTfpD/vfpl4G++MY/t+ghO22/tfncu5rPvYtoXd35CxY6n7v57H80fz7/6tu0Xvil5y7ukgLuDFd9UpOoejNco4GrG7bqbg1M/Us0j412OeUE3P0Erq4EawQQQAABBBBAAAEEEEAAAQQQQCB/AtkGrl999Kpo8Ocuc+bOk212OchteusmTZrI3nvsLL0PPVC222ZLiUSCiZA3MLqhweGDjz4lw4aPkiVLlsbvTqtdVlYmAy443b5MKtUBGuzePmKUTHj5zVTD0tqnM1lPOr6PnHvGCaLXT3fJNHDdrMfGcvvQQTa0THaNamP4zPOvyB0jRsvf02eGDss2cNWg96lH7wmcU4P2S664IdCnjfbt2sqhvfazs3nXXmv1hP3xHfPmzZcbb71Lnn7u5fhdCe3iD1y1oID+u2L+2H9ltIZrIHDVoFX3pB+46lh7LnsIM1wTvlV0IIAAAggggAACCCCAAAIIIIAAAjkQyGfguubqq4qe/x+bbJDxnf459W8ZdP1t8s57H2V07Gqrdpc7hgzK6JrXD7lTxj4yPqPr+Ae3ad1K7h1+s2y5+T/83WltZxK49u/bWy4+71TREDudZcqfU+XgI0+yM0njx+c7cN1j1x3kxsGXSrt2beIvXWf7w/99Jldee0vKmc6NL3A16WpmgasTxGr91tjiNCJm5catukUN15gQWwgggAACCCCAAAIIIIAAAggggMCKCmQbuH754SvSsmUL7/LxM1wPMzMb9Vfn/bNgvcEZbOjMybpKFbin01/Tn/DUA6IBaCZLVVWV9Ol3lnzz3Q+ZHOaNvf7qi+UIM4M3myXdwPXSC8+QE447MuNLvP6f9+TM869IOC5fgWvzZs3k0ovOlKN790q4ZiYdixYtlp5HnCAaGoctjTZwrbVTVJVEw9NUM1ydcDUscBXtNH+ccxG4hn3B6EMAAQQQQAABBBBAAAEEEEAAAQSyFcg2cP3ig5elvLyld1l/4JoqHPz2u4ny1nsfyp9/TbMzL7We55prrCb777Ob/RV074TRjYWLFsmBh/WXv8yM17qWW2+8Unruv2dgmJYo0JIBn37+tb3mLjtta661u1R0bB8Y9+NPv8qBh/cP9KXT2HarLeTBUbcnDNX7feTxZ0yIO9FmWxtvtL7ssuM2pqzCPwNj0wlc1117TXlh/P223q3/4N8mTZZXXn9HvvjqO+nSpUL233u3hPPr+LMuuFJee/Nd/6GSj8BVA/iHjIWWHYhfKiurTJ3XL7yarcsqK0Xr3a637lqy8w7bSNOmiWUYPvnsK+l70nkJLx3TczeewNU8bLQMh53h6oakFtjNXG3D+eHlsRrIOv/49uoBZiFwdRz4iQACCCCAAAIIIIAAAggggAACCORBINeBq87C1MA1fnn3v/+Tm0x9zmQvc9Kw7rijD5PzzjxRtB6qf9EXMh1ngrfa4Gw9/xDZYrNN5PEH7wr06fjLrr5ZnoqrCbrWmqvLs4/dF5h9q2P/ucMBogFvuouGhC89/aCsvlr3wCHvvv+xXHjpNTJv/oJA/1677yQjhl0X6EsncB1991D7win/gf/3w0/S7+TzE65x/aBLbM1U/9j7H3zc2vv7ch24XjZoiNxz540J91ldXS3jn3lJ7rrvQZk6bbr/Frxtre96w6ABoSUZ9Duj9x+/ELiqSLaBq/lfIdzD9STtO3a0bX4ggAACCCCAAAIIIIAAAggggAACCKy4QLaB6+cfvCStysu9G9AZrtfedIfoLFP/i7GWLauUywbdLC+89IY3NtVGssD2+FMvkA8++izpofqSrBP79Qnsf3z8C7YWaKAz2hhy/eVy8IF7B3Ydc8I5orMq010233RjeeKhuwPD9cVPe/Y8RnQdv2QTuGoQreUb4pcd9zxMps+YGd8tWsP2zRfHBfo/+uQLG1j7O3MauE54zU6aPLjnPv5L2HD9tHMGpqzF6h6gIfutN14hB+y7h9tl10uWLpUtt9tP9EVg/qWYA9c5s2eZWgHuS7PMU+d2hqtJaWucma7uTwJX/1eLbQQQQAABBBBAAAEEEEAAAQQQQGDFBLINXD97/yVp3SoWuC5fvtzeiP+FTho6nnTmAPnqm//L6Cb/fctg2XevXQPHDBk2UkY9EAwS/QPuHX6T7LrTdv4uOX/ANfLiK28G+tzGKSccLRede6rbtGt9SdejTzwX6EvV6H3YgXLdVRcHhgy9faTcNyb8PrMJXPWFY08/em/gGlpKYJ9efQN9bkPD7q/+96poLVV3mTV7jmy328Fu065zGbguWbI0MFtYL6AlGo4zM3Bnz5kbuG6qRts2reXFpx+Qzp0qAsP2P6RfwszoxhW4KocJYNt03bTWlm21U1tNX9IZrk6UqvujW1FQbZk/BK5RD1YIIIAAAggggAACCCCAAAIIIICATnaLSLeunS2F/sq6vlxoRZZcBa7x96AzE48/5QJbXzR+X13t/fbeVe4YOjgwTGfIXjjw2kCfv/HGhHEJv9q/896Hy7S/Z/iHedvHH3uEXHbxWV5bN24YOlz0V/zTXa689Bzpe9RhgeGpZslmE7j2OmBvGXrD5YFrPPnMi3K5+RX+ZEt8GL5g4SJTLmH/wPBcBq6BE5vG9xN/ln6nnC9z5ybO8o0fG98eaF641b9v70C3fu7xM6QJXN0kNVa01aI5zehOs3KHOaLaMn8IXANfMBoIIIAAAggggAACCCCAAAIIINB4BfQlVUOvu0z2NLVAdbnu5n/Lg48+tUIg2Qaun/73RWnTulXotbVu5xnnXSFvvftB6P66OjVQfufVYPCptV91pmOy5f03n5FOFR283RpGb7XTgV47fiMXgeuD9w2TbbfeMnDqHfY4RGbMnB3ocxvZBK59Dj9IrrnyQvcUdl3X574yA9fvvv/RBu3x9WsDD5CicchB+8rN1w4MjNCZzTrD2b804sA1GqFGV86M1xiNF7jGDXNGmM5aU5shsI8arjE9thBAAAEEEEAAAQQQQAABBBBAoDEJaG1OfSmRvrHeXeoK3txxqdbZBq6fvDdB9FfAw5bLBw+VJ5+eELYr7b6vP34t8GvxWiN2m10OSnr8o2PuFJ216V90VqfO7gxbchG4Dr/tWtl7j50Dp999/z4y5c+pgT63kU3gqoGuBrv+pa4Xba2swFWD9p6Hn5Dw6//+e69re5t/bS4Pjb4jMOzZF16VS664IdBX7IGrlhAoccNUG6J6JQUCaamOCyzpBq7Rs5hjCVwDgDQQQAABBBBAAAEEEEAAAQQQQKDRCIS9TKohBq760in9tfoVXbQOaYvmzb3T1BW43jB4gBx+cPDX5o/uf7Z8+vnX3jn8G7kIXM8+7Xg5+/T+/tNK/9MulPc//DTQ5zayCVzDZvt+9PHntj6qe9749coKXB8e97RcY16ctiLL1iZwfZjA1RD6XpuVWeAaDGRjwap+LDq71fQ4/9jPqdY0OnTsaLf5gQACCCCAAAIIIIAAAggggAACCDQmgQYXuL77grRt2ybhI+jd93T58uvMXpKVcBLTkWnguv/eu8ntQwcFTvXBR5/ZALRWM6a4JReBq85u1Vmu/mXsI+Pl+iF3+ru87WwCV63Zqy+S8s9srqmpsYHrx59+6Z3bv7EyAlctIbBXz6Ozqtvqv3cCV5HZs2d5cWs0a7VE0ZdmRb/M7nfamdLqGUaC9QLcltmvKasepGv7jz2GwNWjYwMBBBBAAAEEEEAAAQQQQAABBBqZQEMLXD9+5wVp1y4YuL7+n/fkzPOvyMknEx+46tvut921V9JzazD53OOjZMMN1g2MGTZ8lNx930OBPm3kInBdY/VV5PUXHg2cu6qqSvbp1Te0rEA2gauePCzY/XPq39LnuDPk7+kzA9fXRraB6/Mvvi4XXXZdwvn8HT022VCeevQef5fdzvSFYwkniHZQUsAfuDrzXN2qAQSuyb419COAAAIIIIAAAggggAACCCCAAAJZCNRn4HryWQPk2+9+kEikRLQuZ9jy2vMPB2a46ixSLSXwy6+/hw3PqG/THhvJfcNvDhyjweLBR56Y8p523Xm7hBcu6Um0rID+uvvPv/0uM2bMkmbNmsrgKy6Q3XbePnCNa82vwz9kxqW7aMg7Vl+ctdUWgUOmTpsu51x0tXz1TWymb5MmTeSYIw+Wyy85OzD2+4k/25B66dJlSa31Og+Nvl3WW2etwLGLFy+R0WMfEy3jMGnyFFm2rFI22Wh9uX/kLYFx8+bNl6127hno22KzTeTxB+8K9Gnt2dPOvcx56VfIrGAdvPFG68mYkbcGjvvLhL9HHHu6LF++PNCfaaO0tEROOv4o0e+6fxn/7Ety2dXB70Mx13CNzXBNFrjqRFV3YYarK8EaAQQQQAABBBBAAAEEEEAAAQQQyEigPgPXjG6siAafdMbF8u77H2f0RN27dZEJT42RVuXlgeP01/5/nTRZfvzpV+nWtYtsvOF6NugNDPI1fpv0h6y15mq+ntxtavCrgah/ad2qXD7974smwI4L7MwgDYE3ipsp7D+2vreH3j5S7hszLnBZAleXI+7zo6SAC8MaAQQQQAABBBBAAAEEEEAAAQQQSC1A4JraZ0X3zpg5W/Y+6BhZtGhxxqc6tNd+ctM1l2Z8nP+AfAauQ4aNlFEPBANLvfZD5uVU+iv88UtDCly1REOv3ifJz79OCtwmgavLERa4+mbAxja1cKu2TNXWWKe2eGmWa8kaAQQQQAABBBBAAAEEEEAAAQQalUBY4HrjLSNkzENPrJCDvmhKXzjVkJf/fviJ6IzMzXpsnJfbrKyskvMHDBatQZvtctG5p8qJ/Y6U0tLSlKd4572PZHPz6/xt27QOjMtX4PrZF9/YF2xpcBm/6OzcZx67T9q3axvY1VACVy1TcdOtd4V+xxtL4GqLCkQzVVPDtUetLejqC0zdAq/OJ+js1pdiuUts02zFBa7OvhoTuFa4w1kjgAACCCCAAAIIIIAAAggggAACjUbgkIP2TahPOvaR8XL9kDtXyEBfgKQvQmpoi9YD/WHiL/Lm2+/LyFEPSceOHeS5J0ZJxw7tc3arc+bOk2++/UFuv2u0qVk7cYXPu/66a8kVA86Rrc2s0ZKSksD5Jv74i1w/dLh89PHn0rVLJ7nw3FPkX1tuJquY0FOXXAau1aacwc8//2btht8zNmVt1U4VHeXi80+zdWj1vnRZ2YGr1qb9vx9+knvvf1Tefu9De0/xP+IDVw2yL7j0GlmwcFH80IJrz56tL0IrMf+nS8SUfbAbQuDqOPATAQQQQAABBBBAAAEEEEAAAQQQyInAPzbZQJ5+9N7Aud797//kpDMvCfRl2vjig5elvLyld5jOKtx6l4NEX7TEkp1A82bNZJ211xCtyTrTlCqYaOq4arjLkjsBf+B6z+iHZdjw0aJ1c4thCQauJnKNJq4ZB652QqtNa3V2q9Loj1hJAS0noLNeO1Qww7UYvjg8AwIIIIAAAggggAACCCCAAAIIZCbQonlz+fKjV7zwRY/+Y8pfsscBR2V2It/oLp0r5L3Xn/L1iPxoZkYeeNjxgT4aCCBQfwKzZ5oZriURM8PVmdpK4Fp/9lwJAQQQQAABBBBAAAEEEEAAAQQamcCbL46T1VbtHnjqSy6/Xp6d8FqgL93GNVdeKH0OPygw/JHHn5XBNwwL9NFAAIH6EyBwrT9rroQAAggggAACCCCAAAIIIIAAAo1c4OqB58kxfQ4JKMxfsFB6Ht5fpk6bHuivq7Hn7jvJXcOuSxh23sWD5KXX3kropwOBhiagdXJX6d5VtObrrNlzGtrtZX0/eQpcTfkAnTFrSgjYUgO6SUmBrD8kDkQAAQQQQAABBBBAAAEEEEAAgeIQaFVeLi89M9a+dMn/RPqioCefniAPPvqU/DX1b/+uhO0N1l9Hjj3yEDnowL1EyxT4l6+//V6OOv5sCXujvX8c2wisbIEjDj1QBlxwurRp3creyi+//i77HXLcyr6tnFx/xQJXLdMaXYI1XAlcXRfWCCCAAAIIIIAAAggggAACCCCAgF9g1522k3uH3+Tv8rb17fRa13XGjFkyY+YsmW7WpaUlUtGxo/nTXjp3qpA1Vl/FG+/f0Jdk9TrypDoDW/8xbCOwMgR23nEbGTViSODSM2fNke13PzjQV6iNvAau+lY8ndiqs12dbV6aVahfFO4bAQQQQAABBBBAAAEEEEAAAQRyJzDwojOlf9/eOTuh5i6nnj1Q3n7vw5ydkxMhkC+B+4bfLLvstK09/RXXDJW33vlQOpr/QeGHiT/n65L1et74wNW8Kc8WA4i06drDN381ek/Oi7WijVqJ+EbENnXLaRG41utnycUQQAABBBBAAAEEEEAAAQQQQKCABLb51+Zy9eXny7prr7lCd/3p51/L0NtHyhdffbdC5+FgBOpL4OVnHpR11l5DvjcBa6/eJ9bXZevtOnkLXCMmdK2JpbDMcK23j5QLIYAAAggggAACCCCAAAIIIIBAoQg0adLEzHQ9Qo4xNVm7de1sJsIFZrulfIyJP/4iw4aPkv+880HKcexEoKEJ3HTNpXJor/2kmOq2+o2zDFydJDXVDNeEwNXUINGlQ0WF//psI4AAAggggAACCCCAAAIIIIAAAggYAX0B1pprrCprrbm6rL3matKmTeuAyyxT43LS5Cny+x9/yu9mvWTJ0sB+GggUgkCnig6y9567yNUDz7O3+/C4p+Wxp16QhebFcbpo3eLly5fb7UL9YQNXU0SgpCT6P6CkV1IgdeCqYauWFbARqx1aK7XR6a4EroX6VeG+EUAAAQQQQAABBBBAAAEEEEAAAQQQWDGB554YLRttsG7SkxxkSgwUei3XWOCqj2lCV/uPqeOauoYrgWvSbwU7EEAAAQQQQAABBBBAAAEEEEAAAQQQQCBUIFXg+ubb78sZ513ulCYNPbowOnMeuEacea3m6eNnuCpILSUFCuN7wV0igAACCCCAAAIIIIAAAggggAACCCCQc4FmzZpKSaQk9LzLKiulJlqWNHRAgXRmHbjaCgTORFdbQMB53lozQzbaaTpqdNs2taSAjiBwdZz4iQACCCCAAAIIIIAAAggggAACCCCAAALFKJDTwNWt3epCEbi6EqwRQAABBBBAAAEEEEAAAQQQQAABBBBAoDEI5Clw1fmvWlIgOsO11sxwjc505aVZjeFrxTMigAACCCCAAAIIIIAAAggggAACCCDQOAXcwFUrJ5hXZaV4aZatIeAgeWUDbIjqVA1wdmuH/iFwbZxfJ54aAQQQQAABBBBAAAEEEEAAAQQQQACBxi2Qk8A1RkjgGrNgCwEEEEAAAQQQQAABBBBAAAEEEEAAAQQamwCBa2P7xHleBBBAAAEEEEAAAQQQQAABBBBAAAEEEMibQB4CV/deqeHqSrBGAAEEEEAAAQQQQAABBBBAAAEEEEAAgcYhQODaOD5nnhIBBBBAAAEEEEAAAQQQQAABBBBAAAEE6kEg48A19nIsc3fRl2bF7tPfwQzXmAtbCCCAAAIIIIAAAggggAACCCCAAAIIINAYBAhcG8OnzDMigAACCCCAAAIIIIAAAggggAACCCCAQL0IELjWCzMXQQABBBBAAAEEEEAAAQQQQAABBBBAAIHGIJBR4OqUE1CWaOkAfwUBq+XvoKRAY/gC8YwIIIAAAggggAACCCCAAAIIIIAAAgggEBPIPnD1Z6ve+fydBK4eCxsIIIAAAggggAACCCCAAAIIIIAAAggg0CgEkgaubbv2qPXHp3Z2qzfF1ezx7/So/J0Erh4LGwgggAACCCCAAAIIIIAAAggggAACCCDQKATSCly9nNXbIHBtFN8OHhIBBBBAAAEEEEAAAQQQQAABBBBAAAEEMhIgcM2Ii8EIIIAAAggggAACCCCAAAIIIIAAAggggEBygbwHrhGdDGuKEzj1CWqlQ0VF8rthDwIIIIAAAggggAACCCCAAAIIIIAAAgggUMACeQ1cTcxqa70SuBbwN4RbRwABBBBAAAEEEEAAAQQQQAABBBBAAIG0BfIWuNbW1ohozVffDNeIabRnhmvaHw4DEUAAAQQQQAABBBBAAAEEEEAAAQQQQKCwBMICVw1KI2279nCqAJjn8d6V5W3U/dKs+MBVg1dNXwlcC+sLwt0igAACCCCAAAIIIIAAAggggAACCCCAQPoC9RK4agFXt4YrgWv6Hw4jEUAAAQQQQAABBBBAAAEEEEAAAQQQQKCwBAhcC+vz4m4RQAABBBBAAAEEEEAAAQQQQAABBBBAoAELpB+4euUE9GkyKynADNcG/A3g1hBAAAEEEEAAAQQQQAABBBBAAAEEEEAgZwJpBa56tQiBa87QORECCCCAAAIIIIAAAggggAACCCCAAAIIFKdA0sC1jXlplv+RMw5cpcY5PPqyrFrb5KVZflO2EUAAAQQQQAABBBBAAAEEEEAAAQQQQKC4BJIHrt1M4OpGrmZ2a2CCazolBQhci+ubwtMggAACCCCAAAIIIIAAAggggAACCCCAQJ0CBK51EjEAAQQQQAABBBBAAAEEEEAAAQQQQAABBBBITyDtwFVPF5vlmsZLs8JmuEZMSYGOFendGaMQQAABBBBAAAEEEEAAAQQQQAABBBBAAIECE6g7cI2lrASuBfbhcrsIIIAAAggggAACCCCAAAIIIIAAAgggUL8CBK71683VEEAAAQQQQAABBBBAAAEEEEAAAQQQQKCIBVIHrnEPHpvsmllJAfv2LfsCLkoKxJHSRAABBBBAAAEEEEAAAQQQQAABBBBAAIEiEiBwLaIPk0dBAAEEEEAAAQQQQAABBBBAAAEEEEAAgZUrQOC6cv25OgIIIIAAAggggAACCCCAAAIIIIAAAggUkUD9Ba41Ri1CSYEi+u7wKAgggAACCCCAAAIIIIAAAggggAACCCAQJ0DgGgdCEwEEEEAAAQQQQAABBBBAAAEEEEAAAQQQyFaAwDVbOY5DAAEEEEAAAQQQQAABBBBAAAEEEEAAAQTiBAhc40BoIoAAAggggAACCCCAAAIIIIAAAggggAAC2QrkMXCtNfdk/th/zA9quGb7GXEcAggggAACCCCAAAIIIIAAAggggAACCBSIAIFrgXxQ3CYCCCCAAAIIIIAAAggggAACCCCAAAIINHyBPAauOqXVLMxwdRz4iQACCCCAAAIIIIAAAggggAACCCCAAAJFL0DgWvQfMQ+IAAIIIIAAAggggAACCCCAAAIIIIAAAvUlQOBaX9JcBwEEEEAAAQQQQAABBBBAAAEEEEAAgUYmUFZWJmVlTexT19bUypKlSz2B0pISada8mddesmSp1NaaX5cv8IXAtcA/QG4fAQQQQAABBBBAAAEEEEAAAQQQQACBhiow4ILT5cR+fezt/TZpsuzTq693q3vtvpOMGHad195hj0NlxsxZXrtQNwhcC/WT474RQAABBBBAAAEEEEAAAQQQQAABBBAwAttv+0+59sqLZM7ceXLRZdfLpN//aDAuBK4REfOP/oi06dYjYf6u3Wc/LvsmrJAPLnZIrfDSrBAguhBAAAEEEEAAAQQQQAABBBBAAAEEEMipwLgHhss/t+hhz/nwuKflmpvuyOn5V+RkBK4Erivy/eFYBBBAAAEEEEAAAQQQQAABBBBAAAEE6l3gmisvlD6HH2Sve/V1t8m4J5+r93tIdkEC1/jAVSesxqa1+jazmOFqJ7/WSvuOFcn86UcAAQQQQAABBBBAAAEEEEAAAQQQQACBDAVatGguBx2wl8yZM0/efOu/Ul0T/c3zDM+Tj+EErgSu+fhecU4EEEAAAQQQQAABBBBAAAEEEEAAAQQapQCBa1jgql+F6CzX2GRXZrg2yn9DeGgEEEAAAQQQQAABBBBAAAEEEEAAgQYnEIlEZLVVu0llZZVM+3tGzu+vvLyldO/aRcxl5Lffp0hVVVXa1yBwTRG4xsJW9SRwTftbxUAEEEAAAQQQQAABBBBAAAEEEEAAAQTyILDWmqvLlZeeI1tsuoloKKrLvHnz5Z3//k9uvGWEzJo9J+lVzz69vxzWaz+7f/KUv+S4k84LjF17rdWl96EHSs/995ROFR29fdXV1SZ0/UNeef0dGTnqIRvyejtDNghcCVxDvhZ0IYAAAggggAACCCCAAAIIIIAAAggg0LAENCy9+vLzpXmzZqE3NnfufDnn4qvlo48/D91/xYBz5LijD7P7fps0Wfbp1ddu6/kGXnymHHVEr9Dj/J2TTPB62aAh8unnX/u7A9sErv7AtWsP+5orV0inDMcWZrjGLNhCAAEEEEAAAQQQQAABBBBAAAEEEEAgO4GWLVvIdVddLJv12EhuHzFaXnjpjTpPtN46a8mzj98nZWVlduySpUvl8y++lebNm8kWm20iJSUltn/6jJmy/yH9ZP6ChQnnvPySs6XfMYfbfjdwXXP1VeXuO26QddZeIzBeZ81+/+Mv0qF9O1lrjVW96+qgJUuWSq/eJ8qkyVMCx7gNAldf4NrWBK7+xJXA1f2asEYAAQQQQAABBBBAAAEEEEAAAQQQQCA3AhOeekDWX3cte7Krr7tNxj35XJ0nfuT+f8tW/9zMjtOZrEf3P1t+/nWSbe++y/Y2NNW6rro8PO5pueamO+y2/0d84HrsiefJEw/dJat072qH1ZpkcMxDT8hjTz4fCFMrOraXs07rL0f3js2A/fLr/5Oj+p0p1TU1/kvYbQLXJIGr/XiczyiKxgzXhG8PHQgggAACCCCAAAIIIIAAAggggAACCGQgoDNRf/jiLe+IdALXZs2aypcfvSql0Vms4599SS67+mbvHLpx641X2tqruv3jz7/JgYcdr5uB5bKLz5Ljjz3C9k2dNl3mmlmsG22wrtcecMUN8tEnXwSO8TeuH3SJHHHIAV7XUcefJZ998Y3XdjcIXJMErgoUDF2zCFw14I7USvuOFa43awQQQAABBBBAAAEEEEAAAQQQQAABBBqtQDaB68YbrmfKCYzyzM656GrzAqu3vbZu9D7sQFumQLeXL18um227r1RVVWnTWwZedKb079vba7sbU/6cKkced4bMmDnb7Qpdt23bRj559wVvn86i1dm08QuBqy9wbZPrGq4ErvHfN9oIIIAAAggggAACCCCAAAIIIIAAAo1YIJvAdcvNe8hjY4d7ajp7VWex+pee++9pZ7m6fZtvt68sXrzEbdp1WOA6e85c6XPcmYESAoGD4hqvPf+wrLnGarb38fEvyJXX3hI3QoTANUXgqlNc7SxXy5b5DNdaE7hGxMxwrWCGa8I3jw4EEEAAAQQQQAABBBBAAAEEEEAAgUYnoHVWJ375tvfc6ZQU6NihvXz41rPeMdcPuVPGPjLea+vGkOsuk4N77mP7ZsycJTvscWhgvzbCAtf+p10o73/4acLYZB2PjR0hW27+D7v7+Rdfl4suuy5hKIGrG6pGJBI/wzXTwLVGapyA1maztULgmvB9owMBBBBAAAEEEEAAAQQQQAABBBBAoJELfPCfZ0VfRKVLWD3WMJ6Xn3lQ1ll7Dbvrg48+k+NPvcAbprVdPzCBbPt2bW3fhJfflAsuvcbb725ceuEZcsJxR7pNG7Rq4JrJQuAarjV75kyzwwSsJfZndBZrksBVT+HMcq17hqsGrna8L3AVM8O1AzNcrQs/EEAAAQQQQAABBBBAAAEEEEAAAQQQGH33UNlp+60txJIlS2WgeQHWq6Yma3WNk62FCcWXDLjz7jEyauxj0rJFC7ly4Lmy/9672cNqa2ul5+H9E0oO6E7/zFMdd+hRp8h33/8YdrnQvvLyljJh/BhZpXtXu//ZF16VS8yLtuKXGwYPkMMP3t92//rbZNn34L7ekL1230lGDIvNitWZuDojt9CXvAeuJmM1izPDlcC10L8u3D8CCCCAAAIIIIAAAggggAACCCCAQC4Ftt/2nzJm5K2i5QXcRWupLliwyG0mrEtKIrLaqt0D/cuWVUpZWRPRurDuUl1dLVP+nGZDzE4VHd1uu27fvq20ad3KbrvjAgPqaLRq1VK0vIG7LFy0SL765ntZtXs3t0uaNCn1AlntfOb5V2TAlTd6+wlco595pjNcbeBqUnLzj1mY4ep9o9hAAAEEEEAAAQQQQAABBBBAAAEEEEDACJxzxgly1qn98mbxy6+/eyUI8nERDWx1mfjTr7LxhuslvcSxJ54rH3/6pbefwDUWspuyArZOgIcT27Cpqm3WOEVbNWM1fwhcY0ZsIYAAAggggAACCCCAAAIIIIAAAgggEBTYecdt5ERTU3WjDdaTdu3aBHemaGnYOX/BQlsOQEsKrLvOmtLK/Lq/f6ZrvgJXvfb3E3+WIbfdLeuuu5YtHRAWuP4++U8ZbUoePDb++cCT+APXTz//WrSGrM7ULfQl45IC+sCpA1dNWCNC4FroXw3uHwEEEEAAAQQQQAABBBBAAAEEEEAAgfwJbL7pxnL6yX3l519+l2HDR8ny5cvzd7F6PDOBaz1icykEEEAAAQQQQAABBBBAAAEEEEAAAQQQKG4BAtfi/nx5OgQQQAABBBBAAAEEEEDYbydJAAA3UklEQVQAAQQQQAABBBCoR4H0A1e9Ka+Oa61EYuVabZlW72Va0RYlBerxU+RSCCCAAAIIIIAAAggggAACCCCAAAIIINAgBHIWuOrT2NquNnAVU8PVJLKawvLSrAbxQXMTCCCAAAIIIIAAAggggAACCCCAAAIIIJB/gZwGrpquOqErgWv+PzqugAACCCCAAAIIIIAAAggggAACCCCAAAINTSDrwFVqzATWaIkBnczqlBsgcG1oHzD3gwACCCCAAAIIIIAAAggggAACCCCAAAL1J5DzwNWZ5Ro2w9Up+tqhoqL+no4rIYAAAggggAACCCCAAAIIIIAAAggggAAC9SiQWeCqN2ZntZrwNMkMVzHTXXXma2INVwLXevxcuRQCCCCAAAIIIIAAAggggAACCCCAAAIIrASBHAeuJoU1uWrywLVWOlR0WgmPySURQAABBBBAAAEEEEAAAQQQQAABBBBAAIH8C+QlcNVZsLW2sGv0Acy20yZwzf9HyhUQQAABBBBAAAEEEEAAAQQQQAABBBBAYGUJ5D9wtZUECFxX1gfMdRFAAAEEEEAAAQQQQAABBBBAAAEEEECg/gS8wNVMSo1oKQDzj/6ItOnawym6Gn8vdoDZFajhGq0joJ3Ro0zE6hxpVzVa2tUszHCN56SNAAIIIIAAAggggAACCCCAAAIIIIAAAsUj4A9cbe3VOgNXffaISU/jA1e338tZvQ2zh8BVeVgQQAABBBBAAAEEEEAAAQQQQAABBBBAoLgFViBwrXWmxBofr16rBrFezuptmBEErsX9NeLpEEAAAQQQQAABBBBAAAEEEEAAAQQQQEAFwgNXM4c1aUkBPcrOcNXA1TYIXJWBBQEEEEAAAQQQQAABBBBAAAEEEEAAAQQavUCGgavOWjUpqxu4Kp9pOvVZdZsZrkrCggACCCCAAAIIIIAAAggggAACCCCAAAKNUyCLwNVA6czWGqdkgM5y9QJXt56A2c1LsxrnF4qnRgABBBBAAAEEEEAAAQQQQAABBBBAoDELZBm4mrDVvDTLLhq+Otmrf4PA1dHhJwIIIIAAAggggAACCCCAAAIIIIAAAgg0IoFA4GqrBTgPn6SGq5usmrW7GcCKdTLDNQATaJSWlkpZ06ZSVlYmpfrHtEtKSryXkAUG00AAAQQQQAABBBBAAAEEEEAAAQQQQKCBCdSaX3mvqamR6upqqa6qkir9U1lp2w3sVuv9dghc64lcA9XmLVpIM/NHg1YWBBBAAAEEEEAAAQQQQAABBBBAAAEEik1Ag9dlS5bIUvNHA9nGuBC45vlT19mrLcvLpYX5w4IAAggggAACCCCAAAIIIIAAAggggEBjEViyaJEsNn90FmxjWmbPnGEeNxL9bXZTj1VLsmpPm649onUDoj222y0ZEN1l+/w/3P28NEtVylu1kvLWrf1AbCOAAAIIIIAAAggggAACCCCAAAIIINCoBBYtWCCLFi5sNM/sD1xN7JrrwFWDWQ1sa8SUdTBLrXSo6FT0uE1MyYDWbdtSOqDoP2keEAEEEEAAAQQQQAABBBBAAAEEEEAgHQEtNbBg3jxZbtbFvqQRuCqBO8vVncGqQWoYTazTeWmWO8607K7iD1y1Tmubdu3CcOhDAAEEEEAAAQQQQAABBBBAAAEEEECgUQvMnzvX1nctZoQ0A1cl0NDVDVTdIDWext2vI3XbHdc4Alet1dqqTZt4FNoIIIAAAggggAACCCCAAAIIIIAAAgggEBVYOH++re1arCCxwFWfsMSby+qr4eo+eqaBa/QtZDaDLf7AlbDV/Z6wRgABBBBAAAEEEEAAAQQQQAABBBBAILVAMYeuKQLXf8Smqyb4uDNX43fEDqk1dVvt0ggCV8oIxH8PaCOAAAIIIIAAAggggAACCCCAAAIIIJBaoFjLCxC4pv7c69yrL8jqUFFR5zgGIIAAAggggAACCCCAAAIIIIAAAggggEBQYPbMmUX3Iq08BK46pTViqrc2jhmu7U3YWmZCVxYEEEAAAQQQQAABBBBAAAEEEEAAAQQQyEygqqpK5pjQtZiWPAWu7kuzDJVbUsDmr7XSoVOnovErb9VKylu3Lprn4UEQQAABBBBAAAEEEEAAAQQQQAABBBCob4FFCxbIooUL6/uyebsegWuWtKWlpdKxc+csj+YwBBBAAAEEEEAAAQQQQAABBBBAAAEEEHAFZk2fLtXV1W6zoNfBwDWixQDMEpFIm67ZvjTLeXFWrU5tdTbNCU2ryGa4tm7TRlqUlxf0h8/NI4AAAggggAACCCCAAAIIIIAAAggg0BAElixaJAvmz28It7LC95DjwDVat9Xclhe4uiUFoutiKClQUlIiFV26rDA+J0AAAQQQQAABBBBAAAEEEEAAAQQQQAABR2Dm339LTU0sXyxUl3oMXJ3prsUQuLY0M1tbmRmuLAgggAACCCCAAAIIIIAAAggggAACCCCQG4GFZobrYjPTtdCXeg5c9aVZhV/3tH1FhZSVlRX6Z8/9I4AAAggggAACCCCAAAIIIIAAAggg0GAEqqqqZM7MmQ3mfrK9kfDA1VRxza6Ga2zKb21ttICrXdWI0yz8wJWXZWX7VeM4BBBAAAEEEEAAAQQQQAABBBBAAAEEUgsUw8uzCFxTf8YJe5u3aCFt2rVL6KcDAQQQQAABBBBAAAEEEEAAAQQQQAABBFZMYP7cubJ0yZIVO8lKPnr2jBnmDiISKdEbidh/7FabLv+o1Xb4YqatRiewBvbXRme4muOKdYZra1O7tYWp4cqCAAIIIIAAAggggAACCCCAAAIIIIAAArkVWGJquC4wtVwLeUkduOqT+UNXDVltOz5wje5wA1czrNZNZG0wWzwlBdp17ChNmzZVGRYEEEAAAQQQQAABBBBAAAEEEEAAAQQQyKFAZWWlzJ01K4dnrP9TzZ4x3VxUZ7hqkGr+RPPViJ3h6t5PtNPNUCWigWs0ZLVjbKoa7XMOKtbAtWPnzqJ1XFkQQAABBBBAAAEEEEAAAQQQQAABBBBAILcC1dXVonVcC3lJL3DVJ9TQ1QtZNWCNhqy6z9v0NkxXdNuuimeGa6euXSUScRNofXgWBBBAAAEEEEAAAQQQQAABBBBAAAEEEMiFgJYpnTFtWi5OtdLO4QWuNkI0hVx1bf5EZ7i6AaobMLpts9bN+G43ZDW7nMA1Ok5b9tBa6dCp80p72FxcuHO3brk4DedAAAEEEEAAAQQQQAABBBBAAAEEEEAAgRCB6VOnhvQWTleagas+kKarNjV11u6mv9vbT+CqYiwIIIAAAggggAACCCCAAAIIIIAAAgggkJlAIwpc/TDuzFV/n267KWwwcNXZrjrDNWLWzHCNN6ONAAIIIIAAAggggAACCCCAAAIIIIAAAq5AcQWuZraqTlg1JUpNSYFNYulp9Gm1Q/fbYDVhr9PvjqmVGjtSM1g3cNWtjpQUcFz4iQACCCCAAAIIIIAAAggggAACCCCAAAIJAoUeuM6aoS/9MgGrzVqjgav2JAtcHYFaiSQNXJ3IVQNXG84SuCZ8aehAAAEEEEAAAQQQQAABBBBAAAEEEEAAgXCBRhu46sxVXZwZr852dC6rbeis1uiGWTklBZjh6pDwEwEEEEAAAQQQQAABBBBAAAEEEEAAAQTCBQo/cP3bPJjOcDV/ND2NBqiR1qakQDBM1bjUXey0Vbdh187YGm9MYuCqR2tJgS6B4wqt0blbt0K7Ze4XAQQQQAABBBBAAAEEEEAAAQQQQACBghEo6sBVPwV/6Jo8cNU9OjJat9VsJQSuNdHAtTOBq+FhQQABBBBAAAEEEEAAAQQQQAABBBBAAIEQgeIJXDUxLfECVjvDNeR5o10mPI2lr6bPbbjr+MDVzHy1WayZ4UrgmpyVPQgggAACCCCAAAIIIIAAAggggECBCLRr20aWLFkqyyorC+SOuc1CEWjEgasbrurMVnfbXbuBq2nbwgQEroXyheY+EUAAAQQQQAABBBBAAAEEEEAAgVQCa62xqpx1Sl/ZastN7bD+ZwyQX36bnOoQ9iGQkUAxBa6S2QzXWLgaE4v12ZICtRq46l7fS7OY4RrjYgsBBBBAAAEEEEAAAQQQQAABBBAoMIErLjpDtt1qcxk77hn5a9p0+fb/fpR58xcU2FNwuw1ZoOAD1+nRl2aZagK2noCt2Wpen6UvzUoOr0Fq2O5YX63Wc9Wm7SJwTW7JHgQQQAABBBBAAAEEEEAAAQQQQKBwBF4ZP1omvPa2DL/3ocK5ae60oASKN3DtbAJX/xuz7Mei6Wm0hECywDU6hMC1oL7H3CwCCCCAAAIIIIAAAggggAACCCCQlsAdN10p06bPkBtvG5nWeAYhkKlA0QSu0ZmtNk6N6AxXDVx18YeuGrLatlk7e+O8Yv21EWa4xuHQRAABBBBAAAEEEEAAAQQQQAABBPIqMGjgOfLPzf5hr9Gzzyk5v1aPTTaQXvvtIXvttoO8/tb78s4Hn0hNTU2dZQX22X0nW/dVb+iWO0fJO+9/7N3bv7boIVcPONu27xkzTia8+pa3j41EgU4dO8j9I26yO159810Zft/D3qBmTZvK+AeH2/YHH39esKF4cQauJlb1Alf9iNzQ1Z3VGokFq/YT1PA1Loi1M1x1p+4zP5xDa6UjNVwVhAUBBBBAAAEEEEAAAQQQQAABBBDIucCt1w2Ubf61mT3vjvv2yfn57751sGjo6l+0futxp10ss2bP9XcHtg8yIe0l555s+wbffKcNa90B2221hQy9doBt3n73AzL+uVfcXfW2XnftNeTow3vK51991+AD3y6dK+SpaKj6/MtvypA77vOcmjdrJm88N9a2NdS+/NrbvH2FtFGUgav5AKKBq01LtRn9TNy2WetmfLftdMbYl2bpUbapgavTT+AapWSFAAIIIIAAAggggAACCCCAAAII5Fgg34FrRH8tOu6eNfFxc5+4XV6zoQeuw4deLZv32Mg+R+/+58pU8zKwhroQuDbUTyZ2X7Pcl2bZf1nMj+i/NHGBa+wAZ8v8q+Tkp84B7nadgavOcO0af7KCanfu1q2g7pebRQABBBBAAAEEEEAAAQQQQACBxiOQ78A1W8mGHrgOPP9UOWCf3WThosVy8DGny9Kly7J91LwfR+Cad+IVvsCs6dPMOcz/OGH+BwobnmYcuAZuwf5vGrYnOMO1xldSgMA1QEYDAQQQQAABBBBAAAEEEEAAAQQQyJFAfQWuhxy4t5xz2nH2rgcOvkU++uTLlE/Q0APX0tJS2XrLTWXiz7/K7DnzUj7Lyt5J4LqyP4G6r58icN3Ym7eaeBqzK3SveVFWdCFwdSVYI4AAAggggAACCCCAAAIIIIAAAvUjUF+Ba+eKDvLUQyPsDL4XX3u7zpczNfTAtX4+ndxchcA1N475PEsscNWrlPhLCuQicHWDWa3hqhegpIAqsCCAAAIIIIAAAggggAACCCCAAAL5EKivwFXvfeSwa+QfG60vCxYukp59TpHly6uTPhKBa1KajHcQuGZMVu8H5DBw1UQ1Nu3VmeHauAPXPoceIK+99b6Zip78LX1hn3iH9u1kz123lyeeeSlsN30IIIAAAggggAACCCCAAAIIIIBAqEA2gavWmSwvbykLTXCayXLkofvL2ac4ZQUuvOJG+d+nXyU9vBAC15YtWsiSpUvrfAFY0ofMYEdZWZmUlpZkVSuWwDUD6JU0NBi4ui/NMjVdW3fOZIarG7S6a41edbvxBq6HHLiXXHjWiTLlr2ly5kWDZNbs9ELXjh3ayYhbBsmq3bvKkDvuk+dffnMlfTW4LAIIIIAAAggggAACCCCAAAIIFJpAuoGrhnb9+hwi666zhqy9xmrSvHkz+8KoyX/8JU88+7K8+c4HdQaP/uDvxVffkhuH3ZOUq6EGrjtvv5XsvfuOssF6a0u3Lp1kyZKl8sukyfLhx1/Io0++IFXLlyd9Jt3RqWMHufSCU+2Y9z74VJ598fXQ8VqC4bCD9pWNN1xXVunWRSpMW9+jNHXaDPn19z/ku+9/shPvllVWhh7v7/S7a26k+ZG7NG/WTN54bqxtvvP+x3L5tbe5uwpqPX3q1IK63/ibnfV39KVZpppA3EuzVjRwjdZztRmsiV9t05QU6NI4Xpqls1TvutUJTjV0PePCQXXOdM3mmPgPlDYCCCCAAAIIIIAAAggggAACCDRegXQC15777i5nndJXylu2SAr1+VffyfmX3SDV1cnLBOjB995xnWy8wboyf8FCU1bg1KTjG1rgWtakiZx58rFyeK99kxr8OukPuXboCPnpl0lJx6y6Sld5bPTtdv+TJqi+Y6QTdroHrL5qd+l39CGyx87bS5MmpW536PqPP6fKDbeNlG++mxi63+0kcHUlGu6awDXDz6Zzt25pH6EB6j23X2v/F5K6QlfC1rRZGYgAAggggAACCCCAAAIIIIAAAkkE6gpc/cFnjXnhzgtmhuRX3/4gc+bOk817bCR77bqjdO/W2Z79sadflOH3PpTkSk73UYcfKGeedKxtXHD5DfLxZ1+Hjvdfd/DNd8rrpgSju2y31RYy9NoBtnn73Q/I+OdecXelXLdt01p233lb+frbiXZWasrBcTuvvfx82W2nbWzvb79Psb9h/Mtvk6WTmXm647b/8vZNnzFLjj3lIlm8ZEncGZym/obyY/c7gauWhvz3PQ9647bdanO55rJzRUsV6DJz1hx5w8wcnjzlLzOzdbq0ad3Kznbdw5SVXGfN1e0Y/Uyuv+UuefXN92w77AeBa5hKw+pbwcA1VkLAeaxYu1ZqnIqucTNcKxrJDFf3Y9Yp4yNuHZwydPWHrVP/niGnnndlnbNh3fOzRgABBBBAAAEEEEAAAQQQQAABBFyBVIGrBpSPjrpNdK2/On/J1UPki6//zz3UrvVX5O/79/VS0bG9bR901GkpM4puXTvLkw/824594ZX/yM233xs4n9vIdeCqoeOdN19lw+FMQlq9n817bCzDh15lb+3TL76Rgdfcaj3ce9W1vz6tlgm45c7R/t3etj9wffzpl+TOe53A9bCD9pFzT+snJSUl1u+eMY/Ja//5b2iJAq2hu++eO8vA80+14/UlZMecfGFSdwJXj7/BbniBq9aN0OIRutZVeA1XN1A1a3cz8GixThu4es1YSYHGFrgqT6rQNT5sPfPCq2X6zNkBVRoIIIAAAggggAACCCCAAAIIIIBAOgKpAteTjustxx99qD3N/Q+PF/0TtvQ76lA5uV9vu6uul2HpoNF33mBroM6bv0A0oA0rQ5DrwDXbWbF6v3cOuUq22HRjW6O276kXyaTJf2p3wuKWS6g1s04PPub00PfzaD3Wx8fcYY91ZwRryYYB551i+779/ke54rphdnZrwgXiOrS8wXmnH297dQawzgQOWwhcw1QaVt+sv7UGrXlJlgnTnaQ1ulqxwFVfmWX+TwNXG7pGt02jMQauRiE0dNV+t86rzmwlbFURFgQQQAABBBBAAAEEEEAAAQQQyFYgVeB686CLZYdt/yn6a+v7HnpC0l+T94eZd9//qDzyxPMpb+eY3gfJ6Sccbcecf9n18snn3ySMb0iB66tPj7H1azUMPe18Z6Zrwg2bDn9wmqxcgpZfeGKMM8N33PgJ8uJrb9sAulmzpnb28AWmDm5dL97yX3vsyCG2vIDOct3v8BP9u7xtAlePosFuxAJXvUXz5iw3d80qcHUTVnMSAtfEz7xzp44yYujVotPttVaHLrr959S/5eyLBzOzNZGMHgQQQAABBBBAAAEEEEAAAQQajYC+VKlN69aiM0XDZommA5EqcNWXO+lLnrQu6aF9z0x6uk032dBOENMBY8c9LfeNfSLpWN3h/7X6501N2CF33JcwvqEErvqbxs+PG2nvL9UsUh3gLz2gpQK0ZED84g9cn3r+VTtzdu01V5Mpf06TU867wr5MLP6YVO1Lzj1Z1EqXQ445Q2bMSvwtaALXVIINY19o4GpuLdKq88ZeQQANYZ3F7XJmrMb63d3OlFb7M2J+Ok2zkxmuUSGxoestg2xNV+0jbHVlWCOAAAIIIIAAAggggAACCCDQeAW0duoNV18oG62/jvQ77ZKMXwLlyqUKXF9/5gFp0aK5fPPdRDndlDRMtmQauOp5xoy4SdZbZ02ZO2++LStQU1MTOH1DCVzXXH0VefjeW+29aUA67K4xgfv0N/RFVjrjVJeHH39ORo4Z599tt/01bJctqxSd2aph+QlnDRR9CVemi9Z+Pf+M/vawZLOFCVwzVa3/8TO9kgJ6bZOg2n9MiQEncNXE1FmC4aoJUM2/N16f2bAj3Rmu5hCd4WoXZ4dTXsD0NdaSAg6G87Nbl072RVr6LyBlBPwybCOAAAIIIIAAAggggAACCCDQOAXOOOkYOfrwnvbh8xW4PjhyqOjsS/2t2yOOPycpdDaB63F9DpZTju9jz3nupdfJZ19+Gzh/Qwlcy5o0kTeeGyulpaXywf8+ty8OC9yor7H91lvIkGsG2J7rb71bXn79Hd9eZ9MfuLo7n3z2Zblj5Fi3mdG61/57ysXnnGSP0Zd5vffBJwnHE7gmkDS4jrQDV71zL2DVODX4P1Q4O1MGrpq8auDarcEhZHJDnbvl5v71X0gNXHUaPwsCCCCAAAIIIIAAAggggAACCDRugfoIXK+/8gLZZYetbQ3XvQ85XpYuXRaKnk3gutoq3WTc6GH2fM+99IYM/feowLlzHbhu86/NRGfz6qLhpoac6S46w1VnuupLy4/od3bS8g1nndJX+hx6gD3tSedcJj/8+GvCJXRS3ZNjYy+30hm+fU44TxYuWpwwNp0OAldHafpUfelU4S7hgauJT+NnuLqP6ISuIYGrHRBLYRNnuBK4uoasEUAAAQQQQAABBBBAAAEEEEAAAb9AfQSuOoNWr6PL2HHPmNqsj/tvwdvOJnC154y+8GnO3PnS6+jTxF9WINeBq79ubF2lAbwHi274g9Sbb79XXnjlP/FDpG2b1vL4mDukVXlL+Xv6TOlz4vlSVVWVMK5r5woZ/+Bwr//+h8eL/sl2IXB15IoxcNUni7TqZGq4ah3W0MX0x7JV34hYJ4Grj4VNBBBAAAEEEEAAAQQQQAABBBBAIIVAfQSuzZs3k8fvv0M6dmgny5dXy6WDh8pHn3yZcFfZBq7HH32onHRcb3u+cy+91pQV+M479xEH7yfnntbPtgfffKfoC6vcZbuttpCh1zq/un/73Q/I+OdecXclXUciEXl5/GgbiC5eskT6nT7Ae0F50oOiO8pbtpBHRw2zDvMXLJQBg4baurbucS1btJA7br7C1tPVvmS/2q/7/IFr1fLlcljfs2T2nLm6K6tFZ9RqIKxLsuv669DGv6SsebNmtmSCHv/O+x/L5dfeppsFtxR34OrWYdWPJVZPwDQyDVxrfDVcc/Mr+Svrm5KrkgIr6/65LgIIIIAAAggggAACCCCAAAIINDyB+ghc9akP2Gc3GXj+qR7Aa//5r3z6xTcy9e8Zskq3LrLOWqvLJhuuJxtvuK4dM3bc02Ym7BN2W/d1aN/WOzZ+Y/VVu3svfHrrvf/J8y+/YYe0bdNGTux7uGjZAV2OPeUimTR5it3WH9kErnqcP5xcsHCRjBv/gvz86++iwWddy07bbSWH9tzbDqusrJKX33hHvvj6e1vjdvedtxWdQavL5Cl/eS/W0jBz6bJgGYb27drKVZecZcd+98NPMupBx8p2ZPijdatWcsKxh5lyB6vaI+8e/ai9vv+aZWVlcljPfURLKugy5pGnZPRDT9pt/UHg6lGs1I2wkgJ6Q84MV3/g6r9Nnfkam8xq9pi2Xdx1/EuzCFyjQKwQQAABBBBAAAEEEEAAAQQQQACBBIH6Clz1wj333d0Go02bliXcR3yHP3C95NyTRUsDrMjy4y+T5IQzLw2cItvAVWe53mDq0u60/VaB8+WrMXfeAmnXtnW+Th84r4bG+oKvVNfUMf3PuDQQXhO4BhhXWiO7wFUD1li2am7ebbhrAteV9olyYQQQQAABBBBAAAEEEEAAAQQQKDiB0084Wo7pfZC97+PPGGBnambzEMNuuFy22rKH+U3jWtlpv6OSnmL9dda09Vw3XG9tadWq3Bs3a/ZcmTN3nqy79hq2zz+DUuuajrrzBtEXRWW6LFtWKV9/N1Fuuv0eWxPVf7w/cL126Ah59c33/Lvr3D7QzNo9cN/dZJ01V5cWLZrXOT5+gJZX0LIEU/6aJh3btzOhahtp1qxp/LCU4WfC4Cw71Omrb38wLx27Ty4+52RZf921EkLeGvPZTvp9igy/7yH5+LOvA1fyB64vvvqW3DjsnsD+Qmk0npICgU/EBKuxbNXscRvumsA1wEUDAQQQQAABBBBAAAEEEEAAAQQQSCEQeFnS4FvkvQ8/TTE6+S590ZOWBvhr6nTp3f+c5AN9e7p36ywVHTrI73/8KfPmL5D99tpFLr/wdDvi2iEmAP1PZgGo79RpbfbYZAM5z9R3fcUErU8++3JaxzAoXEBnLd9962CZ+NNvcvvIB0TLJRTiQuDqha368cUHrqZtu8wrtKLrii5OvY5C/LD1nqnhWqifHPeNAAIIIIAAAggggAACCCCAQMMV6LHx+nL3bdfYG9TanY88+XzGN6uzG19/9gHRX7X/70efyaXmZVDZLP7Ztn1PvUh+M7MpWRCoT4GCD1ynTTVcEfPvoq7Mj+i7sVLXcNUU1QaoLrXbcNfuDFd3HIGrK8UaAQQQQAABBBBAAAEEEEAAAQQQiBcob9lCXn16jO3Wl1idN/D6+CF1tv2/mv/gY8/KvQ88Vucx8QP0pUxjRtxkXty0ip0duefB/aSmJvAin/hDaCOQc4EiDlw3iqWnCWxukOrucIe6awJXV4Y1AggggAACCCCAAAIIIIAAAgggkI7ADVddKDtHXwB16/D75ZkJr6VzmB3TqWMHGT38RunQvq1UVVXJiWdfJr9O+iPt492Bp/bvI32PPNg2X3/rfRl8853uLtYI1JtA4QeufxkrneGqs1sDM1wJXMO+RZQUCFOhDwEEEEAAAQQQQAABBBBAAAEEVlRAX0o19u4hUtGxvegb6DXwfHbC6/J/E39OeupW5S1l9523k96H7G9nperA4fc9LI89NSHpMWE7Vlulm5x2wlGyyw5b292Tp/wlJ519uX2ZVNh4+hDIpwCBq9V1Z7a667gZrqaAq1fDtSs1XPP5heTcCCCAAAIIIIAAAggggAACCCBQuAJbbraJ3DToImnZooX3EHPnzZdZc+bKnDnzRLebNW0qbdu2Nm+vbyPdunQSLQPgLu+8/7Fced0w0TfZJ1sO2Gc32XGbLWVZZaUJdztI967mpVkVHaTEFpwUG7Keet6V1G5NBkh/3gWKKnDVAq6xGq45nOFK4Jr3LyIXQAABBBBAAAEEEEAAAQQQQACB4hDQIPXEvofLQfvtIaWlpWk91O9//CXD731IPvzkizrH72TKFtxoyhfEL3Pmzpennn/FlDJ4XebNXxC/mzYC9SZA4Gqp3f/VxF0zw7XevoFcCAEEEEAAAQQQQAABBBBAAAEEilKgs5l1uu7aa8iq5tf9V+3eVVq3Kvees7q6Wqb+PUOm/DlN/vhrqkz86TfRvnSXQw7cS9ZbZ01ZtqxSZs6eI9PMud778FP7oqx0z8E4BPIlQOBqZd2g1V0TuObrC8d5EUAAAQQQQAABBBBAAAEEEEAAAQQQKGYBAlf76bpBq7s2gautFWLatosarsX8LwHPhgACCCCAAAIIIIAAAggggAACCCCAQK4ECFytpBu0umsC11x9wTgPAggggAACCCCAAAIIIIAAAggggAACjUmAwNV+2m7Q6q4JXBvTvwQ8KwIIIIAAAggggAACCCCAAAIIIIAAArkSIHC1km7Q6q4JXHP1BeM8CCCAAAIIIIAAAgj8P3t3HqZXVd8B/PdOmCxkErDMJAMFpY+tSEDLUhZZfIi4gGBqaaoiSBBpQBC0KAFaQVFBKlDZ90Uiu0CLUCguWEFwRywoFouyiCRxAiELCVnm7T335X3fmck7IZnMwtz5nCcz955z7z33ns9N/vk+J+cSIECAAAECBAiMJAGBa/62q0FrdStwHUn/CIyVAAECBAgQIECAAAECBAgQIECAQH8JFCdwTSJNEaWKTKmlbet6erqaVnaodrS2k51V3y/qR7Pa2tujVHpFaTUXDQQIECBAgAABAgQIECBAgAABAgQI9FUgZYp/mjOnr5e/Jq7rmPPH7DlKWYaYHmedA9d6wFoZTb1e1MB1k0mTYtSoUZXh+k2AAAECBAgQIECAAAECBAgQIECAQL8JrFq1KubPm9dv/Q1FR+sRuNbD1fqD19uKGrhuvMkmMXr06PqQ7REgQIAAAQIECBAgQIAAAQIECBAg0C8Cy5cvjwXz5/dLX0PVicB1HeUnTJwY48aPX8ernE6AAAECBAgQIECAAAECBAgQIECAwKsJLF2yJBYtXPhqp72mj69H4JrGVZ/RWhllvV7UGa5jx42LiRtv/Jp+qR6OAAECBAgQIECAAAECBAgQIECAwHAUWLhgQSxbunQ4PnrtmdczcK32Uw1aq9ssis0WuM0D2bypnNXTueVobd+0etGw3Kb1W9M6rgoBAgQIECBAgAABAgQIECBAgAABAv0rkNZvTeu4DueyhsB1ShaR5ilpg/H1PFQ9r7otbuCaMF7X2hrNzc0NXDQRIECAAAECBAgQIECAAAECBAgQINAXgRUrVsQLHR19ufQ1dY3AtQ+vY8NsDdeWbC1XhQABAgQIECBAgAABAgQIECBAgACB/hFYnK3d+lK2hutwLwLXPrzBpqamaJ08uQ9XuoQAAQIECBAgQIAAAQIECBAgQIAAgUYCHXPnRmdnZ6NDw6qtHriWsufOftIm7bW0WVKgQtH494Rshuu4bKarQoAAAQIECBAgQIAAAQIECBAgQIDA+gkszWa2LspmuBahCFz7+BZ9PKuPcC4jQIAAAQIECBAgQIAAAQIECBAg0EOgCB/Lqg7pVQLXdFr9Q1jVi/K2bs3VSnVb7I9mVR3Gt7TE+AkTqlVbAgQIECBAgAABAgQIECBAgAABAgTWUWDJokWxZPHidbzqtXv6qwSu9QC1+xCy9tUOpYZ6Y7n8Sj1vKkdezY63tm/avathXntda2s0NzcP81F4fAIECBAgQIAAAQIECBAgQIAAAQKDL7BixYp4oaNj8G88gHfsmPNc1nspSvnarX1ewzU9YaPA9ZXm6Cxs4LpBFrb+WRa6KgQIECBAgAABAgQIECBAgAABAgQIrJvA81nYujILXYtUBK798DbHjhsXEzfeuB960gUBAgQIECBAgAABAgQIECBAgACBkSGwcMGCWLZ0aeEG24+Ba7LprAFVlhTIqvmSAsWd4Vod8Ibjx0fLxInVqi0BAgQIECBAgAABAgQIECBAgAABAr0ILF64MF5asqSXo8O7WeDaj+9P6NqPmLoiQIAAAQIECBAgQIAAAQIECBAopECRw9b0wgSu/fzX1vIC/QyqOwIECBAgQIAAAQIECBAgQIAAgcIIFHUZga4vaJAC13L20azKR7Va2zftev9C7qcPaU3YaKNozrYKAQIECBAgQIAAAQIECBAgQIAAgZEusCL7MNaiF18s3AeyGr1XgWsjlX5qG9/SEuMnTOin3nRDgAABAgQIECBAgAABAgQIECBAYPgJLFm0KJYsXjz8HryPTyxw7SPc2l42atSoSGu7jst+FAIECBAgQIAAAQIECBAgQIAAAQIjRWBp9lGs9GGsVatWjZQh5+N8lcA1nZOWAuhZsrZGzdFZO7GyhEBWzc8bWUsK1BC67DQ1NUVa33VM9mOpgS4wdgkQIECAAAECBAgQIECAAAECBAojkJYOeHnp0liW/XR21rPCwgxwLQbSOHAtRamlbUqXSLXLbt5pVu/ZlLfXEVcPXNMJ5Whtb8/PHMm/0qzX5tGj8+B1VLbOa6qnQLZUKo1kFmMnQIAAAQIECBAgQIAAAQIECBAYJgIp+0uBapq9uioLWVPQumL58hE3m7XR61rLwDVd2jVh7S1wTedUzhO4NuLWRoAAAQIECBAgQIAAAQIECBAgQIBAkQXWIXBNDNXQVeBa5L8UxkaAAAECBAgQIECAAAECBAgQIECAQN8EBK59c3MVAQIECBAgQIAAAQIECBAgQIAAAQIEVhMQuK5GooEAAQIECBAgQIAAAQIECBAgQIAAAQJ9ExC49s3NVQQIECBAgAABAgQIECBAgAABAgQIEFhNoHvg2hRRqpxSammbUl2wtctF1aY1reFaOT37Tlllydf8knJkHy7LSjla29u79GeXAAECBAgQIECAAAECBAgQIECAAAECxREY2MA1OWW5awpaBa7JQSFAgAABAgQIECBAgAABAgQIECBAoMgC6xi4Joo0VXUtZ7jWThe4JgqFAAECBAgQIECAAAECBAgQIECAAIFiC9QD17SWQPaz5iUFqhivLBdQrda2+boBeS1fUiDt5fmswLVGZIcAAQIECBAgQIAAAQIECBAgQIAAgcIK9DFwTTNc6+FqXafeJnCtq9gjQIAAAQIECBAgQIAAAQIECBAgQGBkCHTMmZMNtBSlfGbrWs9wTYFrAqoHrBWuel3gWhHxmwABAgQIECBAgAABAgQIECBAgACBkSOwnoFrFaoatFa3KYpN+9lPvrGkQFXKlgABAgQIECBAgAABAgQIECBAgACB4goIXIv7bo2MAAECBAgQIECAAAECBAgQIECAAIFBFhC4DjK42xEgQIAAAQIECBAgQIAAAQIECBAgUFwBgWtx362RESBAgAABAgQIECBAgAABAgQIECAwyAIC10EGdzsCBAgQIECAAAECBAgQIECAAAECBIor0C1wLZUisj+plFraptS/gFVp6/L7lY9h1Vqqp1a3PppVo7FDgAABAgQIECBAgAABAgQIECBAgMCIEeinwDV5pbBV4Dpi/uYYKAECBAgQIECAAAECBAgQIECAAAECqwn0Y+Ca+u6s3aBcDWDzHDar5VlsOVrb22vn2CFAgAABAgQIECBAgAABAgQIECBAgECRBASuRXqbxkKAAAECBAgQIECAAAECBAgQIECAwJAKNA5cS+u6hmt1DGa4ViVsCRAgQIAAAQIECBAgQIAAAQIECBAYeQIC15H3zo2YAAECBAgQIECAAAECBAgQIECAAIEBEhC4DhCsbgkQIECAAAECBAgQIECAAAECBAgQGHkCAteR986NmAABAgQIECBAgAABAgQIECBAgACBARIY4MA1e+py+umMctpmldb29rSjECBAgAABAgQIECBAgAABAgQIECBAoHAC3QPXpohSZYillrYpeUTaeMTZoYZHe340K7s6nSdwbcyolQABAgQIECBAgAABAgQIECBAgACBQgkIXAv1Og2GAAECBAgQIECAAAECBAgQIECAAIGhFBC4DqW+exMgQIAAAQIECBAgQIAAAQIECBAgUCgBgWuhXqfBECBAgAABAgQIECBAgAABAgQIECAwlAIC16HUd28CBAgQIECAAAECBAgQIECAAAECBAolIHAt1Os0GAIECBAgQIAAAQIECBAgQIAAAQIEhlJgcALX6IxyOQ2zHK2T24dyvO5NgAABAgQIECBAgAABAgQIECBAgACBARNYQ+C6TRaR5ilpg5v3dqizdm65em3ehcC1BmOHAAECBAgQIECAAAECBAgQIECAAIHCCghcC/tqDYwAAQIECBAgQIAAAQIECBAgQIAAgcEWELgOtrj7ESBAgAABAgQIECBAgAABAgQIECBQWAGBa2FfrYERIECAAAECBAgQIECAAAECBAgQIDDYAgLXwRZ3PwIECBAgQIAAAQIECBAgQIAAAQIECisgcC3sqzUwAgQIECBAgAABAgQIECBAgAABAgQGW0DgOtji7keAAAECBAgQIECAAAECBAgQIECAQGEFBK6FfbUGRoAAAQIECBAgQIAAAQIECBAgQIDAYAt0zJ2T3bIUpVK6c1PazUuppW2bckT2p2Hp7VA6v3JNuXptXs1q5cqx1sntDXvUSIAAAQIECBAgQIAAAQIECBAgQIBARWDsmDHRNCoL67KycuXKWL58ReVA9ru5uTn72SCvlzvLsXTZstoxO0MvIHAd+nfgCQgQIECAAAECBAgQIECAAAECBAh0E7jt+sti2222yttuvOWbccoXz64d/+wJx8YhH/77vP7kU8/Eu6cdXDtmZ+gFBK5D/w48AQECBAgQIECAAAECBAgQIECAQMEERo0aFeee+fnYecft4tKrrosrr7kxjp45Iw49eHr84Ic/jc+c9KVY1dnZ66iHQ+Bayv7P/FdO++fYa49dY/YNt8X5F18dMw6aHkfNPCR+/otH4lOzPt9tZm6vgy3YAYFrwV6o4RAgQIAAAQIECBAgQIAAAQIECAy9wDun7hEXnXNa/iBpOYB9/+6Q+NY3r40UxKZy+FHHx30P/CTfb/RrOASuu+60fcy+4pz88VN4/J5pB8Udt1wd48aOzds+NevUuOueexsNr9BtAtdCv16DI0CAAAECBAgQIECAAAECBAgQGAqBLd+wRdxz+9ezDyeV4smn/xD7vv+QuPeuG2PT9knRmYWTe+93YDz7x/RxpcZlOASuk9pa4/v33JyHyPP+1BF77fPBuP3mK+Kv3vgX+aD2n/7RePy3v2s8wAK3ClwL/HINjQABAgQIECBAgAABAgQIECBAYOgE3rrt1rHz32wXd9z17Zg7ryM2//NN473vmRoP/PBn8avHHl/jgw2HwDUNYOut/jL22G2nbCbr9/IAua11k5i237vioYcfiV/88ldrHGNRDwpci/pmjYsAAQIECBAgQIAAAQIECBAgQGDYCgyXwHXYAg/ggwtcBxBX1wQIECBAgAABAgQIECBAgAABAusvMHbMmHj9FpvF8y8siI75L6x/h4PcQ3r+LTbfLP7w7HOxdNmytbr7YAau7ZPbYsMNx+XPl9ab7UupvqN5HfNjwYKFfemiMNcIXAvzKg2EAAECBAgQIECAAAECBAgQIFAcgbT26QHT9omZh3043vD6zaOpqSkf3OIlS+K22/8rLrpsdh7ADuaIjzz84PjQ9Gn5LefMnRcfmvGJXm8/Knveo46YEVP3fFu8eas3xgYbbJCv3fpUtp7rBZdeky0z8J1er00HBjpw3WzTyTHruI/HnrvtHBNaxufPktaW/c3jT8S5F14V37vvwTU+Xzo4ZszoOO6Yf4y3775LbLnlFpHGnEoKxb927c0x+7pbY9nLL+dtjX7tt8/ecfynjqgdSuvarlq1qlYfrjv1wLWUDSH7SZu019K2TTki+9Ow9HYonV+5ply9Nq9mtXLlWOvk9oY9aiRAgAABAgQIECBAgAABAgQIECCQBEaPbo6rLj4rX/+0N5H5z78Qf/uBwyN9rKk/yi7ZWqspQEzl6Wf+mH/oqme/s/7pyDj80APz5vTBq6n7frDnKXk99fPVM06Jd75jz4bHU+N37r0/PvHpU/IQttFJAxm4vit7rrPPODnSrNTeSgq0z7nwyt4OR/oo2PlnnRpbvemNvZ7z0MOPxkGHHdtriPoPB+wfp33u+Nr1U3bcO1auXFmrD9cdgetwfXOemwABAgQIECBAgAABAgQIECBQUIF/mXVMzDhoem10f8r+m/qvH/ttbPfX28RGEyfU2n/ys4fj4I99slZfn537v31rTJ7UmndxyRXXxr+df/lq3a1t4HrZBWfEXtnM1mp56uln44nfPxXbTnlTTGqr3CMdO/OcS+Lyq2+ontZtO1CBa5rZesctV9dmta7KZrU+8uhv8smS22e+1ZImT86YeVz86CcPVZtq2xQo3/3vs/OPgFUbUwD9f088GTts/5Za3+nYpVdeG2eft7plOiZwTQq1ks1WrUxkrbVUdiqzWNO+Ga49aFQJECBAgAABAgQIECBAgAABAgReVeAt27w5br3+0tp5d3/rv2PWZ0+Ll19ens/IPP3UE2L/ffeuHd997wMiBbK9lTQD8+PZUgDVctpXzs/Of75arW37K3BNoeVNsy+q9fuN2+6Mk794dj6TNc0oveS8L8duu+6YH0+zOdN/o39uzrza+dWdgQpcu4bBL720NGYec2Kk4DqVbadsFd+47pLa0gA33XJH9uxnVR+ptj3isIPi05+cWat3DY6bm5vjntu/Xgtjn31ubkzd5wO1c7vuCFy7aqS0VeDaTUSFAAECBAgQIECAAAECBAgQIEBg/QU+NuNDcUK2tmgqixYviXdk/23/xYWLah2/ddut45YsFKyWw4+eFff94MfV6mrbPd62U1x1ST00fNf7PhxpxmnP0l+B60mfOTo++pF6wNjzflPfvltcev6Xa7f/5PGfixQq9ywDEbimdXEfeuCuGD9+w/x2F152Tb5ea9d7X3HhV+Lte+ySN/3Po4/F9IOO7Ho437/xmgtjh+22zfcf/fX/xgEH1sPX1Nj1Hab6Tnvu3+0dprZUBK4Vh1d+C1y7cagQIECAAAECBAgQIECAAAECBAj0i8DZXz453vfed+Z9Pfijn8ehRxzXrd9xY8fGL398T63txFPOyD6idXet3nNnsAPXi889Pfbea/f8MVKwmwLXrmXcuLHxs/vvjDQTNJXeli8YiMB1y+zjY9+647ra46SPfj308CO1etrptmxCL7NTf5o9f3Vph69d+404/cwLuvWx6847xOzLv1pr2+f9H4nf/f7pWr26I3CtSuRbgWs3DhUCBAgQIECAAAECBAgQIECAAIF+EUizUVNImsqdd383jjvxC936fa0Hrl1niN77/QfjyGNP6vb8qfLd/7whtth8s7x99vW3xpf+9bzVzhmIwLXncgfvnnZwPPnUM93uvTaBawq803tI5dTTvxrX3fQf3foQuM7JPEqRZhSnbfqTyv8DAAD//yduH0oAAEAASURBVO3deXwkV2En8KdzNCPNaMZz+QCHIxgcAwkhEMIVg9eE2zbEBkMImECANYchxIshmCyQQAg43ITA2rAcJpjLEDDgcARINiyBhBgwmMCCwceMPYdGozl0br3qrlJXqzRSt7o1Lc23sLrqnVX9Lf0xnx+lV11DW0+bCSH5r3Sbryn2r4yZycamxaQ0U2nbsv340hlVEiBAgAABAgQIECBAgAABAgQIEHj1K/8kPPn3H59CfOc/rgtPfvrzCyhrBwbCd7/5hbzuZZe+Pnzi6mvycv3Bg3/nfuHyv31jXn3m454Sfn7jTXk5O/j6tR8P27dtSYt/+94Phsve9p6sKd9f/OLnhmc94/y0fNPNt4aHPepJeVt28Gf/44XhD5/yxLQ4un8s3P+hjwtTU1NZczjpxOPDV675+7z8mte/JXzgyk/k5ezgEx/+u3DP0+6eFj/ysU+HS1/zpqwp1J7jZz//RXjE4/8gbzvSwdYtx4V//tIn8y7PeM5Lwr/867fzcjwofMdbdoSHPfK8QnssfOaqy8PdT7lrWv+BKz8eXvP6txb6POD+vxn+93v+Jq975NlPCz/9fzfm5ezg3Cc8NvzFq/40K4Zfu+8ZYXJyMi+v1IPbd9yaXHpX6OrqSvfJYbp1CVwrED4JECBAgAABAgQIECBAgAABAgSWT+CJZz0qvO7VL0tPGMO3R53zh4WAtNMD10c94vTwlr/+nznY0/7oReGb//YfefmpTz4nvOqSi/Ly48/7o/DDH/1XXs4O2hG4xrm/+vmPhhNP2J6e5uOfuiZc8qrXZ6dM94sJXC956YXhgqdVgthdu/eExz7xghD32SZwFbhmvwv2BAgQIECAAAECBAgQIECAAAECR1mgr68vfOmzV4bjt29Nr+R7P/hRuOjiPw83/uLmtByfQo1Po2bbX/7128P7PnhVVpyzf9r5TwivfNmL8vozHnN++MUvK3NllVu3bA5f/PQHw+DgurTq7e9+f3jrOy/PmtN9fFrxnW/+i3DG6Q9Ky/M94drd3R0+87HLw93ueue0X3yaNl7/9Umo+uAH3i+86XWvDMMb1qdtX/rqP4fnvejl6XHtRzzXFz/9ofArJ5+UVl951dXhVa+9LO/S7BOucYKnPuns8KqXvzida3p6OvzVZe9K/eJfp/ck1/6qV7w4f8J479594XcedlaYSvrVbpuP2xS+/LmPhLVrB9Lq7173g/DK5AncLDh+ynlnhT9/xUvyIZ5wrVB4wjX/lXBAgAABAgQIECBAgAABAgQIECCwHAKPfsTDwh8kAempd//VPPyM541h4C9+eUvo6elO/yS/9lriU7Df+8ENYdPG4drq/PgOdzghDRKzihiUTk7O/ol/rN+4cUMegsbyyMi+sHdkNB7mW19fb/5kaKyMywTcfMvO0N/fFw4dOpz3iwebNg2HDeuHCnUHDx0K8enc2m33nr1hdHQsjOzbl5x/Q94Ug98tmzfl5fplE5oJXKPPSy96TrjffX893OnkO+Rzx4OxsQPhlzfdEk5OAt76a7zuez8MG6oBce2g7du3hIE1a2qrQlxCYffuveEOJx2f3KuetG3P3pHwoDOeULpUgCUFCnzJeqyVpVoLtZXKSoM1XOtoFAkQIECAAAECBAgQIECAAAECBOYVeOyjzgiXvf7SeduP1HBzstZo9mfyR+p3+PB4WLOm/0hdwmL6xAnGxyfSsPWIky2y8ZZbd4YTjt9W2vvAgYPhgWecE+I+2xoNXHt7e8On/v694ZRfrTx1m82zmP3/+9kvwp3vdMfFdC3tU7bGa9ZR4JpJpHuBa4FDgQABAgQIECBAgAABAgQIECBAYEkCn7gyeUnUr1VeElU2UXwaNC4rEP98PS4hcP65Z4XHPfq/pUHlQoFrXF/02i9/PbztXe8LH77ibfmf6teeJwao3/vBD8Of/+Wbw1mPOTP80dOfXNucH8clAmKI+J/fuz588PK3hv5kCYQjbQcPHgq37tgZfvLTn4dTTz0lbD5u45wnQ8sC1/jk7g9/9JPw2je8NXznP75XOEVt4Pq/3v+RdFmAQoe6wsMe+sDw7re9rq52tjgxMZE+4frzX9yUvIDs8yE+BfzyP31+uNdp90iPmwlc43IE137l6+Ev3vC2Qlg8e9YQnn3B+eFPL3puWhWv4V73f0SIyxys9M1Ls1b6HXT9BAgQIECAAAECBAgQIECAAIFVIPCtr30mDA9X/qz+a9/4ZnjOCy9J/2x/FXy1ln+F85742HQt2S/+49fCx6++ZsH5a9exjcsznP+MFyQh7nULjmt3h7/484vDuec8Jj3Nj274SXjcuc9s9ymXZX6B67IwOwkBAgQIECBAgAABAgQIECBAgMCRBL719X/I11H9m7e/N7zrPR84UndtDQj84VOeGOJTsXGLa8+e+psPb2B0e7quW7c2fP5TH8hfjvaZz/1j+JNLXtOeky3zrALXZQZ3OgIECBAgQIAAAQIECBAgQIAAgbkCAte5Jq2q6bTANa4p+z9f8eIQ13DNtksuff2intbN+nfyXuDayXfHtREgQIAAAQIECBAgQIAAAQIEjhEBgWv7bvTRDFz7kjVu7/sb9wwj+0bD1i3HJevn3iE89UnnhLvc+eT8C3/j/3wr/NHz/jTE5Q5WwyZwXQ130XcgQIAAAQIECBAgQIAAAQIECKxwAYFr+27g0QxcN20cDt/8p0/P++XiC7qe/PQLw46dt8/bZ6U1CFxX2h1zvQQIECBAgAABAgQIECBAgACBVSggcG3fTT2agWv8Vq+99E9DfNFX7XbTLTvC3773A+Hjn7omTE5O1jat+GOB64q/hb4AAQIECBAgQIAAAQIECBAgQGDlCwhc23cPj3bgGpcVeNmfPC+sX78+7N69J/zoxz8N8SVZqy1oze6gwDWTsCdAgAABAgQIECBAgAABAgQIEDhqAgLX9tEf7cC1fd+sM2cWuHbmfXFVBAgQIECAAAECBAgQIECAAIFjSkDg2r7bLXBtn23ZzALXMhV1BAgQIECAAAECBAgQIECAAAECyyqQBa7X/+i/wn+/6BUhvkzJ1hqBLHCdmp4Of/03fxsu/99/35qJzVIqIHAtZVFJgAABAgQIECBAgAABAgQIECCwnAJPOe+s0NXdHT7+yc+FQ4cPL+epV/25fu0edwu/fb/7hP/83vXh2/9+3ar/vkf7Cwpcj/YdcH4CBAgQIECAAAECBAgQIECAAAECBFaNgMB11dxKX4QAAQIECBAgQIAAAQIECBAgQIAAgaMtIHA92nfA+QkQIECAAAECBAgQIECAAAECBAgQWDUCAtdVcyt9EQIECBAgQIAAAQIECBAgQIAAAQIEjraAwPVo3wHnJ0CAAAECBAgQIECAAAECBAgQIEBg1QgIXFfNrfRFCBAgQIAAAQIECBAgQIAAAQIECBA42gIC16N9B5yfAAECBAgQIECAAAECBAgQIECAAIFVIyBwXTW30hchQIAAAQIECBAgQIAAAQIECBAgQOBoCwhcj8Id6OnpCX39/aGvry/0xJ+k3N3dHbq6uo7C1TglAQIECBAgQIAAAQIECBAgQIAAgcYEZmZmwvT0dJiamgpTExNhIv6Mj6flxmZafb0Frst0T2OgOrB2bViT/MSg1UaAAAECBAgQIECAAAECBAgQIEBgtQnE4PXwwYPhUPITA9ljcRO4tvmux6dX1w0OhrXJj40AAQIECBAgQIAAAQIECBAgQIDAsSJwcGwsHEh+4lOwx9ImcG3j3R4cGgqD69e38QymJkCAAAECBAgQIECAAAECBAgQINDZAmOjo2Fs//7OvsgWXp3AtYWY2VS9yZIB64eHLR2QgdgTIECAAAECBAgQIECAAAECBAgc0wJxqYHRkZEwmexX+yZwbfEdjuu0bti4scWzmo4AAQIECBAgQIAAAQIECBAgQIDAyhfYt3dvur7ryv8m838Dgev8Ng23xLVahzZsaHicAQQIECBAgAABAgQIECBAgAABAgSOFYH9+/ala7uu1u8rcG3RnRW2tgjSNAQIECBAgAABAgQIECBAgAABAqteYDWHrgLXFvz6WkagBYimIECAAAECBAgQIECAAAECBAgQOKYEVuvyAgLXJf4axxdkHbdlyxJnMZwAAQIECBAgQIAAAQIECBAgQIDAsSew+/bbV92LtASuS/w93rR5S+jr71viLIYTIECAAAECBAgQIECAAAECBAgQOPYEJsYnwp5dt6+qLy5wXcLtHBwaCoPr1y9hBkMJECBAgAABAgQIECBAgAABAgQIHNsCY6OjYWz//lWDIHBt8lb29PSEzVu3hdDV5ASGESBAgAABAgQIECBAgAABAgQIECAQwkwIu27bGaamplaFhsC1yds4tGE4rBtc1+RowwgQIECAAAECBAgQIECAAAECBAgQyAQOjB0I+/eNZMUVvRe4NnH7uru7w5Zt2z3d2oSdIQQIECBAgAABAgQIECBAgAABAgTmCCRPud6+c0eYnp6e07TSKgSuTdyxdYODYWjDhiZGGkKAAAECBAgQIECAAAECBAgQIECAQJnA/n37woGxsbKmFVUncG3idm3avCX09fc1MdIQAgQIECBAgAABAgQIECBAgAABAgTKBCbGJ8KeXbeXNa2oOoFrg7crfVnWtuRlWTYCBAgQIECAAAECBAgQIECAAAECBFoqsGvnyn95lsC1wV+JgbVrw4aNGxscpTsBAgQIECBAgAABAgQIECBAgAABAgsJ7Nu7Nxw6eHChbh3dLnBt8PYMbRgO6wbXNThKdwIECBAgQIAAAQIECBAgQIAAAQIEFhI4MHYg7N83slC3jm4XuDZ4ezYetzn0r+lvcJTuBAgQIECAAAECBAgQIECAAAECBAgsJDB+eDzs3b1roW4d3S5wbfD2bN66LfT09jQ4SncCBAgQIECAAAECBAgQIECAAAECBBYSmJqcCrtu27lQt45uF7g2eHu2bj8+dHV3NThKdwIECBAgQIAAAQIECBAgQIAAAQIEFhKYmZ4Jt+24daFuHd0ucG3w9mw7/oQQ5K0NqulOgAABAgQIECBAgAABAgQIECBAYBECMyHsvPWWRXTs3C4C1wbvzbYTksDVRoAAAQIECBAgQIAAAQIECBAgQIBAWwR23iJwrYFNIugQf+JnZV/ZJaWZStuW5E/yV/ImcF3Jd8+1EyBAgAABAgQIECBAgAABAgQIdLqAwLVwhwSuBQ4FAgQIECBAgAABAgQIECBAgAABAgQaEhC4FrgErgUOBQIECBAgQIAAAQIECBAgQIAAAQIEGhIQuBa4BK4FDgUCBAgQIECAAAECBAgQIECAAAECBBoSELgWuASuBQ4FAgQIECBAgAABAgQIECBAgAABAgQaEhC4FrgErgUOBQIECBAgQIAAAQIECBAgQIAAAQIEGhIQuBa4BK4FDgUCBAgQIECAAAECBAgQIECAAAECBBoSELgWuASuBQ4FAgQIECBAgAABAgQIECBAgAABAgQaEhC4FrgErgUOBQIECBAgQIAAAQIECBAgQIAAAQIEGhIQuBa4BK4FDgUCBAgQIECAAAECBAgQIECAAAECBBoSELgWuASuBQ4FAgQIECBAgAABAgQIECBAgAABAgQaEhC4FrgErgUOBQIECBAgQIAAAQIECBAgQIAAAQIEGhIQuBa4BK4FDgUCBAgQIECAAAECBAgQIECAAAECBBoSELgWuASuBQ4FAgQIECBAgAABAgQIECBAgAABAgQaEhC4FrgErgUOBQIECBAgQIAAAQIECBAgQIAAAQIEGhIQuBa4BK4FDgUCBAgQIECAAAECBAgQIECAAAECHSLwK3c8Mbz65ReF4zZtDLv37g1Pf+7FHXJlxcsQuBY8BK4FDgUCBAgQIECAAAECBAgQIECAAAECHSDwW/e5V3jtKy4KQ0OD6dXs2r03nPWU53bAlc29BIFrwUTgWuBQIECAAAECBAgQIECAAAECBAgQIHCUBc5+zJnhxf/9GaGnpye/EoFrTtHyg9t33JrM2RW6urrSfXKYbl1DW09L0tMYoJZt8zUJXMu01BEgQIAAAQIECBAgQIAAAQIECBBYboHu7u7wguf8YTj3rEemp/7lTbeGgYE1YcvmTUHg2r67IXBt0HbbCSc0OEJ3AgQIECBAgAABAgQIECBAgAABAssrMLBmTXjtn704POB+v5Ge+Dvf/X74s9f+TXjbGy4Nd73zyQLXNt4OgWuDuALXBsF0J0CAAAECBAgQIECAAAECBAgQWHaB7uTP2d/42kvC/e977/Dpz30pXPbOy8Pk5FR4/7veIHBt890QuDYILHBtEEx3AgQIECBAgAABAgQIECBAgACBoyKwPnlB1ukP/u3wmc9/OT+/wDWnaNuBwLVBWoFrg2C6EyBAgAABAgQIECBAgAABAgQIdIyAwLX9t0Lg2qCxwLVBMN0JECBAgAABAgQIECBAgAABAgQ6RkDg2v5bIXBt0Fjg2iCY7gQIECBAgAABAgQIECBAgAABAh0jIHBt/60QuDZoLHBtEEx3AgQIECBAgAABAgQIECBAgACBjhEQuLb/VghcGzQWuDYIpjsBAgQIECBAgAABAgQIECBAgEDHCAhc238rBK4NGgtcGwTTnQABAgQIECBAgAABAgQIECBAoGMEBK7tvxUC1waNBa4NgulOgAABAgQIECBAgAABAgQIECDQMQIC1/bfCoFrg8YC1wbBdCdAgAABAgQIECBAgAABAgQIEOgYAYFr+2+FwLVBY4Frg2C6EyBAgAABAgQIECBAgAABAgQIdIyAwLX9t0Lg2qCxwLVBMN0JECBAgAABAgQIECBAgAABAgQ6RkDg2v5bIXBt0Fjg2iCY7gQIECBAgAABAgQIECBAgAABAh0jIHBt/60QuDZoLHBtEEx3AgQIECBAgAABAgQIECBAgACBjhEQuLb/VghcGzQWuDYIpjsBAgQIECBAgAABAgQIECBAgEDHCAhc238rBK4NGgtcGwTTnQABAgQIECBAgAABAgQIECBAoGMEBK7tvxUC1waNBa4NgulOgAABAgQIECBAgAABAgQIECDQMQJZ4HrrztvD7//h8zvmumovZOctt9QWV9yxwLXBWyZwbRBMdwIECBAgQIAAAQIECBAgQIAAgY4RiIHrxuEN4aWvfH348U9+1jHXVXshAtdajTCTlOJP/KzsK7ukNFNp27L9+LR9pX4IXFfqnXPdBAgQIECAAAECBAgQIECAAAECK0FA4Fq4SwLXAocCAQIECBAgQIAAAQIECBAgQIAAAQINCQhcC1wC1wKHAgECBAgQIECAAAECBAgQIECAAAECDQkIXAtcAtcChwIBAgQIECBAgAABAgQIECBAgAABAg0JCFwLXALXAocCAQIECBAgQIAAAQIECBAgQIAAAQINCQhcC1wC1wKHAgECBAgQIECAAAECBAgQIECAAAECDQkIXAtcAtcChwIBAgQIECBAgAABAgQIECBAgAABAg0JCFwLXALXAocCAQIECBAgQIAAAQIECBAgQIAAAQINCQhcC1wC1wKHAgECBAgQIECAAAECBAgQIECAAAECDQkIXAtcAtcChwIBAgQIECBAgAABAgQIECBAgAABAg0JCFwLXALXAocCAQIECBAgQIAAAQIECBAgQIAAAQINCQhcC1wC1wKHAgECBAgQIECAAAECBAgQIECAAAECDQkIXAtcAtcChwIBAgQIECBAgAABAgQIECBAgAABAg0JCFwLXALXAocCAQIECBAgQIAAAQIECBAgQIAAAQINCQhcC1wC1wKHAgECBAgQIECAAAECBAgQIECAAAECDQkIXAtcAtcChwIBAgQIECBAgAABAgQIECBAgAABAg0JCFwLXALXAocCAQIECBAgQIAAAQIECBAgQIAAAQINCQhcC1zHQOB6/AkhdBW+tAIBAgQIECBAgAABAgQIECBAgAABAq0QSOLFnbfe0oqZjtoct++4NTl3V+jqiiFi8lPNEruGtp6WfL0YoJZt8zXF/pUxM9nYtJiUZiptW7YfXzbhiqnbmlx/V7fEdcXcMBdKgAABAgQIECBAgAABAgQIECCwYgRmpmfCbWlguWIuec6FClznkBy5YvPWbaGnt+fInbQSIECAAAECBAgQIECAAAECBAgQINCwwNTkVNh1286Gx3XSAIFrg3dj43GbQ/+a/gZH6U6AAAECBAgQIECAAAECBAgQIECAwEIC44fHw97duxbq1tHtAtcGb8/QhuGwbnBdg6N0J0CAAAECBAgQIECAAAECBAgQIEBgIYEDYwfC/n0jC3Xr6HaBa4O3Z2Dt2rBh48YGR+lOgAABAgQIECBAgAABAgQIECBAgMBCAvv27g2HDh5cqFtHtwtcG7w9PT09YfO2bQ2O0p0AAQIECBAgQIAAAQIECBAgQIAAgYUEdu3cGaamphbq1tHtAtcmbs+mzVtCX39fEyMNIUCAAAECBAgQIECAAAECBAgQIECgTGBifCLs2XV7WdOKqhO4NnG71g0OhqENG5oYaQgBAgQIECBAgAABAgQIECBAgAABAmUC+/ftCwfGxsqaVlSdwLWJ29Xd3R22bNseQlcTgw0hQIAAAQIECBAgQIAAAQIECBAgQKAoMBPC7Tt3hOnp6WL9CiwJXJu8aUMbhsO6wXVNjjaMAAECBAgQIECAAAECBAgQIECAAIFM4MDYgbB/30hWXNF7gWuTty99edbW5OVZnnJtUtAwAgQIECBAgAABAgQIECBAgAABAolA8nTrrttW/suysnspcM0kmtgPDg2FwfXrmxhpCAECBAgQIECAAAECBAgQIECAAAECUWBsdDSM7d+/ajAErku8lZs2bwl9/X1LnMVwAgQIECBAgAABAgQIECBAgAABAseewMT4RNiz6/ZV9cUFrku8nb19feG4JHS1tMASIQ0nQIAAAQIECBAgQIAAAQIECBA4tgSSpQR2J2Hr5MTEqvreAtcW3M6BtWvDho0bWzCTKQgQIECAAAECBAgQIECAAAECBAgcGwL79u4Nhw4eXHVfVuDaolu6bnAwDG3Y0KLZTEOAAAECBAgQIECAAAECBAgQIEBg9Qrs37cvHBgbW5VfUODawtsqdG0hpqkIECBAgAABAgQIECBAgAABAgRWpcBqDlvjDRO4tvjXNl1eYDhZXqCrxRObjgABAgQIECBAgAABAgQIECBAgMBKFkjWbN03sjqXEai9LQLXWo0WHccXaa3fMBz6+vtaNKNpCBAgQIAAAQIECBAgQIAAAQIECKxcgYnxiTC6b2TVvSCr7I4IXMtUWlQ3ODQUBofWe9q1RZ6mIUCAAAECBAgQIECAAAECBAgQWGECyVOtY/tHk5/9K+zCm79cgWvzdosa2dPTE9YODoV169YJXhclphMBAgQIECBAgAABAgQIECBAgMCKF0iC1gMHDoSDY/vD1NTUiv86jXwBgWsjWkvo293dHeL6rmsG1lpqYAmOhhIgQIAAAQIECBAgQIAAAQIECHSuQFw64PChg+HQwYNhenq6cy+0jVcmcG0j7nxTx6de+/r7Q29f8tPbG2I5BrJdXcmbtrxsaz429QQIECBAgAABAgQIECBAgAABAp0gkDy9OjMzkwaq8enVycnJZG3W8TAxPn7MPc1adjsErmUq6ggQIECAAAECBAgQIECAAAECBAgQINCEgMC1CTRDCBAgQIAAAQIECBAgQIAAAQIECBAgUCYgcC1TUUeAAAECBAgQIECAAAECBAgQIECAAIEmBASuTaAZQoAAAQIECBAgQIAAAQIECBAgQIAAgTIBgWuZijoCBAgQIECAAAECBAgQIECAAAECBAg0ISBwbQLNEAIECBAgQIAAAQIECBAgQIAAAQIECJQJCFzLVNQRIECAAAECBAgQIECAAAECBAgQIECgCQGBaxNohhAgQIAAAQIECBAgQIAAAQIECBAgQKBMQOBapqKOAAECBAgQIECAAAECBAgQIECAAAECTQgIXJtAM4QAAQIECBAgQIAAAQIECBAgQIAAAQJlAgLXMhV1BAgQIECAAAECBAgQIECAAAECBAgQaEJA4NoEmiEECBAgQIAAAQIECBAgQIAAAQIECBAoExC4lqmoI0CAAAECBAgQIECAAAECBAgQIECAQBMCAtcm0AwhQIAAAQIECBAgQIAAAQIECBAgQIBAmYDAtUxFHQECBAgQIECAAAECBAgQIECAAAECBJoQELg2gWYIAQIECBAgQIAAAQIECBAgQIAAAQIEygQErmUq6ggQIECAAAECBAgQIECAAAECBAgQINCEgMC1CTRDCBAgQIAAAQIECBAgQIAAAQIECBAgUCYgcC1TUUeAAAECBAgQIECAAAECBAgQIECAAIEmBASuTaAZQoAAAQIECBAgQIAAAQIECBAgQIAAgTIBgWuZijoCBAgQIECAAAECBAgQIECAAAECBAg0ISBwbQLNEAIECBAgQIAAAQIECBAgQIAAAQIECJQJCFzLVNQRIECAAAECBAgQIECAAAECBAgQIECgCQGBaxNohhAgQIAAAQIECBAgQIAAAQIECBAgQKBMQOBapqKOAAECBAgQIECAAAECBAgQIECAAAECTQgIXJtAM4QAAQIECBAgQIAAAQIECBAgQIAAAQJlAgLXMhV1BAgQIECAAAECBAgQIECAAAECBAgQaEJA4NoEmiEECBAgQIAAAQIECBAgQIAAAQIECBAoExC4lqmoI0CAAAECBAgQIECAAAECBAgQIECAQBMCAtcm0AwhQIAAAQIECBAgQIAAAQIECBAgQIBAmYDAtUxFHQECBAgQIECAAAECBAgQIECAAAECBJoQELg2gWYIAQIECBAgQIAAAQIECBAgQIAAAQIEygQErmUq6ggQIECAAAECBAgQIECAAAECBAgQINCEgMC1CTRDCBAgQIAAAQIECBAgQIAAAQIECBAgUCYgcC1TUUeAAAECBAgQIECAAAECBAgQIECAAIEmBASuTaAZQoAAAQIECBAgQIAAAQIECBAgQIAAgTIBgWuZijoCBAgQIECAAAECBAgQIECAAAECBAg0ISBwbQLNEAIECBAgQIAAAQIECBAgQIAAAQIECJQJCFzLVNQRIECAAAECBAgQIECAAAECBAgQIECgCQGBaxNohhAgQIAAAQIECBAgQIAAAQIECBAgQKBMQOBapqKOAAECBAgQIECAAAECBAgQIECAAAECTQgIXJtAM4QAAQIECBAgQIAAAQIECBAgQIAAAQJlAgLXMhV1BAgQIECAAAECBAgQIECAAAECBAgQaEJA4NoEmiEECBAgQIAAAQIECBAgQIAAAQIECBAoExC4lqmoI0CAAAECBAgQIECAAAECBAgQIECAQBMCAtcm0AwhQIAAAQIECBAgQIAAAQIECBAgQIBAmYDAtUxFHQECBAgQIECAAAECBAgQIECAAAECBJoQELg2gWYIAQIECBAgQIAAAQIECBAgQIAAAQIEygQErmUqba7bvm1r+M1fPy2ceo+7hbvc6eRwwvHbwqaNw2FgYE3o6upq89lNT4AAAQIECBBor8DMzEw4dOhw2LN3JNxy687w05/dGK7/4Y/Dd777/bBj523tPXmHzD453BUOn9wdxk/sDhNbu0IsTw12hZm+5AL9c69D7pLLIECAAAECBJoWmEn+STMRQs/YTOgdmQl9t82E/punw5obp9Ny0/OukoEC12W6kcPDG8KjH/GwcMbpDwqnnXrKMp3VaQgQIECAAAECnSXw/etvCF/66j+Hz33xK2FkZF9nXdwSr2Z6bVcYu3dPOPBr3eHwSd1LnM1wAgQIECBAgMDKFFhz03RY94PpMPifU6H7YJLMHoObwLXNNz0+zfrUJ50dfv/sR3t6tc3WpidAgAABAgRWjkB8CvZjn/pc+NDff2rFP/Uan14dfUBvGP2tHk+vrpxfQVdKgAABAgQItFsgyVrX/9tUWP+vk8fcU68C1zb+cj3zaeeFZz3jfEFrG41NTYAAAQIECKxsgRi8vvd9V4bLP/DRFflFRh7SG0Ye2itoXZF3z0UTIECAAAECyyKQBK/DX5sMw1+fXJbTdcJJBK5tuAv3OOWu4aUveo6lA9pga0oCBAgQIEBgdQrEpQbe+JZ3hx/e8JMV8QXHT+gOex7Za+mAFXG3XCQBAgQIECDQCQJxqYFNn58M/bdMd8LltPUaBK4t5n3UmaeHV77sRZ5qbbGr6QgQIECAAIHVLxCfdn3N698Srrn2qx39Zcfu1RN2PT55+5WXX3X0fXJxBAgQIECAQAcKJE+7bv70RBi8bqoDL651lyRwbZ1lOP/cs8ILn3dBC2c0FQECBAgQIEDg2BN467uuCFdedXVHfvHR3+4Ne85MlhCwESBAgAABAgQINC2w6drJsP6bq3eJAYFr078axYHC1qKHEgECBAgQIEBgKQKdGLoKW5dyR40lQIAAAQIECBQFVnPoKnAt3uumSnEZgUsvuaipsQYRIECAAAECBAiUC7z6dW/umOUF0mUEzkqWEbARIECAAAECBAi0TGDz1atzeQGB6xJ/ReILsi5/1xut2bpER8MJECBAgAABAvUCcU3XZz7vpUf9RVrxBVm3PrPfmq31N0iZAAECBAgQILBUgWRN1+MvH191L9ISuC7xF+O973hDOO3UU5Y4i+EECBAgQIAAAQJlAt+//obwrAsvLmtatrodF/SHwyd1L9v5nIgAAQIECBAgcCwJrLlpOmy/YnxVfWWB6xJu5zOfdl549gVPWcIMhhIgQIAAAQIECCwk8J4rPhwu/8BHF+rWlvaRh/SGkd/1kqy24JqUAAECBAgQIFAVGP6nyTD89dXzEi2Ba5O/2tu3bQ2fvPLvLCXQpJ9hBAgQIECAAIHFCsSlBc45/4/Djp23LXZIS/pNDneFm5+/xlICLdE0CQECBAgQIEDgCALJ0gInvv1w6B1JDlbBJnBt8ia+5AXPDuee85gmRxtGgAABAgQIECDQiMBVn/xsuOxt72lkyJL77vm9vjB6v54lz2MCAgQIECBAgACBhQXWf2sqbPrCxMIdV0APgWsTN2l4eEO45hPv93RrE3aGECBAgAABAgSaEYhPuT7qCU8PIyP7mhne8JjptV3hly/xdGvDcAYQIECAAAECBJoVSB5uvcNlh0P3wZX/lKvAtYlfgvPPPSu88HkXNDHSEAIECBAgQIAAgWYF3vquK8KVV13d7PCGxo3+dm/Yc6a1WxtC05kAAQIECBAgsESBTddOhvXfXPlruQpcm/hFeO873hBOO/WUJkYaQoAAAQIECBAg0KzA96+/ITzrwoubHd7QuB0X9IfDJ3U3NEZnAgQIECBAgACBpQmsuWk6bL9ifGmTdMBogWuDNyG+LOtTH1ne9cMavETdCRAgQIAAAQKrVuDsJz+77S/PSl+W9YJkOQEbAQIECBAgQIDAsguc+LaV//IsgWuDvzaPOvP0cOklFzU4SncCBAgQIECAAIFWCLz6dW8O11z71VZMNe8cY/fqCbvO6pu3XQMBAgQIECBAgED7BDZfPREGr5tq3wmWYWaBa4PIL3nBs8O55zymwVG6EyBAgAABAgQItELgqk9+Nlz2tvb+tdGe3+sLo/fracXlmoMAAQIECBAgQKBBgfXfmgqbvjDR4KjO6i5wbfB+vP1Nrwn3vc+9GhylOwECBAgQIECAQCsEvv3v14Xn/8krWzHVvHPs/IP+cOhO1m+dF0gDAQIECBAgQKCNAgM/mw7bPriy13EVuDb4C/LxD707nHjC9gZH6U6AAAECBAgQINAKgZtv2RGe+NTntGKqeee4+cI1YXJT17ztGggQIECAAAECBNon0LtnJpz4jsPtO8EyzCxwbRD5y5/9SFi7dqDBUboTIECAAAECBAi0QuDgwUPh4Y95ciummneOX1w8EGb6523WQIAAAQIECBAg0EaBruTh1ju+4VAbz9D+qQWuDRr/y5c+Gbq6PPHQIJvuBAgQIECAAIGWCMzMzIQHnnFOS+aab5IbX5H8n+v+uTcfj3oCBAgQIECAQHsFZkI4+S8ErjXIiUiIP/Gzsq/sklLyj+NYu2X78Wn7Sv34P1/+1Eq9dNdNgAABAgQIEFgVAr/z8LPb+j1u/DN/zdRWYJMTIECAAAECBBYQOPm1AtcaIoFrDYZDAgQIECBAgACBNggIXNuAakoCBAgQIECAQAcJCFwLN0PgWuBQIECAAAECBAgQaLmAwLXlpCYkQIAAAQIECHSUgMC1cDsErgUOBQIECBAgQIAAgZYLCFxbTmpCAgQIECBAgEBHCQhcC7dD4FrgUCBAgAABAgQIEGi5gMC15aQmJECAAAECBAh0lIDAtXA7BK4FDgUCBAgQIECAAIGWCwhcW05qQgIECBAgQIBARwkIXAu3Q+Ba4FAgQIAAAQIECBBouYDAteWkJiRAgAABAgQIdJSAwLVwOwSuBQ4FAgQIECBAgACBlgsIXFtOakICBAgQIECAQEcJCFwLt0PgWuBQIECAAAECBAgQaLmAwLXlpCYkQIAAAQIECHSUgMC1cDsErgUOBQIECBAgQIAAgZYLCFxbTmpCAgQIECBAgEBHCQhcC7dD4FrgUCBAgAABAgQIEGi5gMC15aQmJECAAAECBAh0lIDAtXA7BK4FDgUCBAgQIECAAIGWCwhcW05qQgIECBAgQIBARwkIXAu3Q+Ba4FAgQIBAGwXWrh0IAwMD+RnGxg6E8fHxvNzug66urrBx43B+mqmpybBv3/68HA82bBgKPT29ed3IyL4wPT2dlx0QIECgGQGBazNqxhAgcLQELr3n08KFp5yVn/7Cf3tr+NiNX8vLDggQIEBgroDAtWAicC1wKBAgQKCNAuvWrQ0xdM22/fvHwuHDjQWu/f19ob+/P0xMTDQ8tru7K2zatDE7fZicnAwjI6N5OR4MD68Pvb2zgeuePSMC14KQAgECzQgIXJtRM4YAgaMl8Ib7/HH401PPy0//tH95ffjgz/4xL9cenDZ8p/Ciuz8h3HhgR3jnDZ8Ou8eL/7aq7dvo8Ya+deG5d3tcuMeGO4a333B1+M7uHzc6hf4ECBBYNgGBa4Fa4FrgUCBAgEAbBZYauPb29iSB6Ib8CkdH9ydPyE7k5YUOBK4LCWknQKBdAgLXdsmalwCBdggsNnDtCl3hx49/f7jr0InpZbzzx58OF37rrS27pL/89T8Kl5x2fjrfrYd2h5M/9ZQwMT3ZsvlNRIAAgVYKCFwLmgLXAocCAQIE2iiw1MB1YGBNGBxcl1/hwYOHwoEDB/PyQgcC14WEtBMg0C4BgWu7ZM1LgEA7BBYbuB4/cFy4+Ql/n8SuXellxCdQ7/v557Xskr58xhvDw7b/Rj7fKZ95evjx6E152QEBAgQ6SUDgWrgbAtcChwIBAgTaKLDUwLWyBuuG0N3dHWZmZpLlAPaFqanFr68qcG3jzTU1AQJHFBC4HpFHIwECHSaw2MA1XvaHH/TycP6vPDxMzUyHZ3/zsnDFTz/fsm/z+yc/NHz4gS8Pfd294Zqb/2949Fdf3rK5TUSAAIFWCwhcC6IC1wKHAgECBNoosNTANbu0vr7eZP3VqTR0zeoWsxe4LkZJHwIE2iEgcG2HqjkJEGiXQCOBa7yG+2++R7j54K7wywO3tfyStg9sSpcs+Jfbv9/yuU1IgACBVgoIXAuaAtcChwIBAgTaKNCqwLXZSxS4NitnHAECSxUQuC5V0HgCBJZToNHAdTmvzbkIECDQqQIC18KdEbgWOBQIECDQRoFWBa5xaYG4pECjm8C1UTH9CRBolYDAtVWS5iFAYDkEmg1c1/asSS/v4NThll1md/Lvvjjv2OShpueMc2zqXx92Hx4NM8n/bAQIEGiHgMC1oCpwLXAoECBAoAGB/v7+0NvbE3p6ukNXV3eYnp5O1lSdCvFlVmVbs4FrDFjXrOlPf3p6epJzVQLXeL6JiYnkfIfTc5eds7ZO4Fqr4ZgAgeUUELgup7ZzESCwVIHFBq6nDd8pPPOujwynb/v1cPLgtrBlzXCYTv5P8Z/svzn8596fhm/c9r3wjhuuDhPTkw1d0t033DH84Z3PDA/Ycmq433F3D0N9a8ONYzvTOf/qBx8J/3zbkZcXeOCW08IZx98nPHjrPcO9N90lbF2zMfQk/1aNoe0PRn4ertv7/8JVN/5T+Pwt32rounQmQIDAkQQErgUdgWuBQ4EAAQKLEIhrqK4bXBd6k/CzbNu9e2/pE6jNBK5r1qwJg4Nr05C17FxZXQx5Dxw4mBVL9wLXUhaVBAgsg4DAdRmQnYIAgZYJLBS43ve4U8Lbf+sFaSC60EljuPnMf/3r8G+7b1ioa9r+kG33Cp9+6GvCxv6h0v7xCdXLf/L5cOG33hoOT0+U9rn+sVeEeySh7ULb+3/6xXDRd94Z9o7vX6irdgIECCwoIHAtEAlcCxwKBAgQWEAgPtE6PLzhiL1aFbgOJqHuwEDlT9OOeMJq4/j4eNi/fywJe8t7C1zLXdQSINB+AYFr+42dgQCB1gnMF7jGP82/+NQnhVff+xmhr7t30SecmpkOz/rmm8L7fvqFI445+w4PClc+6BVhoKf/iP1i41t+9Ilw0bffWdpvsYFrHBxf9nX/L1wYbjpwe+lcKgkQILBYAYFrQUrgWuBQIECAwBEE4p/yDw+vT5YQmH2yNa6lOj4+kS4lEIfG5QXGxg6Uhp6NPOFa3zfOHc8TlxCIyxZ0d/eEvr6eZJmBYiB7+HAldI396zeBa72IMgECyyUgcF0uaechQKAVAmWB64d//qXw0QdfGp54x4cUThH/RP8Tv/hG+OG+G8OOQ3vCXYZOCPEp1af8yhkhBrTZFv+c/96fe3b46f5bsqrCfn3fuvDzsz6UrrWaNXzp1n8Pb73hk2HP+Gh43Em/E1566rmhK/lf3OKTro/+ystLlwX43Ol/GQ4k68j+x57/Cj9PliK47dDesHVgY/jV9SeG804+fc7Tr5/+5b+Es752aXZaewIECDQlIHAtsAlcCxwKBAgQOIJAfNo0PnWabXEN1X37RpMAdDqrOuK+PkSNT6PGgLR+i6Htxo3DheoY4h46NPcFDHEd2fXrBwt9R0ZGw+Tk3LXCBK4FJgUCBJZRQOC6jNhORYDAkgXKAtcHbT0tPPduj8vn/vHoTeGS/3hvGraWvYjqNzbdNXzmd18b7rBuaz7m6zuvCw/9xxfn5dqDl556Xvjr+/xxXhX7PvxLLw2TM1N53Z8kgesb7/OcvPzPyRqxD772ory8mIPerp7wwrufE970m88tdD/vG69J13UtVCoQIECgAQGBawFL4FrgUCBAgMARBIaGBtMXV2Vd5gtMs/b6/WID1xigxiA12xZan7U+CI5hawxd6zeBa72IMgECyyUgcF0uaechQKAVAvWB678nT4reZ9Ov5lN/d89Pwplfvjjcdngkrys7+M3j7ha+ceabw9qe2b9IOumTT0r/jL++fwxnH3vSA/LqR3z5f4Rrb/12Xo4HcamBX579kbB5TWV5q/2TB8OGjz4+fdq10HERhXfe70XheTUBcnyJVgxdbQQIEGhWQOBakBO4FjgUCBAgcASBuHZrXMM12/bsGQnxKdfFbosNXOuD3Tj/fE+4rlnTnz51G5c7yLa47MC+fXNffiBwzYTsCRBYbgGB63KLOx8BAksRqA9ca+f6v7t+GB75lUvSP/OvrZ/v+GMPeVVhGYLHfPUV4XM3f3NO9x889vJw6oaT8/rjPnZO6Tn+6b9dFh667d55v1M+8/QQn7ZtdDtp3ZY0vM3G/WjfL8I9/uGCrGhPgACBhgUErgUygWuBQ4EAAQJHENi0aThZO7U777Fr1578eDEHiw1c41zxqdXYvzZIrQ9dY9gaw9na7cCBgyE+EVu2CVzLVNQRILAcAgLX5VB2DgIEWiUwX+Aan3Q9/R9fEvZNHFj0qV72a08Or/uNZ+X9X/7d/xVe9/0r83J28OPHvT9ZY/WktBiXEei/8pGlT65+4iF/Hs6544OzYeG+n39e+M7uH+flRg5uf+In8qdl44u9hj762HBoau5yV43MqS8BAseugMC1cO8FrgUOBQIECBxBIL4wq7d39o207XrCNbuEvr7eZH3WoTx0jS/o2rt3X/pUbXxxV7yeLJCNbXGJg/hirfk2get8MuoJEGi3gMC13cLmJ0CglQJlgWtcp/UBX3hBiE+4NrI9/S6PCO97wMX5kNf/4CPp2q95RfXgmoe9LjzyhPvl1fMtPfCtR74z/NZxp+T9hq96fEMBcD4wOfjPR78n3GvjnfOqrR9/Yrh9gWUS8s4OCBAgUCcgcC2ACFwLHAoECBA4gkD9n/rv338geenV3BdZzTdFI0+4ZnP09/eloWtWHh8fD6OjY2HDhvUhBrLZtphrEbhmWvYECCy3gMB1ucWdjwCBpQiUBa7v/+kXwzP+9Q0NT7vYwDW+DCu+FCvbnvN//yb83X99Nium+zsmL+D6r8d/IPR3V/4N+POxHeFOVz+10KeRgsC1ES19CRBYSEDgWhASuBY4FAgQIHAEgRhwxqAz26anZ5LwczRMTs6+PTZrK9s3E7jGeeqD3rhkwNq1A/kp5luzNe9QPRC41osoEyCwXAIC1+WSdh4CBFohUB+4jiZLCNz9H54Rbjm4u+HpFxu43nno+PCjx74v9FXD1F8euC085NoXh5+N3ZqeM9Z/9MGvDGff4UH5NVz07XeGt/zoE3m50YPrHv3ecM+Nd8qHecI1p3BAgEATAgLXAprAtcChQIAAgQUE6pcViN1j4Dk1FUPXrnSN1+6e7tCdvMQq/rl/XFP10KHKU7D1gWscd+jQeJhJ1sw60haXDxgcXDdvlxjAxrlqt3juuMxA7dbX11cIaicnJ8PIyGhtl3SZgqUsm1CYTIEAAQJVAYGrXwUCBDpZ4OHb75P8u232Cv/4Vx8bzjv5d/OKj974T8nTpv+Qlxd7kPxrMLzglLPD4+/wwHzIh372pfCZm/41+dP9vXlddvDKez4t/G7NC7F2HNoT/vbHnwlx/4y7/F64/+Z7ZF3TtVbP/carw8TMZJhKXuIalzxoZNvUvz7879/5H2Ftz5p82FKWJ8gncUCAwDErIHAt3HqBa4FDgQABAgsIxCAzhq4xBF3MNjq6P19Xtb+/P1keoPiSq8XM0Uyf6eQf3rUv+CqbIwbB8UVctVt9oNzoOrW1czkmQIBAJiBwzSTsCRDoRIGp869N/8/y5bq2veP7w8b+oeU63aLOc+PYzvArVz9lUX11IkCAQJmAwLWgInAtcCgQIEBgAYG4rEB8UrX2KdD5hhw6dCgJNA8WmusDzUJjCwsLBa61L+CqPW399Qlca3UcEyDQrIDAtVk54wgQWA6Bd9//xeGPf/UxbT9VXHP15MFtYWR8rOMC1z/65hvD5T/5fNsNnIAAgdUrIHAt3FuBa4FDgQABAvMI9CTLBMQ/649/lj/fFkPMuLRA/InrumZLCdT2j0/Ixnniy7DicaNbnPfgwYNhYGCg8NKs+nnmC1zjNcY54pOtlWUQiiNrA9fx8Ymwf//+ZGmCYh8lAgQINCogcG1UTH8CBJZTIL6E6iv/7U3hgVtOa8tpbz20O3zh5n8LL/r2O8IL735OeMk9fn/BwHV8Oln6aWIs/Mee/wp7kidiH7D51LBlzXBY1zu7BMBSL3YqWdbq+yM/C3/1g4+ED//sy0udzngCBI5xAYFr4RdA4FrgUCBAgMA8AjHgHBxcO6c1hpKHD48nIeZkiCHnSt/iC7ricgnj4+NJsHtopX8d10+AQIcICFw75Ea4DAIECBAgQIBAmwQErgVYgWuBQ4EAAQJHEBge3pAsJdCTPvEZlwuIT7CuhpD1CF9ZEwECBFoiIHBtCaNJCBAgQIAAAQIdKyBwLdwagWuBQ4EAAQJHEIhh69q1A+HAgYPJn+Ov/KdZj/BVNREgQKClAgLXlnKajAABAgQIECDQcQIC18ItEbgWOBQIECBwjAvEF4L19/cn68uGdKmEGC7bCBAgsFQBgetSBY0nQIAAAQIECHS2gMC1cH8ErgUOBQIECBzDAvHp3Ri4xi0ulRBfrjU6uv8YFvHVCRBolYDAtVWS5iFAgAABAgQIdKaAwLVwXwSuBQ4FAgQIHMMCGzduSF+YFZ9q9cKsY/gXwVcn0AYBgWsbUE1JgAABAgQIEOggAYFr4WYIXAscCgQIEDiGBYaH1ycvBesNIyOjydOtk8ewhK9OgECrBQSurRY1HwECBAgQIECgswQEroX7IXAtcCgQIEDgGBXoShZtjUsKxJ/x8Yn0xWAzMzMh+zlGWXxtAgRaJCBwbRGkaQgQIECAAAECHSogcC3cGIFrgUOBAAECx6jA0NBgWLOmf863n5iYCPv2Wcd1DowKAgQaEhC4NsSlMwECBAgQIEBgxQkIXAu3TOBa4FAgQIDAMSowMLAmXU6g/uvHtVynpqbqq5UJECDQkIDAtSEunQkQIECAAAECK05A4Fq4ZQLXAocCAQIECBAgQIBAywUEri0nNSEBAgQIECBAoKMEBK6F2yFwLXAoECBAgAABAgQItFxA4NpyUhMSIECAAAECBDpKQOBauB0C1wKHAgECBAgQIECAQMsFBK4tJzUhAQIECBAgQKCjBASuhdux+gPXf/nSJ0N8+7aNAAECBAgQIEBg+QVmZmbCA884p60nvvEVAyH4515bjU1OgAABAgQIEJhXIIkXT/6LQ/M2r4SG23fcmlxmVzVDTP5hWf23ZdfQ1tOSrxcD1LJtvqbYvzJmJhubFpNS8o/j2LZl+/FlE66Yui9/9iNh7drkH+E2AgQIECBAgACBZReIL997+GOe3Nbz/uLigTDT39ZTmJwAAQIECBAgQGAega7xEO74BoFrDc/qD1w//qF3hxNP2F7znR0SIECAAAECBAgsl8DNt+wIT3zqc9p6upsvXBMmN3nEta3IJidAgAABAgQIzCPQu2cmnPiOw/O0roxqT7g2eJ/e/qbXhPve514NjtKdAAECBAgQIECgFQLf/vfrwvP/5JWtmGreOXb+QX84dKfueds1ECBAgAABAgQItE9g4GfTYdsHk8dcV/AmcG3w5r3kBc8O557zmAZH6U6AAAECBAgQINAKgas++dlw2dve04qp5p1jz+/1hdH79czbroEAAQIECBAgQKB9Auu/NRU2fWGifSdYhpkFrg0iP+rM08Oll1zU4CjdCRAgQIAAAQIEWiHw6te9OVxz7VdbMdW8c4zdqyfsOqtv3nYNBAgQIECAAAEC7RPYfPVEGLxuqn0nWIaZBa4NIm/ftjV86iPtfaqiwUvSnQABAgQIECBwzAic/eRnhx07b2vr950c7go3v2BNW89hcgIECBAgQIAAgXKBE992OPSOxPdErdxN4NrEvXvvO94QTjv1lCZGGkKAAAECBAgQINCswPevvyE868KLmx3e0LgdF/SHwydZx7UhNJ0JECBAgAABAksUWHPTdNh+xcpevzUSCFyb+EU4/9yzwgufd0ETIw0hQIAAAQIECBBoVuCt77oiXHnV1c0Ob2jc6G/3hj1n9jY0RmcCBAgQIECAAIGlCWy6djKs/+bk0ibpgNEC1yZuwvDwhnDNJ94furq6mhhtCAECBAgQIECAQKMCMzMz4VFPeHoYGdnX6NCm+k+v7Qq/fEmyrIB/7jXlZxABAgQIECBAoGGBZBWBO1x2OHQfXNnLCcTvLXBt+O5XBrzkBc8O557zmCZHG0aAAAECBAgQINCIwFWf/Gy47G3Lu47+nt/rC6P362nkMvUlQIAAAQIECBBoUmD9t6bCpi9MNDm6s4YJXJu8H/HlWZ+88u885dqkn2EECBAgQIAAgcUKxKdbzzn/j9v+sqz660lfnvV8T7nWuygTIECAAAECBFoukDzUeuIb3gOCAAAcPUlEQVTbV/7LsjIXgWsm0cT+mU87Lzz7gqc0MdIQAgQIECBAgACBxQq854oPh8s/8NHFdm9pv5GH9IaR37WWa0tRTUaAAAECBAgQqBMY/qfJMPz1lb92a/a1BK6ZRJP7977jDeG0U09pcrRhBAgQIECAAAECRxL4/vU3hGddePGRurS9bccF/eHwSd1tP48TECBAgAABAgSORYE1N02H7VeMr6qvLnBd4u28xyl3DZe/642WFliio+EECBAgQIAAgXqBuJTAM5/30vDDG35S37Ss5fETusOtz+z3Aq1lVXcyAgQIECBA4JgQSJYSOP7y8dB/y/Sq+roC1xbczkedeXq49JKLWjCTKQgQIECAAAECBDKBV7/uzeGaa7+aFY/qfuxePWHXWX1H9RqcnAABAgQIECCw2gQ2Xz0RBq+bWm1fKwhcW3RLzz/3rPDC513QotlMQ4AAAQIECBA4tgXe+q4rwpVXXd1RCKO/3Rv2nGk91466KS6GAAECBAgQWLECm66dDOu/uXrWba29EQLXWo0lHgtdlwhoOAECBAgQIEAgEejEsDW7MULXTMKeAAECBAgQINC8wGoOW6OKwLX5343SkXF5gVe+7EXWdC3VUUmAAAECBAgQmF8grtn6mte/pWOWEZjvStPlBR6fLC/QNV8P9QQIECBAgAABAqUCyZqtmz+9OpcRqP2+AtdajRYdxxdpvfRFzwmnnXpKi2Y0DQECBAgQIEBgdQt8//obwhvf8u6j/oKsxSrHF2nteWRvOHxS92KH6EeAAAECBAgQOKYF1tw0HTZ9fnLVvSCr7KYKXMtUWlT3zKedF571jPM97doiT9MQIECAAAECq08gPtX63vddGS7/wEdX5JcbeUhvGHlosq6rp11X5P1z0QQIECBAgMAyCCRPtQ5/bTIMf311rtdaJihwLVNpYd32bVvDU590dvj9sx8teG2hq6kIECBAgACBlS0Qg9aPfepz4UN//6mwY+dtK/rLTA53hdEH9IbR3+oRvK7oO+niCRAgQIAAgZYKJEHr+n+bCuv/dTL0jiSFY2gTuC7TzR4e3hAe/YiHhTNOf5ClBpbJ3GkIECBAgACBzhOISwd86av/HD73xa+EkZF9nXeBS7ii6bVdYezePeHAr3VbamAJjoYSIECAAAECK1sgLh2w7gfTYfA/p0L3wWMraM3unMA1k1jGfXzq9Td//bRw6j3uFu5yp5PDCcdvC5s2DoeBgTWegl3G++BUBAgQIECAQHsE4tOrhw4dDnv2joRbbt0ZfvqzG8P1P/xx+M53v7/in2ZdrFh86vXwyd1h/MTuMLG1K8Ty1GBXmEnetWX5gcUq6keAAAECBAh0rECSo3ZNhNAzNpM+vdp320zov3k6rLlx+ph7mrXsHglcy1TUESBAgAABAgQIECBAgAABAgQIECBAoAkBgWsTaIYQIECAAAECBAgQIECAAAECBAgQIECgTEDgWqaijgABAgQIECBAgAABAgQIECBAgAABAk0ICFybQDOEAAECBAgQIECAAAECBAgQIECAAAECZQIC1zIVdQQIECBAgAABAgQIECBAgAABAgQIEGhCQODaBJohBAgQIECAAAECBAgQIECAAAECBAgQKBMQuJapqCNAgAABAgQIECBAgAABAgQIECBAgEATAm0LXEOYSf6XbNWPmZl4MBO2bD++ics0hAABAgQIECBAgAABAgQIECBAgAABAp0vUBa4diWX3TW09bQkIU3T0pJvMV9TJVStDBC4lsCpIkCAAAECBAgQIECAAAECBAgQIEBgFQsIXFfxzfXVCBAgQIAAAQIECBAgQIAAAQIECBBYXgGB6/J6OxsBAgQIECBAgAABAgQIECBAgAABAqtYQOC6im+ur0aAAAECBAgQIECAAAECBAgQIECAwPIKCFyX19vZCBAgQIAAAQIECBAgQIAAAQIECBBYxQLNB64RZc47tbw0axX/rvhqBAgQIECAAAECBAgQIECAAAECBAgsICBwXQBIMwECBAgQIECAAAECBAgQIECAAAECBBYrIHBdrJR+BAgQIECAAAECBAgQIECAAAECBAgQWEDgKASu25NL6lrgsjQTIECAAAECBAgQIECAAAECBAgQIEBgpQnMhNt37Eguuit0dcUMNPmp/Be6hraelizIOmeR1uo3rNbPaY4VWeVM5SgtJsczlbYt27YlJ+muzmNHgAABAgQIECBAgAABAgQIECBAgACBVSIwMx1u37kz+TLLGLget3Vr6O7uWSWCvgYBAgQIECBAgAABAgQIECBAgAABAgQqAtPTU2H3bbclhWUMXDdu3hx6e/vcAwIECBAgQIAAAQIECBAgQIAAAQIECKwqgcnJibB3167kOy1j4LpheGPoHxhYVZC+DAECBAgQIECAAAECBAgQIECAAAECBMYPHQr7RvYmEMsQuCaLuCZrus6EwaGhsHZwiD4BAgQIECBAgAABAgQIECBAgAABAgRWlcDBsf1hbP/+GLcmmWubX5qVBa5rkqdb1ydPudoIECBAgAABAgQIECBAgAABAgQIECCwmgRGk6dbDydPuS5r4NqTvDBrU/LiLBsBAgQIECBAgAABAgQIECBAgAABAgRWk8Ce5IVZU8mLs5Y1cI2Am7ZsCT09vavJ0nchQIAAAQIECBAgQIAAAQIECBAgQOAYFpiamgx7br89FWhh4Brnm66yxhVbs8PkqLqGa6wZXL8+rF03mLXaEyBAgAABAgQIECBAgAABAgQIECBAYEULHDwwFsZGR9PvkAeu6Tqu8RVayc/Q1tNiSjrPl6zWlzbHyspP3pyErbWBa29fX9h43OZ55lZNgAABAgQIECBAgAABAgQIECBAgACBlSWwd/euMDkxkV70sgeuMY/dtNWyAivrV8bVEiBAgAABAgQIECBAgAABAgQIECBQJpAuJ3BbspxAfJQ12ZYhcE3OMjNdfV42Pu0awtrBwXRpgfQKfBAgQIAAAQIECBAgQIAAAQIECBAgQGCFCsSlBA6OjVUD1zRuTY67awLY5PDISwrEb14JTucaJPVptFq7hmul/0xcWqA6rqu7K2zeurVy4rmTqCFAgAABAgQIECBAgAABAgQIECBAgEDnCyQPmu667bbkedMk+0yfcE0C13Tt1qSQP/G6DIFrlBocGgprkx8bAQIECBAgQIAAAQIECBAgQIAAAQIEVqLAwf37w1jyk24LB66xW3wqtWxL6kubYmXlJ29OD5InXmuecI0zxqdqj9uyLdknBzYCBAgQIECAAAECBAgQIECAAAECBAisIIGZ6emw+/adcTXVytbewDWeo7qsQDVwTRLXSk1NErt23bowuGG4ekV2BAgQIECAAAECBAgQIECAAAECBAgQWBkCY/tGwsEDB5KLnV07IH9hVqyr/Je2V9dwjV8sT0djoWar1s9pjhVZ5TyBa5wl7ZJ8JCHs8ObNoa9/Tc3cDgkQIECAAAECBAgQIECAAAECBAgQINC5AhPjh8PIrl1JqBrD1jxZTY7i8WxdPIrtbQxc4wli0Br3yZYErj29PWFTfIFWvBgbAQIECBAgQIAAAQIECBAgQIAAAQIEOlpgJuxJXpQ1NTlVDVeTi02jzTRurdYlFZX/0sbWBq4RJ67fmi4pkBYKgWsI02EgWVpgaHhTbLQRIECAAAECBAgQIECAAAECBAgQIECgYwX2j+wJh9KlBJJ3U6VPsyaXWh+4VuvT6qRx+QLX9GnXyqqygxs2hLWD6zsW0oURIECAAAECBAgQIECAAAECBAgQIHBsCxwcGw1j+/ZVELqSwLWStLYzcI3niusFVH6ylQMqSwhkT7nGfewXt3icvcZrJqzfuCmsWTtYafJJgAABAgQIECBAgAABAgQIECBAgACBDhE4fHAsjO7dk1xN5bnVUBe41q/fGi+7BU+4xmlimlpJVKuvzaoWY7gaa+I+9otbPJ4NXGPN+k3HhTUD6+KhjQABAgQIECBAgAABAgQIECBAgAABAkdd4PChA2F0z+7qdTQSuFYj16Gt96ymonkyWvKlql3mtMQxlXHlgWtsrp03CVzzcmVEfNJ1wJOuc2RVECBAgAABAgQIECBAgAABAgQIECCwvAKHqk+2Zk+rpmdP12iNSwpUt6Sctqf1yVGlc7Krjlp04Brnq81O0/lnA9fYmDZnH8m+UpMeVK8mHs8+5Rq7ziTl9cMbkzVdN1T72BEgQIAAAQIECBAgQIAAAQIECBAgQGB5BQ6O7QujI3uTd2N1Z9Fp5QLqlhOICWtlSYHYXAlcq1Fr2j95adYin3CN3WNCWtjSyLRakz/jGlPUat9Ylx3HbvF4NnCNNdNp3UxYu24wWdf1uKSmGgnHRhsBAgQIECBAgAABAgQIECBAgAABAgTaKjCTrNe6Oxw8MJZEk10hi1vznLIucK08yVoJWmP/uBU+ZwPX2BQD1LKtWj+nOVbMVuaRayFwjV2yPtX+NeUscI1n7e3tDUPDm0L/mrWxaCNAgAABAgQIECBAgAABAgQIECBAgEDbBMYPHwz7R/aEycnJyjnywLX6UGi2bED2kGhSzsPVeJAHrtX+sao9gWsyczVUrYSwSdCaZq5zA9f4TabTvrFP2imsGxoKg+s3Ji//6onNNgIECBAgQIAAAQIECBAgQIAAAQIECLRMYGZ6KoyN7g0H9u+vzFkNVrurAWr2zGolUE2T1WpVdTmBOCr2reasWQybVi8tcI1TVEPU6lFaTnPTGKBW2ucsKxAbap5yje0zWTnuk2UHurq7k9B1OAlfk7Vd08d241w2AgQIECBAgAABAgQIECBAgAABAgQINCmQ5I4H9u9LwtaRJIJMlj6NuWP2lGqyrwSnWYpaDVpnU9XZ9rRL8lHdp7v0kpIZFhe4xt5ZgFr/ZWKqGn9qPtPibP+5T7nGztlarpWR9U+55u3JF103tD4MDK5Plhzoj51tBAgQIECAAAECBAgQIECAAAECBAgQWLTA5OR4ODQ2moSto0kuWcky84c808A1Wbu1us8nzR8CrQ1Wq9FqNWhtY+AaL6M+dJ0NXGNbGrqmXapfKPbPvlx6HF+glYSwhbpKVJvV9a8ZCANr14W+gXWht0/4mt98BwQIECBAgAABAgQIECBAgAABAgQIFAQmJ8bDxKED4dDBA2H88KFKW/oUa3JYG64mx93J/7LwNO1Y2x4b0v9iypomrZVdtU+1Jm+rPuEap4lBaBaGxnL9Vm2b0yWrqOzzz/Qg+ajuZ+srR5XZY8BaPU8StM4kgWule16ZtBdD12xcd/KCrf6+gdDb3x96kvA1vnCruzv+ZI8Bz37V+m+iTIAAAQIECBAgQIAAAQIECBAgQIDAShdIMsQkO5xOlgaYnp5MX3w1lYSsk+PjYXziUJhOX4SVZIXZlgSkaWJYG6ZW62Lkmi0tUOlUHBcT1kramHxWJsn3lfp4kmqPypICsaIm5IzFOVu1PetWaI+VlYb8Mz1IPioVaXulKn5mlcm+8ERrbJkbuhbWd605b+xb2eI8WUN2kO2z+mQ/XVJX01w5LPYpluZ0VkGAAAECBAgQIECAAAECBAgQIECAQAMCswFlNmhuTdaS77vL+mR11X26qxynAWo+ODlIQ9a4i+1Z/2zF1hi2xs6z9flxrKuGsnld1re6r46qjk/mXL/1ntXIM4sWs308Sf2WtJU2Z5XVp1HjsHTWan26qxynPfKQNXac5ynXfI7KXDUzV+eOlxLnrJ4j39dUFdrjhMmWdc8KhXJa2cKP5iZvblQLL9tUBAgQIECAAAECBAgQIECAAAECx4TAbFjY6NdtfuSCZ6oGmXm/OaeKFdXKQltWiEFq1p7VxRHJcTV4zfaxdaGnW/O50vHZVc3OVTlD5TM9S6sD13jKSmCYfNYGq3msW1efhaJxUN6n+pRrOll1trStchyr07OkxRi71tVXm9NuhY/YL/mp7Z62z6ko6VOYqA2Fkmtow1lMSYAAAQIECBAgQIAAAQIECBAgQKBcIAsNy1tbXlt6urrKtBg/6urjxeRV+UFSVe2bVs3Wp0HofGFrOlfSNx9TMy59urVazsZn/atni8XZi0muoLWBa5y8Jv6sDUnTPLESKlaWCKgNGJPjatia7dMXaMXp4pYFsVmfNDGtGZ/XF84eC3Fw/KjZ6stZ03z1WXvtPum7mO6L6VM7rWMCBAgQIECAAAECBAgQIECAAAECK0GgJpOc93LzAHPeHnUN801aX5+Ua6pmn0BNpqsNRbPwNa2uDqhpT1+UFa8gq0v3NRPHQDVri3PlTfG4Uqj9jFPFTjWBa6zIEsJsH+tqt2p9aXNWOU/gGqfJg9GkT9o9G5O1JeW8T7yayv+yK5hdy7Vm7dasMe7z6bL22bqaq6odscBxnDCfdIG+TTa3efomr8owAgQIECBAgAABAgQIECBAgACBY1UgDxbbBRBP0PhJ8mC1MLT6cqtCXbzuakVXpX02OE0j0RiLzn65LGjNw9XK+Eoxm6emfxxbGrhW+qSBa5yikvtl6V+2nz1v5ahaX9pcW5nFm0ldWp21ZeV4wpo+2WlmqkFpNXSNoyq9svHVcvryq9m6I19bzRqxDYSnxdmLpexyy/eN9C2fQS0BAgQIECBAgAABAgQIECBAgACBlSNQG0YudNWzfWePFhoT26u90101ZM2G5RPlB9WWpJy8bKsQrqalmposZK0Gs5WB1fa8LdZmcyf79DCbI6uf7dNg4BoHJoFiaaZYW5mFqbF7rC+2VYpJXeW/2fa0Wwxdq/2r7cXQtW7umidik4GVbU5ddb60tfY4G1C/n+2TH+UH9X2VCRAgQIAAAQIECBAgQIAAAQIECBBYUKCaTdZGlLNB5pFG146oPU7GZKFo7fBYV62v9M7GxJA0C1OzAbEtCXCzLoX2pDKtzxvjCeeZO85X6VcXuMaGmCweKV1M2kqbi5V5LJqHn1l7dZ/VJ8VKTW199Thpme02W5eNyK421D/xmnUtv9A4LNnyTnXHaWP1Y7bP7NERutcOdUyAAAECBAgQIECAAAECBAgQIEDgWBeoySprDhOVYmmWqba+9ni2R+Wo2lbokhTSJ1pr+8YOlU75M6lpsVKXtuWhbV0YW1NfPGdxvtmzVevjS7OyyspBVsz2WWu2r9aXNtdWZpFrUpdXZwfV/WyaWu2S9a1ZgzU5bTpTNiTUtmXzpZ2ScDYr550rDdmlL7jPxtd2LKur+Uqxa3mX2kmaPG7bxE1ej2EECBAgQIAAAQIECBAgQIAAAQKrQyALHFv8bWqmrTmsO0lZS1ld3bC8mPTNu1cO0jVa87rYcbbQFZ9grVZloWulIn5mT7cuNmytTFQ96+w0tedbvy0JXKu5XmWXhXzZvmZceljoXNdYHDM7cW19dhz3yU9NsXKY1dUGq1m3SttMIXTNLiEbF6eNM8WfyjZ7lNXU7udpnae6dt7aWeLx7JDZo/o+ygQIECBAgAABAgQIECBAgAABAgRWj8Dc6HHud5sNPwtt81TXhqWF/kmhOCQpZU+hpg3F1jg2DVurbXNb5wtbKyNnz1YzMl+qoKYudq+5sq7GA9c4QRIozpsp1jZkkWt9/6xP3Ne0VasrT6pW2+Lpkq3alB+loetsZdon/UjrsoZknz/1Otul/qjSOxtT1zpPdV2vRRZbOtkiz6kbAQIECBAgQIAAAQIECBAgQIAAgaUK1AeMS5hv3qnmPn9aepY09MwmSfbZYW3ntLr6ZGu1Q7FbLCXnKwS2aVX1I+ud7WfbKjU19XUXUAhck2HVYDMGg0cKB6ttpV2KlVnkOjf4zPpVn2SNxawqOajkpFlFZZ+VZjtW6+tD1bR6tnf8XulW369SWW2cnTWvqD+Yb976fsoECBAgQIAAAQIECBAgQIAAAQIECFQFknCyNp8scSk2F0tp9ywYLYydO28eoOYnrMw1O2N2FMPWOFm1HHdZU7YEwWxF5azVa5gbC+cD036VwDUeVvPJyi4LK7N9Zc7Zz0Ln2er0qDhm/sA1do59s590cJhdLSCpr/xX6BN7V7bZo1ies35rpbLS9UifaQhbN9eR+te2FYfVttQcL6pTTX+HBAgQIECAAAECBAgQIECAAAECBDpZoBgwll7pIrrEcXO7JTWl4WrdWQp9KrPMhq1Z32p9VkzPVo1L06ZKe56vpv1iXfaTD6wctDdwjeeoBomleWKxcuHQtWa91jg0G159IjUrZmnsbHn2KP3WSbFyrrr6tDF+zFefd6j0ybol588Oa3t0xnHnXlln+LgKAgQIECBAgAABAgQIECBAgMCxLlANFDuMIb2qLDCtFBZxhfN9lxigJm1zmisVs9WV5QXycu3588p4GbFfoaJybYsMW2PneZ5wjU0x0DtSqFdtK+1SrMxjy9I/6c/OVRa6JvMUTjM7bz5n1iFOE7fZLslhzZyV1nk+awbV98ia5oS/9R3ry9nA+nplAgQIECBAgAABAgQIECBAgAABAqtBoCSYLPlaea/akLOkX6Uq7z1vj9iQvgwr6zFnSKWi+Kf/NaW0OfmI+0rX6kzzhK2xtanANQ6sZoSVXRYYZvvYoX4rDKhrLI7LA9LS0DX2zfpX93lWmpQr/5XMX+lb+5l2qlRUD/OJ6sbPV6wZXNalpLmkqmzk/HWlJvN3n7U6Uh9tBAgQIECAAAECBAgQIECAAAECBAqJ4sIcWSi6cM/SHqVnK62sHb5gh9rORwhba0LVuWlqJVtNT1U9X/ZOrTx1jfUl19JA2BqHzz7hGi+7mhxWdlmMmO0L36taKAyo61Aclweu5elp9eTZmJp508NKuTyXnBuoZrMUX9SV1yZXMHtcd9F1xcX2q15+3ejaYgMz1Q5zTIAAAQIECBAgQIAAAQIECBAgQKAjBEqiyOJ1LdihtvviOtdGqIUwNA9Ba+fMjvMkNavIHlBNyjERrewqjdl1FCrzcZX8tdKneC2xSzZ2tns6/fpt95zNAqtHcyrmDSjnDKiZPR7OzlQpZf2L9bODYn1tW3KcFcv+pD9rO9LSAWmfvOPsqapH5eFree2cwc1WzH85zc5oHAECBAgQIECAAAECBAgQIECAAIHWC5Rkiq06SRZj1s83N9is7ZGMOuI1VcPWmj75Yfb0blqR1yaTx+Pacs358mC3vr2+XB2TVBefcI311TCwssuSwWxfc7L8sDAgr60c1I+rCTJLH1eN/evHZFVJfVnomp8xedK1ZGjenLYdqUPeMz+oXG3NNectDggQIECAAAECBAgQIECAAAECBAgQaFSgElPGSHWewHLeCWOSOW9jta3kydZsSBqczjdHnLhk8jxsjZPUt9eXZ7ssELjGybKQMtvHutqtWj9fcz6+MmY2vkwGlI6JlSUNaVXysVDoWnJptVX53CWnKPYrlmqvu8GhxYmUCBAgQIAAAQIECBAgQIAAAQIECBwjApVYMvssCSmP5JB3zw9me8+panXYGk9VOcnccHjOySvXVa2eN3CNvSrBYhYvZvvK+OJnta20y9zKPLwsfcp19syVc9SMTw+Tj0JVTSG/qNq6Yv+8S3pQ26/YsthS/l3qtBY7vtBv6ZdTmE6BAAECBAgQIECAAAECBAgQIECAwKIE5skQFzN2dmjlaG5AuZhZ6vvMzlpoSatr22qPKz0L58/6F7rVFmqPa86UP91a1l5Sl1d1hf8PJz9w7tZLPcYAAAAASUVORK5CYII=\"></em>\n            </p><h2 class=\"ql-align-right ql-direction-rtl\">3. تخصيص المعلمين للفصول</h2><p class=\"ql-align-right ql-direction-rtl\">\n            </p><p class=\"ql-align-right ql-direction-rtl\">يمكنك الآن ربط كل معلم بالفصول التي يشرف عليها، مما يسهل عليه الوصول لبيانات طلابه فقط دون التداخل مع بقية المدرسة.</p><p class=\"ql-align-right ql-direction-rtl\">\n            </p><p class=\"ql-align-right ql-direction-rtl\"><em><img src=\"data:image/png;base64,iVBORw0KGgoAAAANSUhEUgAABVwAAAPaCAYAAABruZNCAAAKrmlDQ1BJQ0MgUHJvZmlsZQAASImVlwdUU9kWhs+9N52EFghFSugd6QSQEkILoCAdbIQkhEAIIRBUxIYMjuBYUBHBig5VwVGpY0UU2yDY+4CIijoOFrBgeRdYhJl567233l5r53zZd9999jnrnLX+CwBFhyORiGBlANLF2dKIQF96XHwCHf8CIAAPKKg7c7hZEmZ4eChAbWr8u43eAtD4eN1mvNa/P/+vpsLjZ3EBgMJRTuJlcdNRPob6KFcizQYAOYjGjRZnS8a5B2U1Kdogyk/GWTDJH8c5aYIx5ImcqAgWynQACGQORyoAgGyNxuk5XAFahzy+BjsxTyhGOQ9lr/T0DB7Kx1E2R3MkKI/XZyT9pY7gbzWT5DU5HIGcJ9cyYQQ/YZZExFn6f27H/7Z0kWxqDjPUySnSoAh0VEX37ElaRoicxUlzwqZYyJvIn+AUWVD0FHOzWAlTnCWKZE8xj+MXIq8jmhM6xcnCAHmOMJsdNcX8LP/IKZZmRMjnTZaymFPMkU73IEuLlsdT+Gx5/dyUqNgpzhHGzJH3lhYZMp3Dkselsgj5WvjiQN/peQPk+5Ce9Ze1C9nyd7NTooLk+8CZ7p8vZk7XzIqT98bj+/lP50TL8yXZvvK5JKJweT5fFCiPZ+VEyt/NRg/n9Lvh8j1M5QSHTzFggQwgQl0K6CAU/ecHQDZ/Sfb4QlgZkqVSoSAlm85EbxufzhZzba3pDnYOLgCM393Jo/GONnEnIdql6VjmaQDcitCgYDrGMQKg7SkA1NHpmNFb9FhtAuBED1cmzZmMYcZ/sIAElIAa0AJ6wAiYAxvgAFyAB/AB/iAYhIEoEA8WAi5IAelo54tBHlgNCkEx2AS2gXKwB+wHNeAQOAJawHFwBpwHl0EPuAnugz4wCF6CYTAKxiAIwkMUiAppQfqQCWQFOUAMyAvyh0KhCCgeSoQEkBiSQXnQGqgYKoHKoX1QLfQL1AadgS5CvdBdqB8agt5Cn2EEJsNqsC5sCs+EGTATDoGj4AWwAM6Ec+ECeANcBlfCB+Fm+Ax8Gb4J98Ev4REEIAoIDTFAbBAGwkLCkAQkGZEiK5AipBSpRBqQdqQLuY70Ia+QTxgchoqhY2wwHpggTDSGi8nErMCsx5RjajDNmE7MdUw/ZhjzDUvB6mCtsO5YNjYOK8AuxhZiS7FV2CbsOexN7CB2FIfD0XBmOFdcEC4el4pbhluP24VrxJ3G9eIGcCN4PF4Lb4X3xIfhOfhsfCF+B/4g/hT+Gn4Q/5GgQNAnOBACCAkEMSGfUEqoI5wkXCM8I4wRlYkmRHdiGJFHXErcSDxAbCdeJQ4Sx0gqJDOSJymKlEpaTSojNZDOkR6Q3ikoKBgquCnMVRAqrFIoUziscEGhX+ETWZVsSWaR55Nl5A3kavJp8l3yOwqFYkrxoSRQsikbKLWUs5RHlI+KVEVbRbYiT3GlYoVis+I1xddKRCUTJabSQqVcpVKlo0pXlV4pE5VNlVnKHOUVyhXKbcq3lUdUqCr2KmEq6SrrVepULqo8V8Wrmqr6q/JUC1T3q55VHaAiVCMqi8qlrqEeoJ6jDqrh1MzU2GqpasVqh9S61YbVVdWd1GPUl6hXqJ9Q76MhNFMamyaibaQdod2ifdbQ1WBq8DXWaTRoXNP4oDlD00eTr1mk2ah5U/OzFl3LXytNa7NWi9ZDbYy2pfZc7cXau7XPab+aoTbDYwZ3RtGMIzPu6cA6ljoROst09utc0RnR1dMN1JXo7tA9q/tKj6bno5eqt1XvpN6QPlXfS1+ov1X/lP4LujqdSRfRy+id9GEDHYMgA5nBPoNugzFDM8Now3zDRsOHRiQjhlGy0VajDqNhY33j2cZ5xvXG90yIJgyTFJPtJl0mH0zNTGNN15q2mD430zRjm+Wa1Zs9MKeYe5tnmlea37DAWTAs0ix2WfRYwpbOlimWFZZXrWArFyuh1S6rXmustZu12LrS+rYN2YZpk2NTb9NvS7MNtc23bbF9PdN4ZsLMzTO7Zn6zc7YT2R2wu2+vah9sn2/fbv/WwdKB61DhcMOR4hjguNKx1fGNk5UT32m30x1nqvNs57XOHc5fXVxdpC4NLkOuxq6JrjtdbzPUGOGM9YwLblg3X7eVbsfdPrm7uGe7H3H/08PGI82jzuP5LLNZ/FkHZg14GnpyPPd59nnRvRK99nr1eRt4c7wrvR/7GPnwfKp8njEtmKnMg8zXvna+Ut8m3w8sd9Zy1mk/xC/Qr8iv21/VP9q/3P9RgGGAIKA+YDjQOXBZ4OkgbFBI0Oag22xdNpddyx4Odg1eHtwZQg6JDCkPeRxqGSoNbZ8Nzw6evWX2gzkmc8RzWsJAGDtsS9jDcLPwzPBf5+Lmhs+tmPs0wj4iL6Irkhq5KLIucjTKN2pj1P1o82hZdEeMUsz8mNqYD7F+sSWxfXEz45bHXY7XjhfGtybgE2ISqhJG5vnP2zZvcL7z/ML5txaYLViy4OJC7YWihScWKS3iLDqaiE2MTaxL/MIJ41RyRpLYSTuThrks7nbuS54PbytviO/JL+E/S/ZMLkl+LvAUbBEMpXinlKa8ErKE5cI3qUGpe1I/pIWlVad9F8WKGtMJ6YnpbWJVcZq4M0MvY0lGr8RKUijpy3TP3JY5LA2RVmVBWQuyWrPVUJF0RWYu+0HWn+OVU5HzcXHM4qNLVJaIl1xZarl03dJnuQG5Py/DLOMu68gzyFud17+cuXzfCmhF0oqOlUYrC1YOrgpcVbOatDpt9W/5dvkl+e/XxK5pL9AtWFUw8EPgD/WFioXSwttrPdbu+RHzo/DH7nWO63as+1bEK7pUbFdcWvxlPXf9pZ/sfyr76fuG5A3dG1027t6E2yTedGuz9+aaEpWS3JKBLbO3NG+lby3a+n7bom0XS51K92wnbZdt7ysLLWvdYbxj044v5SnlNyt8Kxp36uxct/PDLt6ua7t9djfs0d1TvOfzXuHeO/sC9zVXmlaW7sftz9n/9EDMga6fGT/XVmlXFVd9rRZX99VE1HTWutbW1unUbayH62X1QwfnH+w55HeotcGmYV8jrbH4MDgsO/zil8Rfbh0JOdJxlHG04ZjJsZ1N1KaiZqh5afNwS0pLX2t8a29bcFtHu0d706+2v1YfNzhecUL9xMaTpJMFJ7+fyj01clpy+tUZwZmBjkUd98/Gnb3RObez+1zIuQvnA86f7WJ2nbrgeeH4RfeLbZcYl1ouu1xuvuJ8pek359+aul26m6+6Xm3tcetp753Ve/Ka97Uz1/2un7/BvnH55pybvbeib925Pf923x3ened3RXff3Mu5N3Z/1QPsg6KHyg9LH+k8qvzd4vfGPpe+E/1+/VceRz6+P8AdePkk68mXwYKnlKelz/Sf1T53eH58KGCo58W8F4MvJS/HXhX+ofLHztfmr4/96fPnleG44cE30jff365/p/Wu+r3T+46R8JFHo+mjYx+KPmp9rPnE+NT1Ofbzs7HFX/Bfyr5afG3/FvLtwff0798lHClnQgogqMPJyQC8rQaAEo9qB1SXk+ZNausJgya/ByYI/Cee1N8ThiqXah8AolcBEIpqlN2om6BMRsdxSRTlA2BHR7lP6eAJzT5uOPTrZa/tOPUMvgb/tEk9/5e+/zmC8apO4J/jvwCpxwtYHGzBxAAAAIplWElmTU0AKgAAAAgABAEaAAUAAAABAAAAPgEbAAUAAAABAAAARgEoAAMAAAABAAIAAIdpAAQAAAABAAAATgAAAAAAAACQAAAAAQAAAJAAAAABAAOShgAHAAAAEgAAAHigAgAEAAAAAQAABVygAwAEAAAAAQAAA9oAAAAAQVNDSUkAAABTY3JlZW5zaG90I+5hygAAAAlwSFlzAAAWJQAAFiUBSVIk8AAAAddpVFh0WE1MOmNvbS5hZG9iZS54bXAAAAAAADx4OnhtcG1ldGEgeG1sbnM6eD0iYWRvYmU6bnM6bWV0YS8iIHg6eG1wdGs9IlhNUCBDb3JlIDYuMC4wIj4KICAgPHJkZjpSREYgeG1sbnM6cmRmPSJodHRwOi8vd3d3LnczLm9yZy8xOTk5LzAyLzIyLXJkZi1zeW50YXgtbnMjIj4KICAgICAgPHJkZjpEZXNjcmlwdGlvbiByZGY6YWJvdXQ9IiIKICAgICAgICAgICAgeG1sbnM6ZXhpZj0iaHR0cDovL25zLmFkb2JlLmNvbS9leGlmLzEuMC8iPgogICAgICAgICA8ZXhpZjpQaXhlbFlEaW1lbnNpb24+OTg2PC9leGlmOlBpeGVsWURpbWVuc2lvbj4KICAgICAgICAgPGV4aWY6UGl4ZWxYRGltZW5zaW9uPjEzNzI8L2V4aWY6UGl4ZWxYRGltZW5zaW9uPgogICAgICAgICA8ZXhpZjpVc2VyQ29tbWVudD5TY3JlZW5zaG90PC9leGlmOlVzZXJDb21tZW50PgogICAgICA8L3JkZjpEZXNjcmlwdGlvbj4KICAgPC9yZGY6UkRGPgo8L3g6eG1wbWV0YT4Kb3Au0wAAABxpRE9UAAAAAgAAAAAAAAHtAAAAKAAAAe0AAAHtAADJrPVzYI0AAEAASURBVHgB7N0FYBtXEofxkdmxw8zQYJO0TZmZmXtpe2W6MuOVmZmZmdO0KTNc+UpXTlMOs9m+mbdaaVeSZdlxYlv59mJr9+1K2v1ZTi9/jeZFegxcpU5YEEAAAQQQQAABBBBAAAEEEECgFQk09p/qkVZ07s15Ko11aM7n5rGaTyBbX5/NJ5Sdj7T0/v5GCFyz8yXNVSGAAAIIIIAAAggggAACCCCAAAIIIIDAkheI9BhEheuSZ+cZEUAAAQQQQAABBBBAAAEEEIgLUP8Xt2ANAQQQaOsCkZ6DVl1663vb+k+P80cAAQQQQAABBBBAAAEEEEAAAQQQQACBViUQ6TmYwLVV/UQ4GQQQQAABBBBAAAEEEEAAAQQQQAABBBBoswKRXgSubfaHx4kjgAACCCCAAAIIIIAAAgggkFqgrTYp4EO4qX+e2TbaVl+f2fZzaO7r4ffXF430GrIaGr4GtwgggAACCCCAAAIIIIAAAgi0dYG2/q98sri2/gpMf/5t/fWZ/urYy++vew1EehO48suAAAIIIIAAAggggAACCCCAAAIIIIAAAgg0i0Ck9zKr895Cs1DyIAgggAACCCCAAAIIIIAAAggggAACCCCwtAtE+hC4Lu2vAa4fAQQQQAABBBBAAAEEEEAAAQQQQAABBJpJINJn6FJS4UodbzO9ZHgYBBBAAAEEEEAAAQQQQAABBBBAAAEEFoNAlvSAjfQdukbbiCINXL9yIjm6oqcc0Y2InXrEhlkQQAABBBBAAAEEEEAAAQQQQAABBBBAIMsFvCBTv9dpIljnZYO1dbUuLrTIsDUskb7DWm/gGtFQ1ftSLQtYWRBAAAEEEEAAAQQQQAABBBBAAAEEEEAAgVQCGsDWaRBb525bLn2N9Bu2Zss9eyoYHYvkWNBKyFoPD8MIIIAAAggggAACCCCAAAIIIIAAAgggkE7AD19rl3z0Gek3vJUErpav5lrQmk6KfQgggAACCCCAAAIIIIAAAggggAACCCCAQOYC1nmgrsbCx8zvsyhHRvoPX2vJx7yJZ6wX64LWJXTRiU/PNgIIIIAAAggggAACCCCAAAIIIIAAAghksYCFrpaCLoEkNNJ/RMsGrgStWfxC5tIQQAABBBBAAAEEEEAAAQQQQAABBBBoTQJ+8LoYzykyoKUCV6tmpaJ1Mf5oeWgEEEAAAQQQQAABBBBAAAEEEEAAAQQQSCmwGKtdIwNGrr0ECmn1slzNbvTyrKzVJsViQQABBBBAAAEEEEAAAQQQQAABBBBAAAEEWkKgTjPKxMyyGc4jMnBJBa7Rk60jaG2GHxsPgQACCCCAAAIIIIAAAggggAACCCCAAALNIRCx4LUZl8jAUessnlLTYDocPeE660rbvOffjBQ8FAIIIIAAAggggAACCCCAAAIIIIAAAggsdQIuskwRWrrJpxqvERnU7IFr6vy2dklMAdb46+ceCCCAAAIIIIAAAggggAACCCCAAAIIIICA5NRbKZoijE3jFRm0bDNVuKbOWd1TW2Wrq25NcyLsQgABBBBAAAEEEEAAAQQQQAABBBBAAAEEWkogooGr/a/eJc2u4H0ig5ddN01UGjy0/vW6FO0DYkdrz9badPtjB7KCAAIIIIAAAggggAACCCCAAAIIIIAAAgi0nECOtRFI09M1kkGbgWYJXOsjsKrW2rra+nYzjgACCCCAAAIIIIAAAggggAACCCCAAAIItCqBnIg1F8iwnDXFmUeGjF6vyRWuaStb9cksbKWVQAp1hhBAAAEEEEAAAQQQQAABBBBAAAEEEECgVQpY2Gqha7olXaXrIgWu6Z7UwlaqW9MJsQ8BBBBAAAEEEEAAAQQQQAABBBBAAAEEWqOABa4Nha71nXdkmTHrN7rCtaHKVnuy6trq+p6TcQQQQAABBBBAAAEEEEAAAQQQQAABBBBAoFUL5OXkNXh+qSpdmxS4NvRMNVbdWlvT0GHsRwABBBBAAAEEEEAAAQQQQAABBBBAAAEEWqVATk6u5DbQWiDViUeGjm24wrWuMTWwemxVbVWq52IMAQQQQAABBBBAAAEEEEAAAQQQQAABBBBoMwL5OfnSmPmzIjrXlgauGzQQpzawO8RTJzW1te4rNMwGAggggAACCCCAAAIIIIAAAggggAACCCDQxgRyc3LEvhqTukaG1RO4NiZm9Zy8e1RVV0nj79vGpDldBBBAAAEEEEAAAQQQQAABBBBAAAEEEMh6AS1Ylfw8rXJ1i201vESGLZeiwrVRiWn84DqNWiurmSyrYXaOQAABBBBAAAEEEEAAAQQQQAABBBBAAIG2IFCQl6ddBYJha3A9+Qoiw5fbMJ6Y6n4LTTNfwsfW1NRItbYUYEEAAQQQQAABBBBAAAEEEEAAAQQQQAABBLJBIM/aCuTmJlxK/aFrZPjy8cC1rrGzYyU8TaW1EwhnsAlHsIkAAggggAACCCCAAAIIIIAAAggggAACCLQdAZsIqyDWViB43qlD11DgGjw8/XpyqlpXVysVVbQTSO/GXgQQQAABBBBAAAEEEEAAAQQQQAABBBBoawKF+dpWIGKTZyUuyaFrZMTyG2lRanKAmnjX+HaKY3WoRlsJVNUQuMadWEMAAQQQQAABBBBAAAEEEEAAAQQQQACBbBDIz82TXG0tEGrlGruwcOiqgWu8pUDsmHpXUoSteqyNVmvYWl1D/9Z66diBAAIIIIAAAggggAACCCCAAAIIIIAAAm1SIC83R/I0dA1Hq8FLie+JjFhho9QpavB4t17PYa4+tk6qqmtclWvS3RhAAAEEEEAAAQQQQAABBBBAAAEEEEAAAQTasIBVt+bn5WrgqsGqNXVNuXjjGQau9Yet/mOXV9mEWfUc5x/ELQIIIIAAAggggAACCCCAAAIIIIAAAggg0MYEIhqyFuXnx886TegaGdlghWtyiBobCQSs5VWVGrjGn5M1BBBAAAEEEEAAAQQQQAABBBBAAAEEEEAgGwQsXy3KL4hfSjRwTVXrGhk5buM0MWnyrnAVa3S/3pRVVsafkDUEEEAAAQQQQAABBBBAAAEEEEAAAQQQQCCLBIoLNHCNJayxFe0wEF+3y00TuCaHrcESVrc3dkgdgWsWvXi4FAQQQAABBBBAAAEEEEAAAQQQQAABBBAIC7jA1U9cNWMNxayB0LWewDWWpAYeNTxWVxvYJQSuQQ3WEUAAAQQQQAABBBBAAAEEEEAAAQQQQCC7BEKBq15aJCfx+rwINjIqqaVAOFi1uyWN2ECoYWudLKSlQKIw2wgggAACCCCAAAIIIIAAAggggAACCCCQJQLtrKVAsK7VqlpDZa7eZmTUipsE8tTAahQi3LNVB90hweO89YUV9HDNktcOl4EAAggggAACCCCAAAIIIIAAAggggAACCQLtCv1Js4Ipa4rQNR64BkPU6KOFqlh1LHpI+Ejd0uOocE34CbCJAAIIIIAAAggggAACCCCAAAIIIIAAAlkj4CpcXa/WeOAaW4utaJWrF7iGI9S4QmA8uhrOYL3BOm3oWlZZFb8bawgggAACCCCAAAIIIIAAAggggAACCCCAQBYJFBfkSyTWuDWesMbmy4oORZZdceNAqhoXqPPLWW0oeERwXXf4LQeocI3bsYYAAggggAACCCCAAAIIIIAAAggggAAC2SXg9XDVCtaEKtdQH1cNXVMGrqGw1VyCIWts3Y7SDfujX2VV9HDNrpcQV4MAAggggAACCCCAAAIIIIAAAggggAACvkBxfoGGrbploapLWf2SVv+I6L5lV0qocI0FqtEDE7ZjYay2EbCl1vYTuDoLviGAAAIIIIAAAggggAACCCCAAAIIIIBAdgpY4Go5a040Z5VoewEvfI1fcyQUuCaEqxakBpd42OqlrF7kqkdoiSs9XINSrCOAAAIIIIAAAggggAACCCCAAAIIIIBANglYD1evxFVDV3dhVurqpa/B0DUyeqVNXKzq92KNISSErd64Rq7RcS981Y3owEImzYrRsYIAAggggAACCCCAAAIIIIAAAggggAAC2SXQzgJXW6J9BfyQ1ctc/bJX3W2Ba6xy1buLaxHgr8Zu7ahQ2Gp7tMY1OkbgGpNiBQEEEEAAAQQQQAABBBBAAAEEEEAAAQSyTCAeuNqF+TWu0QpXu/GrXUc31MNVj/WCVi9ZjX+3AFa37I/ellVV2zOxIIAAAggggAACCCCAAAIIIIAAAggggAACWSdQnJ+nmaomq/YnWuVqG17kaper67YvFLh6aWoShh+4xndb2Brt4ErgmuTFAAIIIIAAAggggAACCCCAAAIIIIAAAghkl0AwcLUri7hJs7y41f+eUeDqha1WyOrHrXYbbS8Q3UmFa3a9eLgaBBBAAAEEEEAAAQQQQAABBBBAAAEEEAgLxAJXG9Zk1RW5uvrWWNzq7hCbNCuWpwYeJziRlhe4xkNXv52AHW65a1lVVeCerCKAAAIIIIAAAggggAACCCCAAAIIIIAAAtkjUJyfHw1Z9ZqsdYBLXL2w1Qb85gJe4OrnqAnX7weu3u5oCwE9xhvX0ej9CFwT4NhEAAEEEEAAAQQQQAABBBBAAAEEEEAAgawSSAxcXcjqlblGrzPHq3cdvdIm8W4BAYJw2Go7/FTW2gnYejxwrdXVcipcA3qsIoAAAggggAACCCCAAAIIIIAAAggggEA2CRRphWtOvKBVL83aCthAaFAnzVpRA9ekJT7krUV7trrjvEpXF7pGD7ObskpaCiQxMoAAAggggAACCCCAAAIIIIAAAggggAACWSFQXKAtBfwr0RUvbLWBHDfq93StJ3D17hmMXWNVrdFKV7/I1Spda3WjvKrauxPfEUAAAQQQQAABBBBAAAEEEEAAAQQQQACBLBMoys/TCtdoRasLXP0L9Mb8atcMAle/hYA9gEWwXgzrB651dbVuhMDVB+YWAQQQQAABBBBAAAEEEEAAAQQQQAABBLJNwAJXF61GtKI1ReBq12uhqzdpVvDqo2Wtqatb7cBg4OqFsfpdK1xrgo/COgIIIIAAAggggAACCCCAAAIIIIAAAgggkDUCRfm5mrNG+7ZasGrpq1v8FW9fOHCNp6x+rOruEm8nYJt+4Kq39kdLXQlcHRPfEEAAAQQQQAABBBBAAAEEEEAAAQQQQCBLBcKBa7CHawaBazx39cNVb6Isz8ofs7TVD1xrtcI1eEyWqnJZCCCAAAIIIIAAAggggAACCCCAAAIIILBUChTl52h9q35Zaav9iZW4+oGrjen+0SttEk1Q407BgXB1qx3jtRGwsNVtuR6u1lKAwNUT4TsCCCCAAAIIIIAAAggggAACCCCAAAIIZJuAF7ha2wDt4WpLLHSNB642GBkTDVzdJFh6XDRHja5Fo1d/pz0QgatT4BsCCCCAAAIIIIAAAggggAACCCCAAALZJlBcUiBde7eX/kO7SWFxrnz21i8ye/qCbLvMJl1PJoGrmzTLAlc/Tw2Hrfa8yYGr9WvVxq3RXV61qz1AeTUVrk36SXEnBBBAAAEEEEAAAQQQQAABBBBAAAEEWkCgsDhfuvQskW592kvPAR2kx4D20ql3O+nYrVByC7SKM1In86ZVyfvP/CyfvTFZKsqrW+AsW89TFuV57QS8VgJW3qrnZpNnuRXvPOsJXOOxa2LgGo1fo4FrdEvDVgLX1vOD50wQQAABBBBAAAEEEEAAAQQQQAABBBBIFMgvyJX2XYukay8NWPvrV98S6dy7WDr0KJL8Qg0Sc7yPyufox+VzcnTbQkT3SXlXfikzp5TL24//IN98+EfiQy812+HAVS/b9XJ1qWsscnWB6+gVoz1c9ZhYoOqY4sGrXwIb2+8qXP3qVjuYCldHxjcEEEAAAQQQQAABBBBAAAEEEEAAAQRaWMCFfhqgFhblSu9hpdJ/2Y7SpV+xlHbNk/xiDVRzcyU3J1eDVfvSbReyeoGrBa1u4icXtsYvpE6rXaUuIr9+MddVvP763Yz4zqVkzQJXS6G9nNUC6eiXjUUNQoFrIF6N7g6MWBVrDM5wtX2A3bjqVttB4BrjYQUBBBBAAAEEEEAAAQQQQAABBBBAAIEWFCgqyZEOwyuk/4rttR9rqate7VjSUQrzCyVPQ9bcvDyvitWCVv2KWEWrfTTe5YcWHlp8qN+jc0NZDmj7vYRQN6oj8s3bM+SDiT/JnGllLXilS/apkwNXY/JCWDsTp2aOfoWrUunifY/fukEvWPVWvWM0cK2r1WO9P26MHq4xIFYQQAABBBBAAAEEEEAAAQSyVOCf43eU5caOCl3dZVfdLH9PnR4aW9o3+vTuKccccUCI4etvvpc7730kNMbG4hPo2aObHH/0waEn+O8X38i9Dz4RGrONg/ffU4YuMzA0ftFlN8iMmbNCY2y0HYEOXXKlsutkKes8V8asMEL69ewtebl50q6onRQXFkuuVrj6la1eNauFqxaz6v9c8GrJq3e9NuYWG48S2Iffrb9r1fw6+fLVv+Xjl6dI+YKq6N7svYkFrnaJRqRm9QauZuQt/pp/643WOkVbj47XauBqY94fN07g6lnxHQEEEEAAAQQQQAABBBBAIHsFrrnsbNl8k/VDF7jVjvvI9z/+HBpb2jdGjRgqTz9ye4jh5dfelkOPPi00xkZqgVytNuzQob3Mmj0n9QEZjA5bZrA898RdoSNfeOl1OfL4M0NjtnHPrVfK6quuGBrfeOvxMuXXpatXZ/duXWTa9Jkhh8W9YT/rjh07yMxZs0NPZaFnl86dmhx6d9ferHnd/pLplX9LZftqGTSqrwwbMFgK8gqkWEPXkiILXbXK1VW3WmgYEde11Spd7UxcuGrj9seNhM8vOubaDOieuX9Wyqcv/CnffviXVFfpJ+OzdEkKXNVJk+vo1XpOOWZnFa6am+rifY/fRo/Vm3DgqsXDNV5LAf9edVrxWlHj3z9+P9YQQAABBBBAAAEEEEAAAQQQyCYBAtfMfpoErpk5pTpqt523kcMP3ke6dukkk15+Q0496xIpKytPdWjaMQLXtDyhnfZ6Peu0Y2Xc8qPly6++lXMvvlo+/fyr0DGLY2OXHbeWIw7ZRyzofenVt+T0cy6TOXPnycYbriMnHfMv6d+vt7z5zgduvLFV9F26F0pJr1kyv2aWVOdWy9yCBdJrma4ycsgyUlJYIkVa5VqsoWu+hq6uwtWqW/2Q1SJWCxLdn+h6IkAwBvRyRnef6T+Wy4dP/yq/fLtkg+vE01tc24W55hENpe1JzCjXbyngQWQUuLo+rbGzNM3sDlwLi4qkorzxf5HFiAIrRcXFUl629PSxCFw6qwgggAACCCCAAAIIIIBAVgoQuGb2YyVwzcwp8aj2pSXy9itPaBBWFNv173MulUcenxDbznSFwDVTKZHrrjhXNt1o3dgdPvjoM/nn/kfFthfHSmmJ/qxfflzatSuOPfyFl10vd9//mLwy8SHpq205/OXmO+6Xy6++xd/M6DY/P1dGj+shUyu/ksraSqnJqZbZefOkpE+xjFhmiHTv0E2KCoq0xYBf6eoFibGQ1VvR59Jxe0YXxvpPHU1Y/U13a2NebqhPJr99vlA+mfSbTP1tbuiotr6RSeBqEpFltcLVu9goSsKVxwPX6GGBdgJ2qFf9WpcVFa7t9MU+fs9/yu+//iovTHwuQaJxm4MGD5Htd9pJJk54Vr773/8ad2eORgABBBBAAAEEEEAAAQQQaJUCBK6Z/VgIXDNzSjxqnTVXldtvvDQ0PPHF1+ToE84KjWWyQeCaiZLliBH5z5vPSkdt4eAvVVVVsuJaW0pFRaU/1Oy3a62xstx50+Whx33jrffl/EuvkxefuS80/sVX/5Oddg/34w0dUM+G9RddbuWuMqPqR6msK5ea3BqZE5krOd3ytGfvAOndqYcGriVSUlzi9XS1qlYXsFr46tnYx+LdsBe7evGrHeaWaBgb3crVybisL2xNpFoqqyulqrJG/vvYTJny9RyZN7sielTbvrHA1YysitUtUadgWwF3hBe4RsPUWFsB7z6uT6uuenuzP3DdceddZNiIEe7iP//00yaHrha27rTrrpKnM77V1NTIzddfJ/PmzfNQ+Y4AAggggAACCCCAAAIIINBmBQhcM/vREbhm5pR4lOUIb0x61H3E3N/3r6NOlVdef8ffzPiWwDVjKjn738fK+F22i93huRdekWNOOie2vThWbNKqNyY9Ij26d4s9/PGnnifPPPeSPPHALTJmtJdP2c7zL7nWVb7GDmzESo6GruNW7ymzan+W+ZXzpC6nVubJfKnqXCN9B/SQfl16S4d2HaS0Xank6+vP/7i8RamWBPphq4tWLUnUQdduQFdz9aP1OXoddZFaF7AuKFsoC+aXSeXcKoksLJA//jdPZv4ssmB2tSxcsPjC60ZwLPKhzRy4+mGr3WpLgeiEWXaW2VThWtq+vatw7dKli/sBNCV0DYat5jThmafl6y+/dI/HNwQQQAABBBBAAAEEEEAAgbYtQOCa2c+PwDUzp1RHLT92Wdlvr91kyKD+8tBjz8iDjz4jtfpp48YuBK6Zi1kPVTPfeIN15NU33pE77nlYGtszNfNnix+53JhRst/eu8nQwQPlkScmyAOPPC3V1dWyzJCBcuA+48VeC08887zc9+CTUraI7S9XWa2vzMz9WRZWzZPquiqZH1ko5aUV0q1vJxe6dirpIJ3ad5aC/Hw9Qatw1XQ1Ggf6Aavd2iRfEf2q1fmc5pXNk7lz50qZBqx183Mkv7xIOuV0l76lg6R9bie5+d4nZd6C5mnbGVdr2bV6A1c107JXd3IWTkdbCnhBauIpxytcGwpcbdKsxHu3ze1FCV0JW9vmz5yzRgABBBBAAAEEEEAAAQQyFSBwzUyKwDUzp8V5FIHr4tRte489sE8vGTZoofwoU7Wna7lU1ZTLwki5zC8uk85920tP7enatX0X6dJRQ9fcAg1VLTbUCla9tZC1Vv9XXqXHL5gv8+YskIVzKqViVo20r+ksg0qGyoCuQ6RXp9462Vs36di5g8yaN0eOP/1SmTt/QdvDSnPGhbm2U10SWwokB64buzTVD1fjjxkNWXXAq2j1txMrXO1dFgtcvRQ3fv+2u9aU0JWwte3+vDlzBBBAAAEEEEAAAQQQQCBTAQLXzKQIXDNzWpxHEbguTt3W/9gFhSXSoUs//ch/oUh+J+nbsUhW+W2SvDV/ssxetqtIXpVU62Ra5TkVsqBduZR0L5JuHbpI55KO0q1TFynSybRqtBLW2gTMnTNPFswqk5r5IsWVHaVrbg/pXdJfBnQbLP16DpCuXbtISYcSKSwqkLz8PNcP1vq3Hnz8afLzT3+0fqxGnGFhruWjFrjmePfSONSrAI7mohrE2rZWuDYUuFrAqo/hvtljZX/galfZmNCVsNXEWBBAAAEEEEAAAQQQQACB7BcgcM3sZ0zgmpnT4jyKwHVx6rb+xy5u11VKuoyRfsssr0WSOZJX8ads89PD8tX7H8rX/Qpl5uiOEumg7QM0QCzPrZKFheVS2K1AivILJF/7shbmFkndHJGC8mLpkttT+pYMlP6dB8mAHoO072xP6dipg7Rr304KivJdwGoTZuXm5rnq2LycPG2NUCO3vnaVPPfM+zL7t2qZOzNbJs3KJHDVEHbRAte6aA/X7Kpw9X9tMgldCVt9LW4RQAABBBBAAAEEEMhegY4dO8iFZ50onTt3kk66br30vvv+J/nWff0on/33a1m4sGyRAcaOHikrLLesDBs6WCwssU8s/vr7n/Kbfr3+5vvy+RdfZ/wcNvnOmGWHy8orLi/D9fG6dOks3brqR0UL8uWnn6e4c//+h5/l6/99J1N+bZ4KpIED+sqWm20o/fSjq3376EQsHUr1sX+XH3/6RZ/ne3ntzfea1Isy44teAgc2V+DavrREttx8Qxk8UKvE+vWRAf37SkVlpfyoP5ufJ09xP6P3P/xU5syZuwSuqvmfYlED1zVWW0nsMez3YPiwwW4yH/s9+EVfTxOef0W++ua7Rp30umutKr179wzd54UXX5c5c+uf4LpD+1LZYrMN3O9P714aOOnr2mayn/zLb/LdDz/J9z9Olv99+4PYDPLNsVjfzq232EjGLjtSAy2tQNTFnuP7H3+Wjz75r/tqzPO0tsC1tMRe8xvIiGFDpF/f3tKzR3eZPmOWTJnym7vOCc+/LPOa8PHzNVdfSfrr71BwaehnGzzW1rffZjMpLCyIDddoWPjYUxNj2+lWRgxfRlZcfoy+VgfJML22bvp37e9//i2//vaHvPPeh27Cs+RPldf/iCP1db/82FGhAz748DN93f0aGmtoo11pX61u7STtugyQLr2HiVTPlh1/f0win3wgsypr5e32lfLLsGLJ7VYsUpQrlXk1srCkSjqWdZKiinay7KCxMqTjCBew9u+tj6FVrMWlRVJQmO+qWG2yrPzcfP3d1KrWnHw3adbMudNl8t/635Upn8uPf34nf87/Reb9lSNzpkTk9x/b5t9lic7xCleraLXy1lQVrtHANfkH77cPsIfVitbahO3YpFkWuFpLgbqsailgV+0v6UJXwlZfiVsEEEAAAQQQQAABBLJboFfP7vLmi4/Ve5F//jVVTj3rYv3H9Uf1HpNuR+9ePeSU4w+TzTdZP91h8u77H8vl19zSYMBz0H67y2EH7y3FRUVpH8922r8HbVKeS668scmhsQVRRx++v4ZFG7tef/U96Zdff+tm2/740y/qO6TVjy9q4Gqh0z577iz7/HNXsUAv3XLYMf+Wl159K90hrXZfUwPXQQP6yTlnHC+rrzIu7bXZ78J5F18jP/w0Oe1x/s5brrtI1l9nDX/T3W614z4uzAwN6sbKKy4nu+60jf4+ridFhfpx7AaWN9/5j5x53uXy+x9/NXBk6t2dtFLw7NOOky02XT/1AdHR5zUgvuDSazOezKm1BK4Wrh6y/56yzZYbS3Fx/X8nzV+wQB5+7Fm5/e6HXBCbFiOwc1F/J+2hPnjjGencqWPsUe1NteVX2yy2nWrFfpePP/pgGb/LttGPlKc6StybJ5dedZMLXlMfER49QCfLOvGYQ0KDp5xxkTz+9POhsYY2itr1kfyCTjpBVpF07DlS2wu0l52nPSEdP35LCiVXplVUyUSZKz8uoxWqvdpJbVFEKjV7XbPL5rLGwA1k7Lgx0rW7thZoVyh5BXnayzVHciMasmrAmq8Ba43mgTPK5siU2b/JN79/LV/98In8MOUbmTF1tlTPypXaBUVSPjsiZQuq4x+ab+ik28B+L3CNRFsKpAhc9Rpc/1urcG1M4FqnoF6LAVOIB66VtZbsZueSKnT99n/fyI677Cr2rrH5TXjmafn6yy+zE4CrQgABBBBAAAEEEEBgKRdoKHA1Hj+4vPiKG6SsLPNZmTfbeD255PxTMwpH7XkWLFgou+z5r7RB09n/PlZDgO3s8IwXC4tOPesSee+DjzO+jx1oFX+P3X+zWHVrpsuV190mN956b6aHt6rjFiXcGT1quNx+46XSRSulM1mWtsB1Xw2hjz3iwFClYTqnv/6eJjvvcYhMnTY93WFuXyaBa0lJOznrtGNku602bfDxEg+w3/mrrr9d7rn/MamptcK0zJY+WnX70N3Xi/0dk8liv/+HahCfye9pawhcLTi/9vJzxD4lkOliP88DDztJvtHq4UyWRfmd9B+/sYGrVWBfct6pWqXbzX+ItLfV1dWy/6EnZvRza67ANS+vo1ak9tHXY65U53aVHgOHy97Vr0n//0ySKn2JttcA9Zc5ZTJB5sk3gzRA7JUnNe2LZJeV/iU7brSb9B3YW/K0RUBuJM9Vslot5tyKefLLrF/lqz++lq9//ly+//YTmfXjt5I7eap0r+kgP5SMlZmzLGANFm6mpWlzOwty7NoSA1erco32dLW9OtGYaymQDOHDJPZvtf8TEQxcdY6yaPqazYGr/fQTQ1cbs4Ww1XPgOwIIIIAAAggggAAC2SyQSeDqX/8HH30m/9z/KH8z7a2FLc8+dqfYx8sbs/wy5XfZafeDZO48ncEkxdKUwNUexv59c+zJ58pzL7yS4lGTh2zm6ttuuFTWWmPl5J1pRmo1kPrnAUfLhx9/nuao1rmrqeGOhV8P3XN9o37WS1PguvqqK8o9t17Z6B+6tRbYfd8jGnyT4+ZrL5QN1l0z9PjBCtflxy4rV1x0etJH00N3yGDj8aeel1POvCiDI0Us4H3k3htc24SM7hA9aNr0GbL1TvvKrNnaYDPN0tKB6+67bienn3yU6++Z5jRT7rJg+cjjz5S33v1Pyv3Bwab+TgYfozGBq1XCTnr6PrHK5MYs9vf1bnsd6lqspLtfcwWuEa1GLSjsoT1WO+un0rUqtfNg+Vfn72Xlz16QBRU1UpKXK+VlFfLrggp5tnaefNG7TiJDiuXArc6UfbY7QDp16SAzF86W3+f8KV/++Y3896dP5McfP5ep330lMuVv6TK9RoYszJHBde2kZ6RYOhYUy819hsvH07OjdUB9P6N44GqFpxqyupYC4cDV+gFp4LpRct6qlaveEp4gy8bigasd4/dwrZNsD1zt2i103XOvvbUxcPzdSKts/eqLtvtxGLsuFgQQQAABBBBAAAEEEEgvkJ+f7/rzWcBhlVojtWffSiuMlZ132DJlmHDqmRc32P/PPp5pAdOqK68QenL7KOvd9z0mn37+lWvhZr0n99htB/dxzuCBt975oNjHVFMtFrhuu+UmrkLsm2+/1x6wf+lHdGdKeXmFDBrYTwYPGiAbrb9W6CO0/uPYNW6x/V5apTTbH6r31j4ifPmFpyftt48+PzvxJamoqJQxo0fIvnvumhROWBuGbXfZL20PzaQHbgUDTQl3bMZqq2Ict/zopCuw3pxPPjtJftE+ltOmz5Tevbq7/pbWk9L6UDa2V2nSE7TQQGNaClhf4QmP3yXWTiC42EfM79aK0S++/J9OwFMtm2y4ruyy41ZJvwsXX3Gj+xh68L6J6zddc6FsuF7qwHXjDdeRay87O+XvsvXifOmVN7W37i8yQ/uNdtU+yAO13+76664hQ4cMSnwat20VqC9n0Ari0IP2kqMP2z/pMZ557iV59fV3xK5/Rf17Zr+9d0tqbfCK7v/XUacm3Tc40JKB6y47bi3nn3lC8HTcuv398rG+5j/971fy/Q+TZaj2PbW+1Ra4J7bYqKmpcW/M2O9IuqUpv5OJj9eYwPWS80+T7bcOV0FbsPboE8/JBx99KlOnTpcVx42VA/cdL9Z2ILi8/tZ7ctDhJweHktabK3C1B45o84Di0oGaC+ZLWW5H2a/XDNlp8rv6Zl2ZdNCetQsXlktZZZULXSdVzpMPhufKOjvsK8uOGSPz6+bK51+/J3/9+I3U/vKHdPurSgYsyJFhNYXSJ6dUOuYVSn5+nkQKckVLYCVPf16TO/eUs6bXSnUjqryTAFr5QDhw9dJW67cerHB1IeyocRv56aq7pHD6qrv0ReOKWL29+j1Y9bp0Ba7Bnq3+z/+Lzz+X55+b4N4J9se4RQABBBBAAAEEEEAAgaVDwCZLsY+VWrgUXGyio801tJwxc1ZwOLS+287byLmnHx8as+P3O+T4pI/SWnsAC1GDS7pKWquYna8VYuF/3wXv7bUCsLBnvFahWfgbXCZOelWOPvHs4FDK9VNPOFz7ke4S2nf/w0/J2ReEKxWtR+2dN10uQwYPCB374KNPa+/LK0JjrX2jKeHOOmuu6loJJF6bXbsZLM5luTGjxMJtq4pckktjAtdUwaNNkGW/C5M1iA4uFmKdcHS4v+Wkl9+QI447I3hY0np9gWt77aN79y1XJLUxsIneLrz8ennz7Q+SHssG7HfGei6ffvKR0lUnSQou9maFVc+m+/23/sqvT3ok6U2PCy69Tu6679Hgw4lNpnfvbVdJu3baYDOwWHBnAV59S0sFrnaeL0940E3SFzw3m/Rv/3+dkLIy3yb0u+icU2TdtVcL3sX1q7a2Een+LmvK72ToSXQj08DV+vs+cOe1obtXVVXJv44+Lem1suIKY+R+PdY+CeAvFjivtt62/mbK2+YMXO0J8vO6S0G7rrIwp53s2mOeHPD3x1I2a7500grrGn1TrEzfiCvX0HXawip5XhbIy2OLJG/hAukzv1b6aQXr0Mp8GRgpkW55xS5g1T4DEsnP0Qm5cjRn1aDVvrTdZp5u29dpdV3kw6npq69TXngbGawvcHWlrpa06uIC2FHjNkwIXINXWF/g6o3bkV5LgVqtcI2/gIKPkC3rwbDVftHnz58v7bXi1RZC12z5KXMdCCCAAAIIIIAAAgg0XsDaAkx84u6kMOSiy2+QO+55uN4HvOKiM9yM5MEDzrnoarnvwSeCQ27dKiTfeeXJUIBh1W8rrbVV2iAi6YFSDByuk2sdeeh+SXu23mkfnYn956Tx4IAFDxZABJdV1tk6ZdWqVRda6BVcvvv+J9l6532DQ61+vSnhznlnnKCTMG0dujargLRKyMW1WLXg3VpBbX1jrTr0voee1AmXrltcT5f0uI0JXFO9jixAtSA1cbGg89N3nw9NvmSB8nqbhYP/xPvdePUFrqo7OH7UCWfKOfqmh/UhDi533vuITiJ3k1iFZUOLhWoWhloVfHCxHsXWq7i+ZcvNNpSrLjkztNuqmXf4x4GhMX/DQmYLm4NLQ8/RUoHrMYcfIP868J/BUxWbKO+Aw050PahDOwIbuRrc3X/H1a6qNzDs3vyxN4HqW5ryO5n4WJkGrkcdtp8cdtDeobvb39n2d3eqxVqu2KcUgstGW42XX3/7IzgUWm/uwFWsyrVdP6nIL5Fte1fI0dM+k+oZs6W0QwfJ19d4lbYVqK6okLqqGplfWSM/5lVJYV2udIgUSEFBgdRp9Wpdrn5EXsPUnFjA6q3bz8y+bDxXg9g8bfQ6sbiLnP3d1NA1ZdNGQY42wNVWAjmWqtqit/bf6GYKXPXBNXO1ZWkIXBPDVmsj8OuUKTJ+zz2lc+cuzoHQ1THwDQEEEEAAAQQQQACBpVLAJvs55fjDQtf+5DMvyEmnhwPG4AETtHfr8GFDYkPz5i+QNTbYTiq10ijVct/tVye1H1h/813lD/3I86IsVn31wF3XJX3c/YRTz5enn3sx7UN/+NaEUFhlH4lfa6Md6r3Pc0/cFepXaUHgcjoTuN22laUp4c5TD98my44cFrrEf+x9mHzy2Zehsebc2HuPneW0E4+IPaT1zd1wy38s8usl9oANrDQmcH3/9adDE4nZa3qDLXar982EJx+61QXJwVNYZd1txCrL61tuuOp82XiDtUO7baKr4uKi2JgVV51x3uXy8GPPxsYyWdlz/I5yhvYqDS5vvPW+HHj4ScGh0LqFdhbeBZfTz72s3ue2FhOvPPdg8HBX3Zru4+ktEbhadav9PIsKC0PnmkmbFQvujjvyQLHAMbh8/+PPrmI4OBZcb8rvZPD+tp5p4Hr1pWfLFpuuH7p7ugDV/rtg/30ILocfe7q8qG0q6luaP3AVDUW7SnVxT9myT63sP/0TKf5zpnTXlgL2ifZa/W9OTXWN1FbXWkdSF56W66RPldopoFYrNi1MtGpWNxFUNHS1Nz7ctvaJjWgYm5Ojtzqm2axUtCuSvWcXyk9zy+q7xDY9nhy4WuZqcn7o6jJYiYxMqHD1g1TXOsA2LFiN9hTwMlYb04mzbHoy2+V210pVnT149i2pwtavv/T+o9he3w0gdM2+nzlXhAACCCCAAAIIIIBAYwXso/IvPHVv6G5ffv2t7Dj+oNCYv2Efv/zvB5PcxzD9sS+/0uN1Iqz6FvtIfuLkVJtuu6dM/uXX+u6S8XiqlgXpesT6D/y5XoN9NNpfLCizELi+xfq9Wt/X4LKN9nH99rsfg0Oter0p4c47rzwh3bt1DV3XquttI7Nn1x8Qhg5uwob1z7Q+msHFKgzr+4i8HWeVnjaRk1V2/q19KBdlyTRwtZ7IH74ZDjjfee8j2feQ4+p9+kfuvdH1/QwesNZGO6Ztm5AqcA3e39bPv+Ra1zM2cbyhbWsp8N5rT4UOmzptuqy98U6hseDGxeeeIjtsu3lwSPbSieTe//DT0Ji/YW+MfPnRy6E+s/YzWmeT+p+jJQJXO9+H77kh6Q0cG3/i6efl1LMuEQv/ExeryL71+ktS3u+hx56RM869PPEuse2m/E7G7hxdyTRwTXyjzN4gG7vqJvW+OXDcUQfJwfvtEXq6Y08+RyY8/0poLLixOAJXkTypKRggm3WtljElM+SP2fOlV1mZhqMlrj1GnQamtRasapWqBd8WslqgmqNBoqve1CxRR7zT1BtvPHqrx7lQNlIrc6o6yuTZFfLatN9lYVXbeSMt6N/Qer5epwWsUQ3npN/0bjEhl7hmHLh68ao97dITuKYLW/0fAKGrL8EtAggggAACCCCAAAJLr4D9A9UC1ODHisv1I5rLrRqeWMUXWmbIQHn+yXv8TXfbUB/KxRm42qQ1FmIFFwvmLKBLtzQ2cD32iAPlkAP2DD3kMSedI8+9UH/4EDq4FWw0Jdx566XHpWePbrGzt8rK5VffLLa9OFas7+fjD9wce2ib/GljrXCtSRF22UGbbbye60dsFZ9//T1N1t1059h9m7KSaeC6/Nhl5dH7wq+9x56aKFYRWd/SpMD1yvPEJseqb7nljgfksqvjXvUdV9+4VZ9aFWpwWX397eqdfO7Ki8+QrTbfKHi4bLHDXmlnsLe2It27eZ+ytTsuXFgmK6wRDm2DD9hSgatNgnbgPru73/VCraIMLha6nnzGRcEh147F2kokVoFbv9MLL7tenp7wYr2Bpj1QU34nQyegG5kGrl/856VQv19rDWAVrvUtrSdwFamOdJO12tXJimNK5PeBI6RLaalYpmVvALo+3hqy+v1YvTYB9rH5aOCqF+j30bVw1d4AsIrWXKt4tbBRx9ppUfNHH86UFz8vl+nfPiblCxqeeLE+t9Y8ni5wtfN2QawF1qEK12glq3dhgcmydNz+Fxu3v6Cjm15Lgbqsq3DNJGyNgrgXKJWuvga3CCCAAAIIIIAAAggsnQKvPf+w9O3TK3TxI8dtkLKaa+CAvvLSsw+Ejm0o4FycgWvnTh1d4BA8oW++/UG223X/4FDSemMD11Qfo26o6jLpSVt4oCnhzh03XSZrr7FK6MwtjLdQfnEuq6y0vFj1soVCViVovU5TLTZ5mk1c5S9LMnBN9VH5N9/5jxxwaPIM9/75NSVwvV4D103qCVytdYa10FiU5Tatzkyc8MkmzrKPw6daEs3tmL0POlbe++DjVIe7qkNX4aohl7809DvaUoGrf37jlh8t1sPUJvELLhaiWp9cf0lV+W6V+/Z3w5Rf//APq/e2Kb+TiQ+WaeD6xqRHxSYB9Jey8nJZYfXNY2GkP+7ftqbAtU6rXEfmFMsmq3aTvtvsKEMHDJDCaO9hPyR0fUktLLQv/yLquXWVr7rPvy3pWCpfaa/o69/MkXmdOslfXz0sZfNn1nPvtjtsgavFqvEerrrlfi89MSfnAtcVgpNm+aGqXbhGrNG2AW4rFsZaEOsFrna0l3BnV+DamLDVbGyh0tVz4DsCCCCAAAIIIIAAAkurwKsTH5J+fXuHLr++wNU+tm0T/wSXhvoULs7A1T5Kbv1Yg0tDYY4d29jA9fyzTpRddtgq+DSy8dbjMwpVQndqwY2mhDup+jjusd+R8uHHn7fglcSf+n+fvuZVuEWHlmTgapV1//3gRZ2cJz7p1O9//OV6uMbPMLzWnIHr3HnzXYViuv6v4WdPvXXrdRfLeuusHtqZLnDdfpvNXEVx8A7nXXyN3PPA48Gh2PrwoYNlwuN3xbZtZeKLr8nRJ5wVGgtutHTgaucyZvQIuffWq1yrCv/crGXFP/Y+XD7/4mvZcbst5KJzTvZ3udvffv/TtVfJtOVGU34nQ0+oG5kGrnfdfIWsufpKobtbv2F7zaZaWlPgaufXobpA9lypqwzdcy8ZM3SY5HfsJLX683ABq4aEbrFbP3D1x2yHrcdiw9iKdx/dLOzaVaY+dIfcffvH8vHwPaW0Zop8//EdUllR7h2TJd/9wDUWSjsur6WAXaIfQEdGBgLXYBWrcwj0adVkNUqj/Vtt3fvj1u1+1VnSw7UpYWsUhtDVh+AWAQQQQAABBBBAAIGlUKAxgavxfPT2c2J9C/3Fqh3X3GAHmb9ggT8Uus2GwDUxKLPJssauskm9H3MPAQQ2rGfmlTrD+/JjR7nRrXfaN+2s34G7LvJqU8KdbbfaRC674N+h53751bfk0GPCY6EDluBGSwaudpmJk6nZ2BHHnSHWZiPVkvg6smMa6uF63RXnyqYbrZv0cJdffYvcfMf9SeONHWhs4GpV7i88fZ/7aLb/XL9M+V02327PlL8PF5x9kuy8/Zb+oe72zPOukAcffTo0FtxoDYGrnU+qUNX69FoFq7Vi6NO7Z+y0q6qqZDedUM56Wme6NOV3MvGxMw1czzzlaNnjHzuE7n7fg0/IORddHRrzN1pb4Jqbky//6JYjIzvmS5+OnaWTfiqjqqpST7fOVWlapab7sj6ubqKsXNfXNZKbZ7Np6Zd3W2ttBGxbQ1i9p9RZFpuXL5Vvvyo/ffqD3DtkI5k690+ZPeO3aKGmL9L2b/Osh6v9LxZK+yFrtPo8Oq6B6wZ+kmoZanSJriUFrhatetWtdrDXTsB+LNkRuC5K2OrLUenqS3CLAAIIIIAAAggggMDSJZAqcB2xwvr1/mMz1WzXiR+1DQou1sA1xcRFmVS4/vc/L4ZmI083aZZVuj3xwC3BS5KfJ0+Rzbb7Z2isoQ3r+WnhWbAn6pKskm1KuGM9Eic+ebcMGtAvdHlWzWgTNfm9EUM7l+BGSweuNjP9wfuHe/vaa2kf/Yj95Cm/JUk0JXC99vJzXJ/a4IPZxFYbb7V7s7R2SBW4brnD3vLDT5ODTxlav+T802T7rcN9nu2j9hddfkPoNWG9Z6+97OzQhFlWhWyve5u0qb6ltQSudn7WWmDdtVYNnaoFlXuO3zE0Ztdvfw82ZmnK72Ti42cauFprEGsRElysL/IhR54ib7z1fnDYrTclcD1w3/FywtGHhB7rFO17+7j2v22OpX2kSAZX1khVbZV01ImzqmraS0FxofZvLdIYUXNUL07UQNH6s3ofnc+LaEOC3BrJjVRKviyQwtwFklu3UI+slTwNXq33a3FBgXTST2+U9O4hH3XrIY+88oVOwGcfv8+uxQ9c7aq8Fgy6YlWuKueteO0YIiMCgauFqN5iEapu+Ntu1TZsRStc7SBbdb1dbbVOarKgwnXzLbeS5ceNc9c14Zmn5esvv/Q4Gvk9GLrOmztX7rnzDpk/f34jH4XDEUAAAQQQQAABBBBAoKUEbEKQDvox+0yXQQP7iU36YhON+Iv9I3z9TXeRSq3YSrVY1eNpJx4R2mUB0K7/PFQsbAou9pF/m/l7yOABwWG59Kqb5JkJL9X7HKGD02xYoGOz2geX7374WfY+8Bg3lGpW8bXWWFmuuOiM4F3EPp697S77JZ1/UWGh3HrDJbLayiuEjr/kypvktrseDI01tHHPrVfK6quuGDqssYFru3bFUqjhQH1Le608tteALdajsaLCKsBEeujEVzdfc2GoIs/Gx+9zuFjPSQso7OPSqZZUxnbc62+9Jy+9+rZ88tkXMnNm/ZPMVFRWukmSUj12qjGrvhq/y7ay607byN9Tp8kddz8sH3z0WapDpaUD19KSEnn5uQekS+dOofMz+5tvv18++fQL+Wnyr1qJ5/0u3X7jpTJm2RGhY7feaR+ZqZMs1VSn9r9QP7a+4Xprhu5jvz+PPTkxNNaUjS5dOsndt1whPbp3C919x/EHydSp06VKK7lTLVblar/X/keQ/WPsNfHoE8/J7DlzZfNN1pM9dtsh1PLBjrvyutvkoUef0Yn68tQl+fGtVcO+/9xVDtpvd/9h3a1NUGcT1SUuzfF7lfiYwW1rt2ChdLrFMqad9zhErKVA4pKbl5vyZ9uzZ3e57fqLk+ztjRx7QyfTJdPA1R4vVU9mG3/0iQny8mvvuL69CxYstCE57OC9Za/dd3Lr/rfTz71MXn39HalO8Vq1djMXn3uKWP/l4HLiaefLUzp5WPMsEaku6C95hSUSKSiRmrxh0qH7UGlX2lnzMK3erKvSr3L9Wih5dfMlP6IBa84CKc4v069K6djOJsiyYkx73dW5ySILtLq1V69e0kO/2uk1lM2ZJ/8+92r9+9P7u7N5zrt1PEquX+Gqp+N+d13Yahte4Or1cNXNTALX+LttqQJXL5ytqYv/H4vWQdD4szCoLbfZRn7+6acmh63+s1rouvW228kLz02QWbNm+cPcIoAAAggggAACCCCAQBsQGDSwv7z4zH0tcqY2m/wpp18oH3/2pasaWmO1FeUM/Rhr8GO3wROzf9jbP9Jby2K9MC/QCrW33vlAZs2e64Kxk487VFYaNzZ0ilaht8k2u8fCzNDONBvNEQxdePbJstP2W6R5lta36+HHnhULajJd1llzVbFg0l8sDF97ox1TVnO2dOBq52gf07aPay/KMmvWbOmcENouyuM1x30tNO2kFeSLa7HQLk/DyEyXG265R666/vakw5vj9yrpQaMDI0cMlR20Z60FwE1dZurPNjGQr++x7M2u5VfbNG31b+J9GxO4Dh82RJ555PakEDzxMdNtW8/XxEkW0x2/216Hyqeff5XukEbuK5Gi4j6SW1gspaX6+owUSHGHrtK5OBqsFlRL++I6aV+SJ6XtCqRU/xtTWlqq/60p1WC2g4ashZovagiubzBV6ptBFvz36tVTStybWXkyZ+5COeyEC7U/d3KFeiNPtNUdnhvRnrf+/zRH9Kpb9TSjgaudsOWL8cDVla361xGucF1aAlf/6rlFAAEEEEAAAQQQQACBpVugJQNXX956utrHNO3j6OmW1ha4Bs/VKhLzo7NgB8dtvakfkW2OYOhwrTo78tD9Ek+pVW9fd/Pdcs0Nd2R8jpecd6rYxEzBxXrGWu/YxKU1BK4WUBxywJ7u5+JXFyeeZ0PbBK7phaxSfafdD5avvvku6cDm+L1KfNDdd93OtQwYOmRQ4q5GbzcmcH1JX+OHNbI/cmMCVzv5DdZdUyc9O0U6NjFMb0zg+utvf8jm2+8Vq/BuNF49d8jL7y05BTqBVl+RbiXTpUfPvjJkUD+9pk5S2r6DC2KLittJfkGh5OcVSJ6Gqvl5Oe6THHl5EfffJ8sbLfSvrK7VN3PqNGitkLnzK+SLb2fIC298KpP/N6meZ2+7w40OXOOhql20pq9aHewv8X2WynqTZvlzaNk+11JAMn9HxX9cbhFAAAEEEEAAAQQQQACB1iiwqIGrfRx/2rQZYh+7b2ixY20G8kyWv/XjycHepXafxRG42mRFI4Yvk9RzNN05pjq3+o5/duLLcoJ+RDZVq4L67uOPpwqGNt12T/eRfv+Yhm6t9cOdN18uq68yrqFD0+631g/v/+cTNylQ2gMXcafN5r7Hfkc2qmLPwlYLXf3Fen2us8lOWnU8xx+K3SYGrtOm62tXq2EXZbGP/D/x4C2hh3j5tbfl0KNPC40lbqyqbSeuvPgM6d6ta+KuBrdbS+BqAZlVI1rbkNZU4WqBvQX3qZZUv1eNbdXhP661Mzj9pCOTJpfy9/u39vtvx2ayZBq4/vnXVNlz/6MaPYneh29NEGvd4i/WzmL51cJvWPj7/Fv71MFVl5wlKyy3rD+U8W2mgWtZWblOrnea2CRjzb1EIsWSU9hfxi5TIhut2V9GjVle26b0lAJtt5KnwWqeTpplXzk5mqrqUq39WCsqamXugiqZNadSZswuk2kzFsi0mQv1do6Y/Zw5s/W/SbNk4YI52palXGbPDLfHae5raInH07per77V0mZd7Ma1FvB7uLoxq3Bd3ps0y0JCPU0xAABAAElEQVRTb4ne1hO4epNm6dF6mB3phbG1+nTp33WNPjg3CCCAAAIIIIAAAggggECrF2hK4GrhwW+//yXPv/Sa3HTbfW4yjUk6C3m3bl3qvd4XX3nTzcZu4dgZJx+VtjWA9Qc864KrZJMN1pa999xFRmogWlxc1GyBqwVyX//ve5k46VW5675HxarSHn/gZvcc9V2AVbB+/+NksQD1Lp3sZh/9yPAJRx9cb4hiH/W1WeEb27c1+Pw3X3uhqy4Lju17yHGNDiQ6dergJvHq17d38KEyWrfZ5D/85HO57KqbxYKg8886UXbZYauM7tvYgyz83OEf2gtU+/s2ZiksLJDztC/vFptsoFVn8+TG2+4Vm6Qo1fLuq09Jt66dY7vstbxcIz+SHbtzdGXzTdYXm8wouDz65HNy2lmXBIdSrnfu1FHWX3cNWXbkMPc1auRQ/UhzScpjg4MtGbhaNvKLTvD14cefyyX6upivLRys1+covYZMWwrYx7Pnz1/gXlMfad9aezPFenn27tXDXX9BQX7wct16Qy0FLLCzitb7HnrS/W4nPUB0IBi42rXceOu9crUGtF7mU9+9ksctQL360rOSJigLHvnd9z/JzXfc735nzzrtGLH+rsVFRcFDktYbClyn/PqHZ3/ljSnfVEh6wMCAtWT59N3whFTW2mWDzRtugWCfQLDewKNHDY+9VhN7+QaeKrbaUOA6fcYs+ey/X8mV197mesLG7tjcKzk9ZNzofjJ+uxVk3Iqr6H+DSqSsokoWltXI7LlVMmNOucyYWS5/T18gUzVcnTFznkyfMVP7dc+Q8rK5UlUxV9sKLJDqyoVSXVWpb6JVNfo109yXtLgfL1esd61OLaZJq0WuLnd1614PV3t+t294NHD14lMbThW4+umrBa0uZlVEO9aOtm0CV4fBNwQQQAABBBBAAAEEEECgiQL9+/WRQw/cS8aOHiHLLDPITdq0cGGZfPn1t/LMxJfkkccnNPGRl+zdbCbyvXbfWcaOGSkWnNm/IW1Cqc+/+EaeeOYFVxG6KGd0wdknyc7bbxl6iLMvvEru10CpqcsYNX/igXA1poVCW++8b1MfstXczz7ybK8jf8KpVCdmEz6tsdpKoV1b7bjPIgU9hx20txx1WLhtg80+b7PQL8piweuHbz0bmqDO+tOuuu42TaqYXpRzyab7+oGrvVZO0h7SVuXelGXLTTeQqzRwTVwmaxj97HMvyUta5fztdz+2qlAuVTX2a2++KwcfcUriZTR62960Gjt6ZOh+2+92gHtzKzTYQhsR7d06eOAIGTakp/TsO1rTvUL5Y+o8mTV3gczW+YjmL5jthapVczVUna/tA8qlrqZcQ1YLVlvopFv4aWOBq4tbNXp1RdoavnrJqzs7m0AxEgtcY1KeWOxdDN30QlW3one0Lf1frXecNhjQvLVWanOS32lpYQOeHgEEEEAAAQQQQAABBBBokwJFhYXSS2ffto8mW1VoW13sI7dWsWeBWHMtR/xrXznikH1CD3fvg4/LuRddExprzIY9nj1ucJn44mty9AlnBYeydv20E4+QvffYOXR9hx97ulgFdlOXyy88XbbZcuPQ3fc75Hh5+70PQ2ON3dh0o3XluivODd3tjbfelwMPPyk0xsaSF7DAacLjd8qwZQaHnvzNtz8Qez1ZX+rWuOy03RZy4Tknh07t5tvvk8uvuTU01tgNe8PpvdeeClX8W9Xyymtv1ar+Xi8q6q5Ba7EmhxXac1srjWvKNFDVr+oKDVizv2K1sT/XHK3itZRVI1V314i2XIjWumppqw152xq4ru8lp9533eEFqpajukVvbcS+e/F1dIvANQrEDQIIIIAAAggggAACCCCAwJISWGncWHnwrutCTzd/wQLZeqd9xXqqNnaxj0A/+dCtMkpnUg8uF19xo9x+90PBoaxdt3YI1hYhuFhl9S57/svNQh4cz2TdAjfr32ptDYLL2hvv1OjWCMH72/pN11zoPsIdHLdgzAIylpYVGD5siEx47M7QSVibhJU0YLTK2eZabFK1VG9E1Tee7nmtlcHEJ++Wvn16hQ479uRzZMLzr4TGGrux3167ycnHHRq6m73hYG88sLRdgdSBq12Ppq3RKlcXuQ5fbn1LU6Ohqrfm56ux8dgRtqJf9idaEVtbp++26joVrqbFggACCCCAAAIIIIAAAgggsDgFLFR5+5UnpGuXeM9Re773PvhY9jn4uNi/VTM5BwtbL9LKNuuhG1wsJFp3013E+qcuDcsyQwZqZeJdro1F8HrTTbIUPC64biHr4/ffLBa+BZf/ffuDbLvr/sGhRq8fetBecvRhyY8xfp/D5WPtecrSsgIbrb+W3Hj1BaGTsAnfLLhvjsVeU8cecaC2v1hRJr30hlx53W1uoqYB/fvIMYcfIBvq81s1rY3/9POUjJ7ylOMPk32193Rwqa6uFpuI77ff/wwON2rdJuSziflsgr7gctX1t8sNt9wTHGK9jQm4wFWD1RxtG2CLayUQqGz1glf93rTAVQNWF8Ja1qpNBTRwraOlQBt7iXC6CCCAAAIIIIAAAggggEDbFBi/y3Zy9r+PTTp56xV7572PypPaKzbdx5cttLXJiPbSj9FvrJOQJS5PPTtJTvx3ODhKPCbbtq3fqvVdTVze//BTufOeR+T1t95LG2bbBG7bbbWp7Dl+Rxk+dHDoYSzA3mn3g5vct9KCtoP320O23mKjaJ/E+MO/9Opbctgx/44PsNZiAvvoZH6nnnB46PltgrxLrrwpNNbUjTtvulzWWmPl2N0feORpOev8K+SKi85wrw1/RyavCZuQ7XSdqNAq5hOXy66+WW6544HE4Yy27Y2gff65i/zzHztKu3b6Mf3AYgHudvqmwzxts8LSdgUi2lLATYoVDVy1o0CosjUWuA6LVrjq35zRq9XwNLauQ1bNat+8FXdr21bYaot2b3U9XOtywx8V8PbyHQEEEEAAAQQQQAABBBBAAIHmFbDA9P47r5EVV0gOS+yZrE+ihRvTdDbtadNmuFnfi4uLpVOnDtJF+yoO00AwsULWP8O//p4m2+hkWXPmzvOHlopbq8R79N4bxSYQS7XMmDnLVRNa1e+0aTM1NJrvJkXr1rWLdO3aWQYN6KcznLdLdVdX0WeVfekW61l8yXmn6gzos9ws6AUFBdKndw/96qU9QQclBa32WNZCwgKspe1nlc6xJfcdtN/ucvxRB4dO4fxLrpW7738sNNaUDXttffLOxNDrYNr0mbLuJjvJJ+8+Lxb4+0tlZZWssMbm2n+0WmwSL6t8nTlrtthramD/vmIVsdZCwCrcExd7g2Gfg45tcAI26yNs2Zm9Xm1Cut697LXaU99sGJLUSsOew85l/D5H6OSBXyc+JdttTCBSUxnt4RqtcNWblD1chy23nkta4xmrJaxuyF2yt+oHrt6ty1oTergSuLaxVwiniwACCCCAAAIIIIAAAgi0YYH2pSVy961Xis0w3lzL31OnywGHnehmUW+ux2xLjzNk8AB57P6bpLSkpNlO+933P3YTWlkolW6xEOzlCQ+mOyS0zyqYLRj75LMvQ+NstJzADttuLhefe0roBB57aqKceubFobGmbtxz21ViH9X3l0cenyD/PudSufrSs2WLTdf3h+XVN96VQ470zuOQA/Z0bQhiO9OszJo9xwX49qZLQ8ubLz7mJjZs6Dh//4WXXa/V94/4m9y2YYF44Or6CGj4qu0F3PXodrSHq4tgh42NBq6xi9VQ1e8XoGOuutXlr66u1RvRbb8K1t1aWwEqXGOCrCCAAAIIIIAAAggggAACCCx+AesXus8eu8jBB+yxyCGhfWT+9HMuEwtdl+alm1arHqN9Mm3m9lQVgJnaWEXhRZffINaeIZPFPqJr/T83XG/NBg//75ffyAmnXSA/T57S4LEcsOQErE3H/XdcE3rC777/SbbWivHmWEaPGi4nHnOIawfy8mtvu1YFVslubxSccPQhsv46q8s7730kl1x1k9jz2jJwQF95/IFbpEP70rSn8Mrr78iZ512R8aRuqSbESvUEVhF+6lmXyBtvvZ9qN2NtUMAFrtpOwPVu1fP32gvYhbipstytmz9rqAtcXaJqe3WJtwvwt62bgBe92oru17JXvwjW7+EqBK4eF98RQAABBBBAAAEEEEAAAQSWqECXzp3kiEP2kZ122FKKCgszfm7rLfrcC6/KLXc+EAtoMr5zlh9o4dZJOsP6ytrjMi8vL+OrtdYDL7/6tlx2zS0yZ87cjO9nB1pl7aP33Sg2iVfiUltbK+/qxGgW4NrPzH52LK1LwNpSvP/aU9KxY4fQiTV3dae90VJRoR/rTljqG193rVXllusuTnoDoaysXN54+315esKLYoFrY5fLLvi3bLvVJinvZpPEPaWP+7hW+NLyIiVR2x3UlgLBHq5W1OqFrykCV79a1cJUt0RvvPV4Zau/s9bS1ugx9pee2yBw9Xj4jgACCCCAAAIIIIAAAggg0CIC9o/enj26uX6iA7SybUC/vtq3MT92LvbvV6tgtaq43//4S3797Q8msInppF6xfrl9+/ZypoMG9nd9KoOVrxX60f6ff/nNVZvazPCLGi5ZReK2OvlWO+3JOXv2XPn9z79cr9afJ/8q9pFvltYtcM7px8k/dt42dJIWjp9yxkXy7MSXpcZlSKHdS2Rj4w3XkVHDl5GKykrXd/XvqdPk40++SDu5XkMnZm/u2ARZ7UtLpby83L1Of9e+wvb3iv39wpKlAtbDVUtYY38PauCaE2slYNfsBa+RoWPW9YtVddAPXOOJq7fTtvXLDddpx4HAuh+45mX+LqI9PQsCCCCAAAIIIIAAAggggAACCCCAQPYIWLX5C0/d6yaoS7wqCyLveeBx+eqb78T6pE6d5rXvsDdGBg3spx//7+c+UX3HPQ8n3pVtBFqPQHWFnosfuFp5ayBw1XU3YKHrMhq4xs/aW60L9HC1fV4FrO3zvsKBqzcWIXCNM7KGAAIIIIAAAggggAACCCDQogL1fby4vvEWPVmeHIEsEtho/bXk2svPabAVhdeusi5eKagGNgnaP/Y+LIs0uJRsE6iLBa6WriYErrZtYatWvEYDVy9ojZawis6BFVj8fq3+YGKFK4FrAItVBBBAAAEEEEAAAQQQQACBFhRYbswoOf6og2TlFZdzfRkvufIm9xHfwYMGyEnH/kvWW3s1efvdD+VSm1jnh59b8Ex5agSyV2CdNVeVqy87q9GT2Z129qXy6BMTsheGK2vzAukDV7s8m1BLY9dlxqwTb+EarWD1WgdYZavvoGFrbL2ewDWflgK+FrcIIIAAAggggAACCCCAAAItI/DwPTfIuOVHx578MZ205tQzL5YrLz5Dttp8o9j4q2+8K4cceUpsmxUEEGheAZs8a589d5a9dt9Z+5yWNPjg9z/0pJx94VUNHscBCLSkQF2V31IgVYWrnpkNW+g6ZPQ6sSjVUlWXvgZG3EVoyWt8yAJXP4DV4137gTqJ5Be5Q/mGAAIIIIAAAggggAACCCCAQEsIdO7UUT5445nQU8+cNVvW3HAH+fjt56SkpF1sX2VllYxbcwupqqqKjbGCAALNL2Bh6z922VbGLDtS+vftLf379RYLY22xiez+/GuqvPv+R3LGeVeITbDFgkBrFqirKtfT05YBOcHANceN2Xm7vDXiB66xUlYNUG2vn65Gx73R2GB80izd7/q56h1yCFxNjgUBBBBAAAEEEEAAAQQQQKAFBR6481rXTsA/hYcfe1ZOP/cyufSC02S7rTb1h+XFV96Uw489PbbNCgIILDmB0pISyc/Pkzlz57nQdck9M8+EwKIJ1EYD1xzXN0DjVf3j1r2oVR9cw1j7n1W4xnsKRENV/yYQxMb7C8RbClgQ692XwHXRflzcGwEEEEAAAQQQQAABBBBAoDkElh05TI46bD9ZfdUVZdLLb8pV190mf/z5t1bV9ZHjjjxQNlhvTXn9zfflqutvl58nT2mOp+QxEEAAAQSWEgE/cHUTY1nImhi4WhBrgevgZdf2S1d1QFctZPUDVx8roaWA33ZAo9foBFsauBbQUsDn4hYBBBBAAAEEEEAAAQQQQKBlBXJzcqRGP66cuNQ3nngc2wgggAACCCQK1Fb6LQUsVtVWApa5RkNWO9biVu03IC5wjRWyuqQ1HrjGg1f7j1Q0hdVb10bANgMtBXILiu0hWRBAAAEEEEAAAQQQQAABBBBAAAEEEEAAgawTqKks02vSqDVtSwENXAeNsgrXeJjqJKKbwVYDSevuXvGWAgSuWfca4oIQQAABBBBAAAEEEEAAAQQQQAABBBBAICrgB67BlgKhCle/pcCgUWv5aaveNRqgBkbs8eq0pUB8CVS4BloK5BZS4Ro3Yg0BBBBAAAEEEEAAAQQQQAABBBBAAAEEskmgpsKrcNWuAbp4LQXCk2Zp/au1FBg0cq14RwFX6epKVz2LaPBqvVpjRbC6op1bvW0NYmvdMXWSR+DqmfEdAQQQQAABBBBAAAEEEEAAAQQQQAABBLJOoDoauOa4ubGigavr3Oq6t1q3AWs4IJGBGrjG01SrcFULF6KaSXRFB+1/3hKvgnWjLnHVwLWoXXQ/NwgggAACCCCAAAIIIIAAAggggAACCCCAQHYJVJcv1AuK6LxY+uWlqwmTZlniqnsGjlwz3p7VhaoarPrZatQkk5YCBK7Z9QLiahBAAAEEEEAAAQQQQAABBBBAAAEEEEAgLhAPXG0sTUuBASPWDMSrthoPXOO9BhpuKZBPhWtcnzUEEEAAAQQQQAABBBBAAAEEEEAAAQQQyCqBqmiFa7qWAhbERixwjZe4xsNWT8PLYr393roFsrWWxLpNbSoQbSmQX1ySVYBcDAIIIIAAAggggAACCCCAAAIIIIAAAggg4AtUlS3QVa+lgN3an/CkWbrPWgr0H7FGvD1roLrVHigUxHoJq42GAtfaaOBaQOBqZCwIIIAAAggggAACCCCAAAIIIIAAAgggkIUCldHANccrcU0ZuLpAtv9wDVxji1+xGhuIrtR6k2m5LTdVlqtwtd6uXtuBOiFwTTRjGwEEEEAAAQQQQAABBBBAAAEEEEAAAQSyRcAPXLWIVStZvR6uWs+ql2dfNmbftaVAPxe4+pmr3mq7Vn+Jlb66VDV+TLSoVQ8jcPWtuEUAAQQQQAABBBBAAAEEEEAAAQQQQACB7BUIBq7xSbPser3A1d1aS4F+w1b3k1TdqRFrfKYsV8XqEWmw6q3Ej3ED2l4gmr4WtiuNHcEKAggggAACCCCAAAIIIIAAAggggAACCCCQTQIVC+fr5UQk2FLAerb6gasXu2qFa18XuPpxqt4GKlz9xNVVuvqHhHq4xitcCVyz6eXDtSCAAAIIIIAAAggggAACCCCAAAIIIIBAUMAPXP3WAVbYGpo0S7etxYAXuMaqWq3CNfgw0Y1ASwFX62rbbpdNoGXH10kRFa5BONYRQAABBBBAAAEEEEAAAQQQQAABBBBAIIsEyv0KV1fK6tJVTVi14tWSV7fYmAaufYauFk1VbdSC1PCmNxove/VaDthx9kf/F20pUFTS3j0s3xBAAAEEEEAAAQQQQAABBBBAAAEEEEAAgWwTKF8wTy9JA9UcV8dqq962V/LqLtfFry5wjYWsiRWu7jhNVuOBa631HLBM1uWy8ZYCBK5RK24QQAABBBBAAAEEEEAAAQQQQAABBBBAIOsEYoGrC1pzvMBV13P0f7ElovWu6QNXl6pquGq1rN6iTQRCgavfUqCYCteYKysIIIAAAggggAACCCCAAAIIIIAAAgggkF0CZdEKVy1w1SUeuFpVqy1ewatWv/ZeZlU/S9VhXfUSVHeQ/y0Wsroj7HD9cn/iLQWKSzv4h3OLAAIIIIAAAggggAACCCCAAAIIIIAAAghklUDZ/Ll6PSlaCnhRq0tcXUuBxMDV68maaBGtatVh11LAdrvc1VoQeAEsgWuiGdsIIIAAAggggAACCCCAAAIIIIAAAgggkC0CscDVera6L+/KYi0FopWvkd5DVol1cPUrV2MIsT3WUsCCVTvClbZ6gavFr264TtpR4RpjYwUBBBBAAAEEEEAAAQQQQAABBBBAAAEEsktgYbTCNbmlgEtarfZVL1i/99LANX7puhpoKRDfoWvR8NWLXm3b7qVbbj4tDVzb01Ig7sgaAggggAACCCCAAAIIIIAAAggggAACCGSTwMJ5fksBuyqrcnXxqkWs3mVa1attWeAaK2R11avxmNU7Ur97qarbrHVJazRw1Tv6LQXate8YO5wVBBBAAAEEEEAAAQQQQAABBBBAAAEEEEAgmwQWzpujl6OBaqilgOvaGr/MSI5Eeg62Clc/ZA2s2mGxJNY1EnB3rPPDV3eXeEuBEgLXOCxrCCCAAAIIIIAAAggggAACCCCAAAIIIJBVAguigWuopYBeYURDVlu8OlcNZHsOXtlPW3VYV12LAHeMbvm77NZbt4pWt+a+ab1rtKVASQcqXD01viOAAAIIIIAAAggggAACCCCAAAIIIIBAtgksmButcHX5qn5zLQUscI22FHCRqwWug1aO1bG6UDWwFUNxY17gmtxSwI6qEwLXmBYrCCCAAAIIIIAAAggggAACCCCAAAIIIJBlArHA1bVqjaatGrJqE4HoldqYBq49NHD1q1e9wDUg4WWsGqfGy15dfasFsG6f7omGsaUdOgXuyCoCCCCAAAIIIIAAAggggAACCCCAAAIIIJA9AvPnztaL0YA1OjmWV9CqAWsscHV7kwNXv0WrRxFNXL101Q1ZD9do1qrbGr8SuHpUfEcAAQQQQAABBBBAAAEEEEAAAQQQQACBrBXwA1evhYBX4Wq1rX4PV+/CXYXrSl5m6kasctUPWQM20VDVRqJxq1fhauFrNH0t7UiFa0CMVQQQQAABBBBAAAEEEEAAAQQQQAABBBDIIoH5c7wKV6/A1evhapeX1FKg+8CVAglr6sDVqlr9xZsyy47TEU1ba92966Q9gatPxC0CCCCAAAIIIIAAAggggAACCCCAAAIIZJnAvGjgmuOVtVr/AF0SWgpENH71AleXmuoB1iIgIBFbDwauum7j+mXhq99SoH3HzoE7sooAAggggAACCCCAAAIIIIAAAggggAACCGSPwLw5s/RiNGC1ibEsbXXBq91otWts0cC128AVvaJVN+hS1NhuL1m1zXgQG5tAy4WxOu5KXLXCtROBawCOVQQQQAABBBBAAAEEEEAAAQQQQAABBBDIIoF5s6OBq1fi6gWuen1+4OpaDehWpNsADVxjiwWugc3ouF/FapuxdNYOC/RwJXCNYnGDAAIIIIAAAggggAACCCCAAAIIIIAAAlknEAtcXWVrvIerq3Z1V6trVv2aLnCNZ68uXXV3c4FrbLM21sO1AxWuWfci4oIQQAABBBBAAAEEEEAAAQQQQAABBBBAwBOYG61wdQWu1kYg1lLAVmzxBlzgGq9p1TVvFizvmNj3WMIa69mqpa6u2tULZeuEwDWGxQoCCCCAAAIIIIAAAggggAACCCCAAAIIZJmAH7ha6wBX1epyVq+q1bvUaODa1VoKxEpZXYqagqLW8lW3xNoLuAH/rgSuKdAYQgABBBBAAAEEEEAAAQQQQAABBBBAAIEsEQgGrq6aNSFwdZta+Rrp2n+cn6XqpYcD11i/1sB4fZNmdejcJUvouAwEEEAAAQQQQAABBBBAAAEEEEAAAQQQQCAsMHfWTB3QitZ6Js1yHQVsf2LgGit2dY8XzWIDg6HAVcdr3b466UjgGv4JsIUAAggggAACCCCAAAIIIIAAAgi0YYGCgoLY2VdXV0ttbW1sOz8/300OZAM1NTXuK7azGVdyc3PFvmyxT11XVVXFHt0mJ7Lz8JfKykp/dbHcpjuXxfKErfxB03ks6Z/NkqKaEw1cc1xPAa1n9Upa9Ub7ufqLTZrVJU2Fa6jVQPROFrhGM1YdsZYCFsoSuPqm3CKAAAIIIIAAAggggAACCCCAAAJtXcCCzGNPPCl2Gc88+aR88/VXse39DjxIuvfo4bY/+/QTmTRxYmxfc65ssNHGsurqq7uHnDljhtx6042xhx8+YoTssPMuse3rr75K5s+fH9tu7pUNN95EVlltNfewszR4u+WGG5r7KdrU47Wmn82SgvMDVwuU/ZYCLnsNBq5W4eoC11hTAWspENsInKsXqtqAV9GqK+6waPhK4BqwYhUBBBBAAAEEEEAAAQQQQAABBBBY/AJDhw2TTTbb3IWMzz71lCuK22aH7aW0tFReeuEF+fGHH5p8EgSuyXTZHLiOW3ElWXvddeWvv/6Upx5/PFRJnCzhjSzdgasZaFVrtMLVVbw6Fi+IjQaufsiqt/6qZ+e+x9oI6JZf0eodF580i5YCATBWEUAAAQQQQAABBBBAAAEEEEAAgcUsEKwy/c8H77uP/K++xpruWf/+6y+56/bbmnwGBK7JdNkauObk5MiRxx4nhYWF7qInPvusfPHfz5MBEkYIXDVcdYGrVrS6ilcPyNoLRLr0s0mz/JQ1sKrH+KNa1xrb8CbS8o8jcE14rbGJAAIIIIAAAggggAACCCCAAAIILBGBbbbfQZYdPdo918QJz7rAdettt3PbX335hUx4+ukmnweBazJdtgaudqV777e/9Ord2130PXfeIX/+8UcyQMIIgWsgcPVLXV0AGw1cvRDV1PwgNUGwLt4UOTFw9fol10mnLl0S7sQmAggggAACCCCAAAIIIIAAAggggMDiErBJrUaPHSvz582TH77/3j2NtRkoLW0vFrguyiRSBK7JP7VsDlzblZTI6DFj5K8//5Rfp0xJvvgUI0tj4Dp75kyV0BpWN0dWisDVnCIucF0h0LU1IXCN7YnXusbaC9iQ7vd6ulrg2tUekgUBBBBAAAEEEEAAAQQQQAABBBBAoI0LELgm/wCzOXBNvtqGR5bOwHWGwmjg6mbK8gNXNxIA0xYDnfutEE9TXYVreNM72qWrbtUqXN0RbkjXXShL4BpQZRUBBBBAAAEEEEAAAQQQQAABBBBY7AJ5eXnSrXt3yc8vkL91siOraO3QsaOstfY6WiBXK5MmTmzyOTRn4GqPZRWUVpE7e9asjCZk8k+8NYV6jQ1crTdq586dpbq6RubOnRPN0PwrW/Tb4nbtpEOHDlJRXiGzZ89apAe0HqRd9NPrCxculLKysoweqzX9bDI64WY4aPZML3B1PVtd6Gphq325XgJuzW0lBa61gcA1diKxmNWLW2P5K4FrjIgVBBBAAAEEEEAAAQQQQAABBBBAYAkIlJSWymZbbCnLDB2qH212n212Yd6M6dOltH17KSoqkoqKCrnqsktTns1Ou+4mPXr2cPu++uJLefP115KOW9TAtbsGwSuvtpr0HzBAQ8d4G0or3Jsze7b89tuv8sarr8r8+fOTnjs40JpCvUwD1xGjRsmaa60tXbt1k9zcXHc5NTU18vVXX8p7b78tszR0rm/Zdfx4dz/bn+pnM2DgIFl+3AoydNhwF2D7j1NVVSXTp02Tj/7zH/c8/nhDt6OWHa2PN0569+kTe7wF+jP57NNP5f1339GwuLreh2hNP5t6T7KZd4QCVwtZvbQ1Frh6watf4RrLWHUl1kYgNk+WnlosYY2n8e4+tdHDqXBt5p8fD4cAAggggAACCCCAAAIIIIAAAggkCfTr11923HVXKS4uTtoXHEgXuAYnSPrsk09k0vPJlbCLGrgut8IKssVWWwdPKWm9vLxcXp40yfWbTdoZHWhNoV5DgauFq9vtuJMMGz68vsuRhQsWyD133ilz5sxOecx+Bx4k3Xt4YXjwZ9OhQ0fZZvvtpF//ASnvFxz8+acf5YXnJrqq2uB44vrqa64l622wQeJwbHuW9iu975673TnHBgMrrelnEzitxboaD1ztafTNjmhhq6t4dc/sJbBeS4FYyGqBa/y84quBSbOiLQT8vgLeXQlc42qsIYAAAggggAACCCCAAAIIIIAAAs0vYC0E9j/oYOmkH1P3l1mzZmo7gb+lfYf20qNHT20vkO92tZbA1docWHBnH1Uv0bYCnfVj6/45+tfw2CMPy4/RSb/8Mf+2NYV6DQWua62zrqy97rr+qUuZXvOff/6hbR96uI/++zusEvX2W272N0O3+x5woFYf93RjfuC6jE6Ets2220mhVi4Hl7lz5rhq2Y7aRiL4mrBjpv2fvfuOj+Qq80Z/NDlne5yzCc4B45xNtklLhsWEJcOm9+7uve97/773vu/uu8suOZlgcjTBYKJxBGxMsLGxAecw9uScR7rnqVa1WpqWRqVRz4xK34Nnuqq6qrrqe0r+mJ9OP2fp0vTZqz6VYmRtu/bss85KYVu26J8ljz+e5s6bV5SpKLff/5e/pK9/5cvlar/Xfalv+l1YB1f6B645XC0C1zyiNcoLNFueNGv+wVHDtYxWWxbzTuXWlHLg2rvSqOBa7hclBeJsAtemqQUCBAgQIECAAAECBAgQIECAQAcELrzkknTW2ec0z3zD9dcXX/suN7SOWNzbgevsXNogAuKBX5+PbWedc07+c27z6/br1q1Ln/rYR4syCOW9lK/7Uqg3VOAaQeXb3vmu5j099OAD6ZpvfKO4pwjjnvO856dTTz+9vK30yY9+JK1YEfVA+7eBges9d9+dXv261zXPG/3685/9NP35vvvShjxatmwxKvay5z4vHXb44eWmdNsvf5mu/+lPmuvlQtTSfdd735em9Y6SfnLJkvSVL34hxYjjaBdcdFE6O5dEKNt3vvXN9Md77ilXm6/7Ut80L6rDC4MGrs2hrnEBvYFrI0SNDWWQGsutTeDaqmGZAAECBAgQIECAAAECBAgQILCnBd72rncXExvF57YbebgvBa67sjkj13eNALNs133/2vT7XDd0YNuXQr2hAtcTTjwpvejFLy4uv7u7O33swx9KMQK1bDF51tvf/Z5yNV373e+kP9x5Z3O9XGgNXB995JFitOvUqVOLtx979NH0vW9/e9ByBDFy+A1Xvqk5QjZGt/77//qfKa6ntR2TSx781Stf1dx03bXZ/nd99jGS9u/+8b81R23+9o5fpx9dd11z/3JhX+qb8po6/VohcD25WVBg58C1GL6aN/e+5qveaYRr0Wd5hOvChZ2+J+cnQIAAAQIECBAgQIAAAQIECIxLgRgZ+o///C/NEOw73/pWHnV4dz+LsRS4xoW/+2//LsVI2Gi/+fXt6ce5nuvA1olQL0acRg3cmBAqSh4Mtw0VuF54cR59nEfuRhusZMA//NM/NyemuuH6n+XRybfu9NFveuvfpMUHHLDT9ii58M2vf22n8HTgjk97+tPTy17xyubmq3LpgmW5hEFrGxh2f/i//jPFKOPW9vorr0xRLzja4489lj7/2c8Uy61/daJvWs+/Ly6vLkYl5xICxVx1LSUFyhGucdH5+colBQYErv1C7zJoLV8HBK45iG2WFBC47ovPgWsiQIAAAQIECBAgQIAAAQIEaiCwKM94/9Z3vLN5J1d/5tPpiVxzs7WNtcD1Fa9+TTr6mGOKW3jk4YfSlz7/+dbbKZZHO9SLr9G/5GUvT0cceWT63W/zhGHf33nCsJ0uonfDUIHrFS95aTruhBOKPQe7l5EGrhF4fvkLny8C4sGurdw+a9as9J6/+/tyNX33mmvSPXf/obkeC2eefXa66JJLi22DlZ54weWXp5NOPqXYJ+rBXvWJjxfLrX+Ndt+0nntfXW4GrlGyNeq2FqVbc8DaGrjG2rwcuPbdRF6sGLh2F0f3pPkC1z5GSwQIECBAgAABAgQIECBAgACBURSIupsR2JXtG3miqb8MmGhqrAWuL7ziinTiSScXt7TkiSfS5z59VXl7zdfRDvVe99dvTIcedlhx/tEMXC+8+OKiLm2ceM3q1emjH/pg8x7KhZEErhGIfjyXJ4hJrYbTJkyYkP7p//rvzV0HlguINwaOgg338G9tUeN1Tp6MK9qf7r03fesbX299u1ge7b7Z6QP2wQ2reke4ThhW4NqMXPNCcznuqlwpX2NLTmRjtdiU14ohrhG4LtoHGVwSAQIECBAgQIAAAQIECBAgQKAeAu94z3vSvHnzi5tp9xV8gev70/r164fs7Le87e0pJpiKNpqBa2sN1zh3jEh9+KGHYrHZhhO4XvmWt6YDDjywecyNP78+/eKWW5rru1oYTuAaZRzemQPV2DfaLTfdmG6+8cbmqRftt19669vf0Vz/yY9+mO64/fbmerkwPgPX5fn2u9KEGN0ao1qbLw3Lhk05wrWZp+aF5nLsUq6Ur7FF4NrA8zcBAgQIECBAgAABAgQIECBAYM8JXP6Sl6TjTzix+MCYEOlrX/5Sv1CvNXCN99//b/+609fQo37pO9/z3uboxd/9Jn+t/gc7f61+zpw56V3v+9vmzQ2cqb41uLz3j39M3/7mN5r7Dmchwr7XvuGv0yGHNuqEDjbCtfWr7Svy6MJPfvQjzdMPHKn5of/ce4FrTGz1jjwp1vQZM4rrW59rov7g2u+lBx94IJfjbORqVQPXCI9jdOu2bdua97yrhQiTo2/K9v3vfTfd9fvfl6vN1+e+4AXp1NNOL9bj/N/Pk3jdl0eyLliwIL04l1zYf/Hi4r0N+RpitG7Uux3YRrtvBp5/X1xftaKDgWvvoNZ831HDNR4aI1z3xYfANREgQIAAAQIECBAgQIAAAQL1EYj6nDHyMOqQRotM5oH770+rV60qRm0eeNBBKWaqL1t8DX3d2rVpytQp5aY0deq0NKM3FIyN8ZX1TZs2NufoKXecMWNm3ndquVqEbvFV+bK94lWvTkcfe2y5WnzO9hzyRkY0nDZp0uTmhFmxfwTEMdlU67VGKDt37rzm6f5w553p2hwMlm1fClzjmk49/Vnpuc9/fnl5xWuEmevXNyakitHJEXhH27RpU1q7Zk2/+43tc+bMTRMnTozFYkKvDRuGHrFb7Njy18yZs5oTc8XmDRs2FCUOps9oPDPlrpMnT0nxPLW2uNbW5yfei0nF4hrWrF6T5s5rlBiI7Z3omzjvvt7KwLXRj40Rro1SrqMwwlXguq93v+sjQIAAAQIECBAgQIAAAQIE6ijwzOOOK0YgDvfeYqTlrPwV8natu7u7CADLELDdPrHtkYcfzhNaXd3v7WOf9rT08le+qt+23VmJwDVGU5Z1Q9ud64tXX50efeTh5lv7WuAaF3bas85Il1x2WTM0bV5sm4V1uW/i6/2dajEqddKkSWltDt1jxPLutKVPPdUc9druPKPRN+3Ou69tG37getCASbOKNHXg7eTfTvRuz2NaG7+rKH5h0d38DYgargPNrBMgQIAAAQIECBAgQIAAAQIERl/gkEMOTZc973lp8QEHNE8eIyZvvvGG9GgORy95znPyV/UPK8K2doFrBK1PPflk+tlPfpz222//FF8vb9didGOc77pcciDOM7DFhFfnnH9es67swPeHs75i+fL0y1/cmjbmkZjPfcEL84jWvlGU5fGrVq1Mt/3ylynKH7S21sD1sUcfSV/54hfbfvW99Zi/ftOb00EHH1xsui+XQrimQimEy1+cSzqc2CjpsGzp0nTVJz7eeurmctRgPemUU9LixQcUI48Hjhotd+xU4Br99tijjxalIi659LJ0YL7foQLXCGY35dHQT+ZnYv78+UXoHZO0tbbBAtfR7JvWz9tXl/sC17jCPKq1Mcg1vzRGLuffYOTtUcNV4Lqv9qHrIkCAAAECBAgQIECAAAECBAgMKhClBRYuXFiElavz1/3LWqGDHlCzNyI4Pefc89LyHNrG5FIRJO+qtdYdjRDx05/8xK4Oab7/xje/JUXZhmh/vOeeFHVth9sGTkR1zTe+XtRMHe7xY22/kfTNWLjHUQ1cizGtLSNcCwAjXMfCc+AaCRAgQIAAAQIECBAgQIAAAQIEegXOOPPM/JX/5xRrUcbgEx/5SFqzpq827WBQs/NX8t/2znc1a5zedMMN6dabbxps9522n33uuemCiy5ubv/g+/+jqK/a3GBhTAi0C1zjwltHuMZy7wjXsqBxlA7Y+f56Uv4NQe/23oICvetKCuysZQsBAgQIECBAgAABAgQIECBAYN8ROOe889IJJ55UjMq86Yafp6OPOSZdePElxcjQH+ZyAVs2b953LrbDVxJlGK58y1ubk1dFfdpvfPUrxeRQg310TGL1qte+Lh12+OHFLjGS+OrPfDoteeKJwQ7pt/3ggw9Jr3nDG4oSD/FGjMj91Mc+2m8fK2NDYNeBa4SvEwSuY6M7XSUBAgQIECBAgAABAgQIECBAoLrA/AUL0tvf9e7mgVF39OWveGWal2t1Rvvpj3+Ufn3bbc33x8PCRZdcms48++zmrW7ZsiXd+bvfFXVt1+eJuzZt2pimTZuWZs6cmSeKOqCoxzpjxozm/uEVbgNbHHPwoYcWk39FSDtnztx0zNOOTc887vhmwBth7Rev/lxRY3Xg8db3fYERB669lQMG3KERrgNArBIgQIAAAQIECBAgQIAAAQIE9nmBqPP6nr/9u2J0ZdQ4/fAH/iu95GUvT4cedlhx7TFpVEweNZ5ahKGvf+OVzXqsVe79iccfT1/+wufTtm3bdjps/8WL05v/5m07bS83RNj685/+NN32q1+Wm7yOMYHhBK4xmdZOJQUErmOsp10uAQIECBAgQIAAAQIECBAgQGAIgQhXn/HM49Kf7rs3PfzQQ2nu3HnptGc9K63IX22/687fj7vJtoJqwoQJ6dTTT0/nXXBhMZp1CL7irRgFGxNz/faOO4b0itHDxz796Tud7t4/3pNuvvHGwnynN20YMwIC1zHTVS6UAAECBAgQIECAAAECBAgQIEBgbwjECOBDDjkkLViwMM1fuCCXEZiVa3A2pi7asGF9WrliRfHniVyvddPGjbu8xClTpqRLn/vcNHXK1Dwp1vo8Idea9OADD6RlS5fu8lg77PsCAtd9v49cIQECBAgQIECAAAECBAgQIECAAAECY0RgdAPXnlzDtbf1pJ7GUvHSnYdRx2pP/i3Aot49vBAgQIAAAQIECBAgQIAAAQIECBAgQKBeArsMXON2u3IN17kHnZwj094QNV7LxVYPgWurhmUCBAgQIECAAAECBAgQIECAAAECBMaZgMB1nHW42yVAgAABAgQIECBAgAABAgQIECBAoHMCAtfO2TozAQIECBAgQIAAAQIECBAgQIAAAQLjTEDgOs463O0SIECAAAECBAgQIECAAAECBAgQINA5AYFr52ydmQABAgQIECBAgAABAgQIECBAgACBcSYgcB1nHe52CRAgQIAAAQIECBAgQIAAAQIECBDonMDoBK495QV2lwupJ/+vaMVLd+op3upJ8xctau5jgQABAgQIECBAgAABAgQIECBAgAABAnUSWLV8eb6drtQ1Ie4q/9XVuLu8pbFQ/D0hdc096OQcnZbJasti7FBuTgLXFjWLBAgQIECAAAECBAgQIECAAAECBAiMM4E9Erj25CC2HOG6wAjXcfaIuV0CBAgQIECAAAECBAgQIECAAAEC40dgZcsI165OjXAVuI6fB8qdEiBAgAABAgQIECBAgAABAgQIEBjPAhUC15OahQOKGgIta4OXFGiUHoh6rka4jufHzL0TIECAAAECBAgQIECAAAECBAgQGB8C/QPXXLe1KN0aFVx3quEqcB0fj4S7JECAAAECBAgQIECAAAECBAgQIEBgpAIC15HKOY4AAQIECBAgQIAAAQIECBAgQIAAAQIDBASuA0CsEiBAgAABAgQIECBAgAABAgQIECBAYKQCAteRyjmOAAECBAgQIECAAAECBAgQIECAAAECAwQErgNArBIgQIAAAQIECBAgQIAAAQIECBAgQGCkAgLXkco5jgABAgQIECBAgAABAgQIECBAgAABAgMEBK4DQKwSIECAAAECBAgQIECAAAECBAgQIEBgpAIC15HK7cZxEydOTJOnTEmTJ09OE+NPXp8wYULq6urajbM6lAABAgQIECBAgAABAgQIECBAgMCeEejp6Und3d1px44dace2bWlb/Nm6tVjfM1ew736KwHUP9U0EqtOmT09T858IWjUCBAgQIECAAAECBAgQIECAAAECdROI4HXLpk1pc/4Tgex4bALXDvd6jF6dMXNmmp7/lC1+A7B1y5Yi+d+eH8L4TUB3/hPbNQIECBAgQIAAAQIECBAgQIAAAQL7ukB8U3tCzr0i+5qUBxfGAMMpU6f2+wb3pg0b0sb8J7Kv8dQErh3s7ZmzZqWZs2c3P2HL5s1Fuh+vGgECBAgQIECAAAECBAgQIECAAIG6CUydNq3xLe/8WrYN69alDevXl6u1fxW4dqCLI9WfPXdus3RADKGOND9Gs2oECBAgQIAAAQIECBAgQIAAAQIE6i4Q+Vh86ztKbEaLUgPr1qwZF/mYwHWUn+54iObMm1ecdfv27Wn92rVF+YBR/hinI0CAAAECBAgQIECAAAECBAgQILDPC0SZgVlz5qRJkyYV17p29eriG+D7/IXvxgUKXHcDb+ChkdrHAxRt08aNRWo/cB/rBAgQIECAAAECBAgQIECAAAECBMabQHwbfPqMGcVtxwDF+DZ4XZvAdZR6tjVsXZ/rUmwcR3UpRonQaQgQIECAAAECBAgQIECAAAECBGosMCPPdzSrd76jOoeuAtdReIhbywisywl9zMCmESBAgAABAgQIECBAgAABAgQIECDQX2B6/ob47N5viNe1vIDAtX+fV16LAsALFi0qjjOytTKfAwgQIECAAAECBAgQIECAAAECBMaZQOtI1wgn6zbRvMB1Nx/o+TlsnZxDVzVbdxPS4QQIECBAgAABAgQIECBAgAABAuNGoKzpum3btrQqh651agLX3ejNmbnuxMxcd2L79u1p5bJlu3EmhxIgQIAAAQIECBAgQIAAAQIECBAYXwIL9tsvTZo0KW3I8yFtqNF8SALXET7HEydOTAv33784evXKlWnrli0jPJPDCBAgQIAAAQIECBAgQIAAAQIECIw/gSlTp6Z5CxYUN75i6dK0Y8eOWiAIXEfYjVHcN4r8bt60KUWBX40AAQIECBAgQIAAAQIECBAgQIAAgWoCc+bNSzEhfUxCH5PR16EJXEfQixMmTEiLFi8ujgzAuhX2HQGJQwgQIECAAAECBAgQIECAAAECBAhUFmidkH75U0+l7u7uyufY1w4QuI6gR2bkka2z8gjXLZs3pzWrVo3gDA4hQIAAAQIECBAgQIAAAQIECBAgQCAE5s6fn6ZOm5bW5xGuG/NI17HeBK4j6MH5ixalyZMnF2FrhK4aAQIECBAgQIAAAQIECBAgQIAAAQIjE4iwNULXbdu2pVX52+RjvQlcK/ZgOVlWT09PWvbkkxWPtjsBAgQIECBAgAABAgQIECBAgAABAgMF9jvggNTV1ZXqMHmWwHVg7+5iPYr4RjFf5QR2AeVtAgQIECBAgAABAgQIECBAgAABAsMUKMsKxOT0MUn9WG4C14q9NzvXbp2ea7iuX7cubVy/vuLRdidAgAABAgQIECBAgAABAgQIECBAYKDAjFmz0qzZs9OmXMN1Xa7lOpabwLVi781buDBNmTIlrV65Mm3dsqXi0XYnQIAAAQIECBAgQIAAAQIECBAgQGCgwJSpU9O8BQvS1q1b0+oVKwa+PabWBa4Vu2vh/vunqOO6YtmytGP79opH250AAQIECBAgQIAAAQIECBAgQIAAgYECEydNSgv32y/t2LGjqOM68P2xtC5wrdhbZQHfmDArJs7SCBAgQIAAAQIECBAgQIAAAQIECBDYPYGYMCtytzpMVC9wrfgs7H/ggcURS5csqXik3QkQIECAAAECBAgQIECAAAECBAgQGEygLrmbwHWwHh5ke106fpDbs5kAAQIECBAgQIAAAQIECBAgQIDAXhGoS+4mcK34+NSl4yvett0JECBAgAABAgQIECBAgAABAgQIdFSgLrmbwLXiY1KXjq9423YnQIAAAQIECBAgQIAAAQIECBAg0FGBuuRuAteKj0ldOr7ibdudAAECBAgQIECAAAECBAgQIECAQEcF6pK7CVwrPiZ16fiKt213AgQIECBAgAABAgQIECBAgAABAh0VqEvuJnCt+JjUpeMr3rbdCRAgQIAAAQIECBAgQIAAAQIECHRUoC65m8C14mNSl46veNt2J0CAAAECBAgQIECAAAECBAgQINBRgbrkbgLXio9JXTq+4m3bnQABAgQIECBAgAABAgQIECBAgEBHBeqSuwlcKz4mden4irdtdwIECBAgQIAAAQIECBAgQIAAAQIdFahL7iZwrfiY1KXjK9623QkQIECAAAECBAgQIECAAAECBAh0VKAuuZvAteJjUpeOr3jbdidAgAABAgQIECBAgAABAgQIECDQUYG65G4C14qPSV06vuJt250AAQIECBAgQIAAAQIECBAgQIBARwXqkrsJXCs+JnXp+Iq3bXcCBAgQIECAAAECBAgQIECAAAECHRWoS+4mcK34mNSl4yvett0JECBAgAABAgQIECBAgAABAgQIdFSgLrmbwLXiY1KXjq9423YnQIAAAQIECBAgQIAAAQIECBAg0FGBuuRuAteKj0ldOr7ibdudAAECBAgQIECAAAECBAgQIECAQEcF6pK7CVwrPiZ16fiKt213AgQIECBAgAABAgQIECBAgAABAh0VqEvuJnCt+JjUpeMr3rbdCRAgQIAAAQIECBAgQIAAAQIECHRUoC65m8C14mNSl46veNt2J0CAAAECBAgQIECAAAECBAgQINBRgbrkbgLXio9JXTq+4m3bnQABAgQIECBAgAABAgQIECBAgEBHBeqSuwlcKz4mden4irdtdwIECBAgQIAAAQIECBAgQIAAAQIdFahL7iZwrfiY1KXjK9623QkQIECAAAECBAgQIECAAAECBAh0VKAuuZvAteJjUpeOr3jbdidAgAABAgQIECBAgAABAgQIECDQUYG65G4C14qPSV06vuJt250AAQIECBAgQIAAAQIECBAgQIBARwXqkrsJXCs+JnXp+Iq3bXcCBAgQIECAAAECBAgQIECAAAECHRWoS+4mcK34mNSl4yvett0JECBAgAABAgQIECBAgAABAgQIdFSgLrmbwLXiY1KXjq9423YnQIAAAQIECBAgQIAAAQIECBAg0FGBuuRuAteKj0ldOr7ibdudAAECBAgQIECAAAECBAgQIECAQEcF6pK7VQhcT+5JKf9TtJbFWC83p+7G28Wm3o3Frt2pp3irJy1YtKi5z1hcqEvHj0V710yAAAECBAgQIECAAAECBAgQIFBfgbrkbv0D1wkpdTX6rKtcKFYnpK65B408cE05iC0D1/kC1/r+VLgzAgQIECBAgAABAgQIECBAgAABAiMUqEvgumr58iyQ49WctaYkcN3l41CXjt/ljdqBAAECBAgQIECAAAECBAgQIECAwB4UqEvuNjqBawnfGMZarPWUdQaKygJ5hGvx2pPmL1RSoOTySoAAAQIECBAgQIAAAQIECBAgQIBAQ6A2geuK3hGuRSmBQUa45uGvQ5cUKJ8KgWsp4ZUAAQIECBAgQIAAAQIECBAgQIAAgQoCAtfeObH6mQlc+3FYIUCAAAECBAgQIECAAAECBAgQIEBgeAICV4Hr8J4UexEgQIAAAQIECBAgQIAAAQIECBAgsEuBcRq4li45bW0UZS03NF6LbY0kVg3X/jTWCBAgQIAAAQIECBAgQIAAAQIECBAYXGD8BK65uGtXV1nDtQQRuC5dsqTE8EqAAAECBAgQIECAAAECBAgQIECAwG4KjLvAdd5BJ7cUEcjjV41w3c1HyOEECBAgQIAAAQIECBAgQIAAAQIECJQCAleBa/kseCVA3WaEAQAAQABJREFUgAABAgQIECBAgAABAgQIECBAYDcFBK7tAtfUV2pADdfdfMIcToAAAQIECBAgQIAAAQIECBAgQGAcCYybwDXXb81FXFPXsEoKCFzH0Y+AWyVAgAABAgQIECBAgAABAgQIECAwegICVyNcR+9pciYCBAgQIECAAAECBAgQIECAAAEC41xA4CpwHec/Am6fAAECBAgQIECAAAECBAgQIECAwOgJCFxzuda+Vq5EDdfG1p7UXS7k11zRtQhoe9L8hYv6DhuDS3Xp+DFI75IJECBAgAABAgQIECBAgAABAgRqLFCX3G3ViuW5l3KN1t5arXmxaF1pQrnQeH/nGq6N9xt/C1xbNSwTIECAAAECBAgQIECAAAECBAgQIFBNYNwHruVI1gZbI3DN41iNcK32HNmbAAECBAgQIECAAAECBAgQIECAAIEsMJ4C1zz+NXUNHOEqcF3iB4EAAQIECBAgQIAAAQIECBAgQIAAgVESGH+B68EnFwNYG359I1mb63mhZYe8nGu4xsDXYvCrGq4NJ38TIECAAAECBAgQIECAAAECBAgQINBOoNaBa67j2qzhmm++McJV4Fo8B3Xp+HYPtW0ECBAgQIAAAQIECBAgQIAAAQIE9pZAXXK3tpNmCVwHf6zq0vGD36F3CBAgQIAAAQIECBAgQIAAAQIECOx5gbrkbgLXis9OXTq+4m3bnQABAgQIECBAgAABAgQIECBAgEBHBeqSu3UwcI06r2Wt16jhGv3Rk+YvXNjRjun0yevS8Z12cn4CBAgQIECAAAECBAgQIECAAAECVQTqkrutWrEi33au0prLCMRr/BMr8b+yjbCGq8C1BPRKgAABAgQIECBAgAABAgQIECBAgMDQAgLXYsRqiVSulK8xljVGtUboGvsY4VpKeSVAgAABAgQIECBAgAABAgQIECBAYGeBOgeuXQNGuBYjYOcdfHJkqL2tDFJb1ovF5g4RsQpcSx6vBAgQIECAAAECBAgQIECAAAECBAgMKTA+A9cmSQ5Wu5sreaEMWsvX3hGusT025ZGuari2elkmQIAAAQIECBAgQIAAAQIECBAgQKBVoJaBaxRyLf7pX8O1b4RrUyCnqALXpoYFAgQIECBAgAABAgQIECBAgAABAgR2T0DgKnDdvSfI0QQIECBAgAABAgQIECBAgAABAgQINAUErgLX5sNggQABAgQIECBAgAABAgQIECBAgACB3RMQuA4jcC0KuPbWcO2O11zQdf7Chbsnv5ePrkvH72VGH0+AAAECBAgQIECAAAECBAgQIECgn0BdcrdVK1bk++pKE3Lt1tRbw7Wo2RrFXJst13Sdd/ApOTItUtO8Ob/2C1zLPfs25mmyGvsVLz1J4FoaeSVAgAABAvUSmDN3bjrqqKPTn/90X9qwYUO9bs7dECBAgAABAgQIECCwxwTGV+A6QeBaPll16fjyfrwSIECAAIGqApMnT06HHnZYOjKHrEcdfXRakL+9smPHjvTJj300rV61qurp7E+AAAECBAgQIECAAIFCoC652/BGuObAdX4e4doYtRr3X32Eaz64OG6ekgIBoREgQIAAgTEpcNlzn5dOOe20NHHixLRi+fL04AMP5D/3p0cefjht3759TN6TiyZAgAABAgQIECBAYN8QqEvgurq3pEBUExi8pIDAtfnU1aXjmzdkgQABAgQIVBCIka3zFyxID+Wgde3atcWRMcL1yKOOSvf+8Y9pw/r1Fc5mVwIECBAgQIAAAQIECPQJ1CV3G3ngWoxY7QMplnoGqeGaR8Q23upJRrgOMLNKgAABAgTGmMC06dPTEUcckY7IIWsErXPmzE1bNm9On/7kJ9OaNavH2N24XAIECBAgQIAAAQIE9hWB2gWuE0I2D3Mt5srKk2Q1FhrcXb0jXPtNmtUSuDYXBa77yvPpOggQIECAQEcEnv/CF6WTTjmlOPeSJ54oyglEWYEnHn889TTqB3Xkc52UAAECBAgQIECAAIH6CwhcmylrXwzbO4y16P1Gvde8U7GfEa71/5FwhwQIECAwHgQOPOigNHfu3PTQgw+mzXlUq0aAAAECBAgQIECAAIHREhC4ClxH61lyHgIECBAgQIAAAQIECBAgQIAAAQLjXkDg2i5wTbmGa+/2nUa49o50nbdg4Zh+eOrS8WO6E1w8AQIECBAgQIAAAQIECBAgQIBA7QTqkrutXrki902u2Npbu3WnGq7F9uHWcBW41u5Bd0MECBAgQIAAAQIECBAgQIAAAQIE9oSAwNUI1z3xnPkMAgQIECCwTwocceSR6YqXvLS4tht+fn2683e/263rvPQ5z03HHX98cY6rPvHxtGHDhub5zj3//HTa6c8q1r/4+avTiuXLm++NxYXWe/34Rz+StqiFu9e78fQzzkjnnHtecR3f/PrX0uOPPbbXr8kFjB+B4084MV1y2WXFDf/wuh+kP9177/i5eXdKgAABAgQGCAhcBa4DHgmrBAgQIEBg/Agcfcwx6RWvfk1xwz/50Q/THbffvls3/8LLr0gnnnxycY4P/dd/pvXr1jXPd9Gll6Yzzzq7WI8wdtnSpc339ubC/AULipDuySeXFPd/wIEHpjPOPDM9cP/96e677hr00lrv9T//97/t1cnH9l+8uLB96KEH012//3067PDD0ymnnZb+eM896c/33TfoPdTtjbPOPiddeMklxW19KYf6jzz8cN1ucaf7mThxYjr3/AvStGlT08033ZQ2tvySY6edx8GGvfmzcPKpp6bnv/BFhfJ3r7km3XP3H8aBuFskQIAAAQLtBcZf4HrIKbksa5my5tdyMfv0LeYarr2tp9i33K88tCep4VoKeSVAgAABAmNXQOCa0kte/vL0jGceV3RiBMEveNHl6cCDDsr/udSTPhyh8fr1bTt4XwpcX/fXb0yHHnZYcc0f+cB/pTe86U1pzpy5aevWremD7/+PtG3btrb3ULeN4zFwPe74E9IVL22MUv/lrbekG66/vm7dWul+9ubPgsC1UlfZmQABAgRqLlD7wLVR1LW3F6OGq8C1wKhLx9f859PtESBAgECHBQSuKV1w0cXp7HPPTdu3by8C1sue9/yiLMLGjRuL9R07drTthX0pcH3B5Zenk04+JW3etCnFyOIYtXz4EUeklStXpk985MNtr7+OG8dj4Bq/HHjjm99SdOcPvve9dOfvd68syFh/Lvbmz4LAdaw/Pa6fAAECBEZToC6526CTZglc2z8uden49ndnKwECBAgQGJ6AwDXPOZr/Yylq2S7PNWXXrV2b4ivasf7EE0+kTTl0HaztS4HrhAkT0pFHHZWWLFlSfKV80qRJxT08+sgjacuWLYPdQu22j8fANTpx0X77palTp6pZmy1G82fh1Fxz+tLnPKf4Ofnm175alBkpVgb5S+A6CIzNBAgQIDAuBeqSuwlcKz6+den4irdtdwIECBAg0E9A4NqPo9LKvhS4VrrwGu88XgPXGnfpXr212XPmpHe/72+La4jayN//3neHvB6B65A83iRAgACBcSZQl9xN4Frxwa1Lx1e8bbsTIECAAIF+AgLXfhyVVgSulbj2yM4C1z3CPK4+JOohH3zwIcWkeB/4j39P3d19c10MhBC4DhSxToAAAQLjWaAuuZvAteJTXJeOr3jbdidAgAABAv0E9vXANb7eP2ny5LRl8+Z+1z1aK1FOYP6CBcXXkFfkkgKNyUJT/nr+0enYpx2bbvvlr9Lq1avaftxIA9ep06Z17H7aXmiHN0YfRQhV2nX444Y8/UgD1+iTrbn0wp64h070f/RBfJV+tCZHi3NFiYLN+edud0zi52tatt2UawuPRuuE3a6u64wzz0yXXNYoK/C1L39pyLICAtddaXqfAAECBMaTQF1yN4Frxae2Lh1f8bbtToAAAQIE+gkMN3A9/Igj05lnn1Uc+8tbb02PPPxwv/OUK60hZEzetH7duvKtdNGll6Yzzzq7WL/qEx9Py5Yubb4XCxHyHPu0p6VDDzs8/zkszZ03rwh94r0NGzYU+y9d+lT69W23FbVWY/tI2/6LFxe1GQ886OA0OQe60aLW6ROPP15c8wknnVTUdv3CZz+bHnvs0bYf03qv//m//60IpwbuGIHT05/xzPTM449P8+fPT/Pyn/i8+Kzly5el5cuWpTt/97vicwce2249wp+o1RrtO9dcU0yS1W6/F15xRZo1a1Zal/1jIqWhWgRiL37Zy4pdHnrgwXTbr3451O6FS/TTqaefnvbff3GaMXNmEfRFfz655In0i1tuSevXrx/yHJ16c7iBa9S4PfPsc9IRRx2ZFi1clKZNn55icrTVq1enu++6M91x++1p69atQ15mfNZhRxxe7HPNN77Rdv/o/7A67oQTm/0/ZcqUYt/o+2XLlqa7fvf79Pjjjw35We3efNoznpFOPOnktHDRwjRv3vyiX8L9yVx7+KYbb0hLn3qq3WG73Paq176u+YzFRHLxi4i41l/fflvu3yVDHh8/u0cceUTxM7xw0aI0PbuGQVjGvcYz8oc77xx2rdnZs2enc8+/IB1w4IH5Phel6Lf42Ylrij764z137zIQrvKz0O7m5syZm971vvcVb8WEZEP9PAlc2wnaRoAAAQLjVaAuuZvAteITXJeOr3jbdidAgAABAv0Ehhu4nnDiSelFL35xcex3c9B3z91/6HeecqU1hKwauM6Zm4ON9zaCjfJ87V4359Fy37/2e+nP993X7u1dbjv73PPSeRdcUAS8u9p5pIFrhEwRSEZAGmHYUC1GEEZ4dOPPr9/lCMWhfFs/453veW8RWK9auTJ9/CMfbn1rp+WZOZh979/9fbH9rjtzncrvDl2n8rLnPi+dfsYZO52n3BD986PrrivCsHLbnnodTuB6+BFHpOe/6EVD9suGHFx+9tNXDRnsX/HSl6bjjj+huLX358C9dRR29P8pp55W9H+MoB6qRf/HLxGi/yPg3FWLAPC5L3hBip/dwVqc86c//lHxXA22z2Db33Bl/gr9IYfs9Hac8/bbfpVuvuGGQZ/Td743P3dz5+10bOuGOM8tN92Ybr355iHD0njGLrjo4hQB9WDtkYcfSl/54heH/Jp/lZ+FwT7njW9+SzrwoIOKX3B84P3/MejnCVwHE7SdAAECBMajQF1yN4Frxae3Lh1f8bbtToAAAQIE+gnsU4FrnqDmNW94Qx4FFyM/l6Y1a9akjRs3psmTJudZ2Belww4/PB1y6GHN67/+pz/JX/kfejRmc+fehZNPObUI28rtv/n17cVXhJ/KowHnz1+QP+Ow9Mzjji9G08U+IwlcIyB68cte3i8Qu//Pf05L8ujPFctXFCP05uZwOUbtHX/iicWovfisFStWpM9+6pODhlmxz94OXFu/Xh3B6i9/cWta8sSSNH3G9HRo7pvTnvWsYkRjXOs13/h6uu/ee2Nxj7VdBa4R6r/17e9ohngP3P+X9Oc//anolxhNGSH5IYceWlxvjHb+4tWfK0a+truBK16SA9cTegPXf/vXol9jvxjB/OKXviwdk0e2lu3+v/wlPfboIykC8K1bt+WRzvPS4gMOSPGLjCgHEC1Gf34uh7xDha4xCjzCvzg22sp8vvv+eE9+tpakSRMnpWccd1w66uiji2cqyjx8/rOfyf3zRLHvcP9asHBhcc8z88jlWA6Pk04+pdmvDz5wf/rql77U9nRR73RbjGbNP8Nxrxs3bkjdOWBdmM8T1xyjvSOMjhY/E1//6lfanudpT396etkrXlm8FwHt73/72/Ro9lu3dl3x74KzzjknRfAcLcLqCJcHa6MRuD77rLPSxZdeVnzEV7/0xfTgAw+0/TiBa1sWGwkQIEBgnArUJXcTuFZ8gOvS8RVv2+4ECBAgQKCfwL4UuPa7sEFWItC49DnPLUKtqFf58Q9/aNhfX48ZxyNsi9qUcey13/l220DwnPPOS+dfeFFxBVUD1wjtXvHq16QoWRAtAsdb8te7l+WvZLdrEWrF1/kPO/yI4u3bf/Wr9LOf/LjdrsW2vR24vu8f/jHNmDGj8PvMJz9RBH6tFxvh3Ktf9/oi8ItyBp/86EfaftW+9ZjRXN5V4Pqa178hxQjXaNf/JAf2bconvPI1r8mhZWP06He+9c08UveeYv+Bf7ULXGdF/7/q1c1A9J6770635tGcEaa3a3PyM/miF7+k+GVCvP/LW29JN1x/fbtdi21nnXNuuvDii4vlGN35za9/vd/I2njj6GOPLa4hliNQ/tqXvxyLu9XilwMRIpejda/97neK0gBVTxrPx+X5fqNcSLRvfO2r6S858G5t0/Pz9Tf55zRKVUQpgm/kUHZgCZMog/HWd7yzKJsRx34wjzqNsiPt2mgErnG9cZ5ov//db9N1117b7qOSwLUti40ECBAgME4F6pK7CVwrPsB16fiKt213AgQIECDQT2CsBa5x8a2jLH/329+kH37/+/3uabCVy1/yknT8CScWb//kRz8c9OvWIw1cowbom976N8WowBhdeN33r013/f73g11Oc3tMBBRf416Ua1TGaL7PXvWp9NSTTzbfb13Ym4Fray3L3/z61+nHP7yu9dKayxdeckmK4DNafHX85htvbL7X6YWhAteoC/y6v35jcQkR4H3p81e3vZwIF698y1uL92IE7w0/+1nb/Vqfp//41/9V7HNl9H8uIRDPwk9++MMUz+euWoSHb3zLW4oR1vHcfDrXN16ea5QObDEy9B/+6Z+LXzbEJFQf+cB/DToa+s1/87Yi9N+YQ8j4CvxotIMPPiTFCNZoUXLhg//5/mK56l+tvhFEf+pjH+1XWuDc88/PJT8uLE4bz048Q+1a66jToSazGo3ANT4/nom49k151H3ce/TVwCZwHShinQABAgTGs0BdcjeBa8WnuC4dX/G27U6AAAECBPoJjMXANb5W/Y482ixGB67NZQc+8sEP9LunwVbe8e73FJNWrV27thgZG6FYuzbSwPXiyy4rvnodQUyMynvg/vvbnb7ttmPzV6hf3vsV6p//7KfpV7/4Rdv99mbg2nqNESbH17zbtRhB/Lf/+N+KGrmjNcKy3ee02zZU4BrlDp7zvOcXh339K19O8TX/di0mZvpv//J/Fm8Ndf0xUjNKQkT79//1P9Nzn/+CFJOtRWge56/S/zEB1sv+6hXFuQb7ZUAEuW9717uLfaKURpTUGKy11pf9UA4HR2sSs7/Ko3ePySNoo+3OeWNUd5TuiPbRD34wlw9ZXSzHXy99+V+lpz/zmYXj+3OphsEmLzvyqKPTq1772uK4oX5mRitwbX22om7sQw8+0LzmckHgWkp4JUCAAAECKdUldxO4Vnya69LxFW/b7gQIECBAoJ/AWAxc4wZe/spXFbO/R7j1v//n/zdonc3yZqOuaowOjHZvrnn57W9+s3xrp9eRBK4/+sEPiomM4mRRTzLqSlZps/LEVe/pnbjq7rvuSt/L5Q7atb0ZuA534rS47re/+93FiM3Vq1elj33oQ+1upe22KLEQAVuUfBhJaw3FYgRr61fRY6KpU087vThtXFNc22Dtn//7/yhqjT726KPpC5/7bNvdWgPXH/7g++l5L3hhsd+P88jWqA1cpUUpgvf87d8Vhwz2lfXWuqYxsVlMcDZYe/4LX1R8vT3e/0SeNC1qvY5Gi8nmzj3/guJUQ9Uy3dVnPevZzy5Kg8R+A8PLv3nnu4qar/GLkRjFO1iL8gSvf+OVxdsxAddNN/y87a6jFbjOnz8/P9fvKT4jftkQv3QY2ASuA0WsEyBAgMB4FqhL7iZwrfgU16XjK9623QkQIECAQD+BsRq4xgQ28ZXiaJ/MX0le0eYr2K03GhP2xNf9o/3illuKGeFb329dHkngGhMdxcjI+/74x3TNN7/RerphL8eo0OnTpxflBD6TJ89q18ZK4PrK17y2mLxpuIF4TBwVgeWJJ5+cBhvh2c5j4LahAteorRr1TaP96//7/7T9Snh5vuEEri968YuLSa/imLL/7839/+3d7P/HH3usmOyqvJby9ZRTT0vPe2Ej1P3m17+W/nzffeVbO712KnCNkhxRSiHaSOu4xrGt/9750XU/SL+9447YXLT4xUj8guSxx3LY/dn2YXfsuKcD1/jMZqmGKCuQSzXE893aBK6tGpYJECBAYLwL1CV3E7hWfJLr0vEVb9vuBAgQIECgn0Br8DFU0DXc0Y1DBYIXXXppOvOss4vPvyrXqYxZ2UfaYpRdjLaLdvVnPp1iRvmhWkyY9e73/W2xy29/c0eKEamDtZEErnGuGJUZk0TFyLyRtPfmEa4z80jXlbmu5Sfyedq1oXxb968yqi8+Mz47WoyajNGT7dpwn4E4tpx4Kkzi6/a7asN9Dnd1nqEC1+c+//np1NOfVZziw3nk5Loh+qlq4BonjXuNfhvqvENdf9n/S596Kn06T0g2sLXWoI2JtWKCrcFapwLXKAMQ5QCi7U7geuhhh+d6un9dnOeG63+W7+XWYjn+ismwop7x6lV5dHSeFG+wtjcC17PPPTddcFFj0rIvf+EL6eGHHux3eQLXfhxWCBAgQGCcC9QldxO4VnyQ69LxFW/b7gQIECBAoJ/AcIOu4YZtQwWCezNwjZuOupwxCvXBBx5I8XXowdpIA9ehJvgZ7LNat5eBWx0C17flr4UvWLhwyNG6rfc+3Oew9Zh2y0MFrq1fYx9qkqU477AC1yvyCNdcs7VsuwpBy/0Gey37f7DANUY/xyjoaA89+GD+Kv4XBjtVGsuBa2u5kJiMbLDyEnsjcG2to/u73+QJ+3IpidYmcG3VsEyAAAEC412gLrmbwLXik1yXjq9423YnQIAAAQL9BIYbdNUhcI0RdTGyLr7+HSPn1q9b18+iXBlJ4Bqh0If+6z/Tls2by9NUfi0Dt7EeuEYd1nfneqQxudk9d/8hffeaa3ZpMdzncFcnGipwbS0r8egjD6cvXn31oKcbTuD6wiuuSCeedHJxjqg7++Ho/y1bBj3nrt4o+3+wwDWOv+IlL03HnXBCcapvfu2r6c9/+lPb047lwPWMM89Ml1z2nOK+brnppnTzjTe0vce9EbjGhbzlbW9P++2/f9q4YUP6YJ6QrLWsgMC1bVfZSIAAAQLjVKAuuZvAteIDXJeOr3jbdidAgAABAv0EWoOugV/tbd2xdYb3CNAiSGvXXvLyl6dnPPO44q0IIFtDzdYRrsMpA9Du/OW2iy7J5QnObpQnGO65jjjyyPTq172+OMVQX51vDVyHmhiodTTvrsoUlNc91Ovf/x//lKZOnTpkSYFyBvc4z0Df1nO/9+//IUXwGZMlxaRJQ7XhlhSIr+PH1/KjDfUMXHxZrq97ZqO+7te/+pV0/5//PNTHF++1PodDlbbY1YmGClzj2Jf+1SvS05/xjOI0t9x0Y4pArzUwK89fNXC94/bbi9qz5fEjeS37f6jAdfqMGelt+Sv38bp506Z07fe+m/7SJnSNOqtRbzXaaE6addLJp6QXXH55cd7dKSlw1NFH57ITry3OM/DfOzEKPSanmp0nEotfjkRN5HbP0HAD1yo/C8UF7eKvc847P51/4YXFXl/+wudzWYGHmke0jqIe6mekeYAFAgQIECBQY4G65G7DD1wPPiVXdy8LvLcs5k4ut6bU3VzpKbaW++W1YqeeNG/BwjH9WNSl48d0J7h4AgQIENjrAjFSK0ZsRYtZ22+56eY8cmt9nlCo778Kpk2bls6/6KIUX6eNdtMNN+RQcHnavLn/aL6FixYW9Q1jwpvu7u6idueOHTuKY+Kv0884I1323OcV61H7MCbK2bJla/P94S7MmDkjXXjxxWnOnLkpzv+B//j3YY8sjMA1gtdo9//lL/l+b2zWkp2f7+9pT39GOvmUU1LUfI0W13nHr3+dtm3dVqy3/vXss85MRx51dLHppz/+UVq+bHnr25WWDzv88BT1IaNFSPrzn/10p8+cN39eMbN7BFLRYoRjVx5FurXFsKsrFdcUowSj3XP33Tkc/VaxPNhfrYFrlFuI8HDixHzelnuePn1aOu/CvmdgVb7G7+TzPrlkSb/TPvO449KLXvySfPzEXZZuaD1wTwWu8Qy/4co3FYFlfP5jjz5aBJbLly/Lz1L+79/e9qrXvjZ1Zcxly5alG3JftL5X7hOTth151FHF6o+uuy6FyUha9Nlhhx+RzjrnnOLw+Mwbf3592r5te9vTRWB8ymmnNd+LybNioq3yHiKovCSH3tNyCYJo8bX8GIE7VDviyMZ9DLXPlCmT8zN6XjrgwAOL3X71i18UnzvYV/4HO9ekyZPSGc8+M9/z4cUu7co7xC9trnjpS4tR0rFTPMePPfpIUde1nKdqv/33a46EjV8A3f2HP6Tulj4cyc9CfFb8O3HmzFmx2LZFqYznPK/x77GYJO93v/1tsd+MGdPTuRdc2Pz35KfyZH7LdzGZX9sPsJEAAQIECNREoC6526CBa8r/EReteJmQuuYLXAuPunR8cTP+IkCAAAECIxSIUOlNb/2btP/ixcM6QwScEaaVs7IPdtDdf7grfe/b3+739ty589Kb3/a2YhRnvBGTS83pDTb77Vhh5U/33pu+9Y2vD/uIyZMnpxe/9GXpmKc9rXlMjHAMh9YWgXF8JT7a+vXr06w8sdSeamG8NX81PUYxDtbKfogJmspwuN2+Q43QLfdvDVzLbUO9ljZxDfdl/ycef6wYJRqTOpWjmyOE+9xVnxp24LSnAte4r3jmXvLyv0oHHXzwULfZfG/16tVp3rx5zfVOL4Trpjx6dTSeuT/lMPZbX//aLi/5X/7H/73LfVp3KJ+/1m0jWd6Qv5YfpRjimRrY4nl68ctePmyH5TmoXrTffgNP01wfzs9C7NxajqF5cMWFp558Mn3mU5+seJTdCRAgQIBAvQTqkrsJXCs+l3Xp+Iq3bXcCBAgQILCTQARQZ+XRlcflGcin5tGs7VoErDEa8LrvX5uek0epHp5HiZYjLVv335xrmN537x/Tz37847aj6g4+5JB05llnp6OPPbYIMkcauMaIvZg46AfXfq/4anXrNexqOcLV8/NozeNzLcw5c+f22z1GeEbNyAiAnvO856eo+zla4Ve/D2qzsiYHe7ff9qs80dRT6aW5NEMEoQNbfI38vvvuTbfmkcivf+Mbi6C4XeC6du2adMdtt6fbfvXLgafYaT1GREbN1V21CFHjGYiJgk459dQ8IrMxInfgcVGDNkLwCMCG21q/Yh6jhX99223DPbTffq2zyH/x6s+lRx95pN/75UqE6Sefelo68KAD0+LFBxRBXRmwl/uUr3sqcC37f9nSpenyPEq4Xb+W17Sr16glG1/D/9EPrxtWXeHhBq7xDDwQI8NvvilddPEl6ahjjtnVpbR9P36+IpSMf59ECYXBWpTFOOmUU3MfLS5+FufNnz/YrsXz1i5wrfKzECePycmufOtbU/yCqGpr/HvykfSD712bf6G0purh9idAgAABArUSqEvuJnCt+FjWpeMr3rbdCRAgQIAAgRaBCDUP6A1VV+SgcHcmvWo57ZhaPOSQQ9Prr7yyuOZbb745l4z4+bCuP0LSpz/zmenAAw8qgvooL7Dk8cfTb+74dduwfaiTxte03/bOdxW7RNgaoetI2gtedHkO6E4pDv3IB/6rGEVd9Twz8sji9/3DPxaHxVfGo4aotu8JPCM/ezFSOdqPc7D8m1z6QyNAgAABAgT2HYG65G6jG7j29H2tZ6carsVbuYZr/g/jsdzq0vFjuQ9cOwECBAgQILD3BSKgjKAy2nAnuRrtq45Rx//4z/9SjJp+4P6/pK99+csj+oi/ftObi1IBMcLz/f/2ryM6R9RlfdVrX1ccG7VUf3HLLSM6j4M6KxB1nMtR1p//7GeKerKd/URnJ0CAAAECBKoI1CV3W50HZUSh1q6i2lguQ1ZUIsvrjYUGSX5zeDVcBa5VniH7EiBAgAABAgTGrMCrX/e6VE6aFBOQbdy4ca/cy5VveWsxIdOm/Pkf+8iHK482jpGp73zv+1LU6Y1JpCKEG0mLCZFOe9YZxaFf/8qXi8nVRnIex3ROIMo/xPMStaejBnOE67uaGKxzV+PMBAgQIECAQDsBgWvfJMSpuShwbfes2EaAAAECBMaNQNRyjZnEN2xYn357xx0p6nye/uxnp6W5vmjMCK7tHYEDDzoo1549Mf0xz9r+eJ6sanfbiSefnF54+RXFaZ7I5QCu/synd/eUIz7+9DPOSJfl+sDR7s1f5f92ha/yRwD36te9vjnzfdQG/X3v7PFVLujwI45Mr3n964tDVq5cma76+MdSTBClVROYMmVKelb+90XUfI2v+o+24XkXXJjOPf/84qL+cOed6drvfqfaBdqbAAECBAgQ6LiAwLWZsiaBa8cfNx9AgAABAgTGhsAFF12Uzj73vOJiY3bvE046KR13/AnF+lWf+HiKiX20PSsQX7uPEZwx0djGPLv7hwaZ3X04VxW1a8/PoVWUE4jzbli/Pn3u01eNqObpcD5vuPu88jWvTVEbNlpMivbbXA/2z3/6UzGKsd05ImiN/U971rPSkUc1jovJoqI0QpUWv2A486yzckh4ZjFCNo794tVX50m3Hq5yGvv2Cpx59tnpoksuLda+951vp7vvumtUbOYvWJAibD3u+OOL88Vo7E9+9CPFxHaj8gFOQoAAAQIECIyawLgMXBt1WcMwp60tgWtT1QjXJoUFAgQIECAwHgXOOPPMdMllzylu/bNXfSqdcOJJKUYgxtd3P/rBD5qBey89FG9529vTfvvvn2L05Sfy1+6H0yKQPPX0Z+WvXG9JMev7vHnz0+wc2kZYGS1mVv/S569OMcJ1b7e4vjdc+abUOht9fFV8/bp1ebT1huJPXOOMGdPT9Bkzi/B56tSpzctemWtsffHqzzX3a77RsnDAgQem886/IG3JHjEjfcxGP3fevDRx4sRir+7u7vTzn/003f6rX7UcZbGKwEkn57rAl/fWBR5hWYY4xzHHHpu2bd9WjLCPfornNn5BEC1KT1zzzW+mRx5+qFj3FwECBAgQILBvCQhc++bHaumZvo39Js3K/ycr/5ObSbNasCwSIECAAIHaCUQYd+zTn16MfHzs0UeLyYxiRvoY2br0qadqd79j5YZiZOoxxxyb7s8TS0UIOZy2+IADUkwmVQaK5THxNe+77vx9+uWtt6Y1q1eXm/f6a1xnjFg9J4+wnpYD0eG0zZs2pZtvurEofxGB6VBtzty5KYLr1qC23P/hhx5KN93wcxMwlSAjfI1QNMLSrVu3pYcfenBEZ4l//7z8Fa/c6dj4BcGf7r23CMXXDfNnYKeT2ECAAAECBAh0XKB2gWv8zjd+8Vv87nfApFmpd9KsfiNc2/43ad9GgWvHn0EfQIAAAQIECBDoqECE5UceeVQxsdCaNauLgPXJJUvS+lxKYF9tEYjGaNT58xek+Cr5rBw2NyeDzQMA1q1fl1blkb7x56knn0xbtmwZ9q0cceSRKUx6cji7du3atHbN2hS/WFi7ds2wz2HHzgucevrpafHiA4rndt26tcVzG6F4lb7u/FX6BAIECBAgQKCdwLgLXOcdfEr+T9RimGr2yK992WqLT9/GgYFrd3FoT5q/cGHL/mNvsS4dP/bkXTEBAgQIECBAgAABAgQIECBAgECdBeqSu63KJavit/4TdjXCdd7BJ5dpaz5gYOBavlW+xh6xnP8ULz1J4FrnHwf3RoAAAQIECBAgQIAAAQIECBAgQGD3BMZX4JpLDAhcGw9MXTp+9x5/RxMgQIAAAQIECBAgQIAAAQIECBAYXYG65G7DG+E6wsC1GOXaO8K1nDRLSYHRfRCdjQABAgQIECBAgAABAgQIECBAgEAdBOoWuMZ8WeWkWTleLf7X108C16ZFXTq+eUMWCBAgQIAAAQIECBAgQIAAAQIECOwDAnXJ3coRrgLXYT5Uden4Yd6u3QgQIECAAAECBAgQIECAAAECBAjsEYG65G4C14qPS106vuJt250AAQIECBAgQIAAAQIECBAgQIBARwXqkrtVC1yjHmvR8kJzOTaUK+VrbMn/i8KtxaZYbuynhmsB6C8CBAgQIECAAAECBAgQIECAAAECBFoEahm45sqtxT+5vkD8r6+VNVybeWoZpJa7NN4oJsnq3VQsC1xLIK8ECBAgQIAAAQIECBAgQIAAAQIECAwhUOfANSbPag1ci7V5B5/ckqcKXJcuWTLE4+EtAgQIECBAgAABAgQIECBAgAABAgSqCAhcm6Ndg63dCNfuxubirSgpEAs9af7CRVWc97l969Lx+xysCyJAgAABAgQIECBAgAABAgQIEBjXAnXJ3VatWJ77MY9hzaNaG/UEypcJzf4d4QhXgWtT0AIBAgQIECBAgAABAgQIECBAgAABAkMKCFyNcB3yAfEmAQIECBAgQIAAAQIECBAgQIAAAQLDFxC4ClyH/7TYkwABAgQIECBAgAABAgQIECBAgACBIQUErgLXIR8QbxIgQIAAAQIECBAgQIAAAQIECBAgMHyB8Re4HnRyS8SaF1vWypU8NVa5mJdyDddoxX4mzWpg+JsAAQIECBAgQIAAAQIECBAgQIAAgXYCtQ5c8w13pd5Js/JcWo1JswYErj1tAtciXe3dLnBt99jYRoAAAQIECBAgQIAAAQIECBAgQIBAO4HxFLgWkes8gWvxHNSl49s91LYRIECAAAECBAgQIECAAAECBAgQ2FsCdcndVq1YngnzGNauPJQ1v8Y/0VpHuBbv7xy49hvi2jiqKCnQ2F6UF4itxWp3aoyI7UnzFy7q3XdsvtSl48emvqsmQIAAAQIECBAgQIAAAQIECBCoq0Bdcre+wDV6KpcRaAau5UK85kBW4Np4lOvS8Y278TcBAgQIECBAgAABAgQIECBAgACBfUOgLrmbwLXi81SXjq9423YnQIAAAQIECBAgQIAAAQIECBAg0FGBuuRuAteKj0ldOr7ibdudAAECBAgQIECAAAECBAgQIECAQEcF6pK7CVwrPiZ16fiKt213AgQIECBAgAABAgQIECBAgAABAh0VqEvuNrqBazEzlkmzOvrkOTkBAgQIECBAgAABAgQIECBAgACBGgqMm8A1ZtHqypNmzT3o5EaSWnRmXizC1QE9K3AdAGKVAAECBAgQIECAAAECBAgQIECAAIHhCAhcBa7DeU7sQ4AAAQIECBAgQIAAAQIECBAgQIDAMATGaeBaDnKNEa5tlHq6mxt7yh2K/bp7B8T2pPkLFzX3GYsLden4sWjvmgkQIECAAAECBAgQIECAAAECBOorUJfcbZc1XKMLuyaUJQXKlFXgunTJkvo+3e6MAAECBAgQIECAAAECBAgQIECAwB4WELiW2WsrvBGurRqWCRAgQIAAAQIECBAgQIAAAQIECBAYpoDAVeA6zEfFbgQIECBAgAABAgQIECBAgAABAgQI7EpA4Cpw3dUz4n0CBAgQIECAAAECBAgQIECAAAECBIYpIHBtDVyby0NMmlW8lSfNWmTSrGE+Y3YjQIAAAQIECBAgQIAAAQIECBAgMG4EahO4Ll+e+6wr5sXKLf/V1ejCvKWxUPy9q0mzdhG49qTu1Cjv2pMWCFxbYC0SIECAAAECBAgQIECAAAECBAgQIBACdQlcV7YErl0C110/3HXp+F3fqT0IECBAgAABAgQIECBAgAABAgQI7DmBuuRuFQLXk5rjWFPKiy1rfcsDSwo09uvJOxjhuuceTp9EgAABAgQIECBAgAABAgQIECBAYKwJ1DNwzWUEikoCUVBgp5ICAtd4SOvS8WPtB871EiBAgAABAgQIECBAgAABAgQI1FugLrlb/xGuAtddPrV16fhd3qgdCBAgQIAAAQIECBAgQIAAAQIECOxBgbrkbgLXig9NXTq+4m3bnQABAgQIECBAgAABAgQIECBAgEBHBeqSuwlcKz4mden4irdtdwIECBAgQIAAAQIECBAgQIAAAQIdFahL7iZwrfiY1KXjK9623QkQIECAAAECBAgQIECAAAECBAh0VKAuuZvAteJjUpeOr3jbdidAgAABAgQIECBAgAABAgQIECDQUYG65G4C14qPSV06vuJt250AAQIECBAgQIAAAQIECBAgQIBARwXqkrsJXCs+JnXp+Iq3bXcCBAgQIECAAAECBAgQIECAAAECHRWoS+4mcK34mNSl4yvett0JECBAgAABAgQIECBAgAABAgQIdFSgLrmbwLXiY1KXjq9423YnQIAAAQIECBAgQIAAAQIECBAg0FGBuuRuAteKj0ldOr7ibdudAAECBAgQIECAAAECBAgQIECAQEcF6pK7CVwrPiZ16fiKt213AgQIECBAgAABAgQIECBAgAABAh0VqEvuJnCt+JjUpeMr3rbdCRAgQIAAAQIECBAgQIAAAQIECHRUoC65m8C14mNSl46veNt2J0CAAAECBAgQIECAAAECBAgQINBRgbrkbgLXio9JXTq+4m3bnQABAgQIECBAgAABAgQIECBAgEBHBeqSuwlcKz4mden4irdtdwIECBAgQIAAAQIECBAgQIAAAQIdFahL7iZwrfiY1KXjK9623QkQIECAAAECBAgQIECAAAECBAh0VKAuuZvAteJjUpeOr3jbdidAgAABAgQIECBAgAABAgQIECDQUYG65G4C14qPSV06vuJt250AAQIECBAgQIAAAQIECBAgQIBARwXqkrsJXCs+JnXp+Iq3bXcCBAgQIECAAAECBAgQIECAAAECHRWoS+4mcK34mNSl4yvett0JECBAgAABAgQIECBAgAABAgQIdFSgLrmbwLXiY1KXjq9423YnQIAAAQIECBAgQIAAAQIECBAg0FGBuuRuAteKj0ldOr7ibdudAAECBAgQIECAAAECBAgQIECAQEcF6pK7CVwrPiZ16fiKt213AgQIECBAgAABAgQIECBAgAABAh0VqEvuJnCt+JjUpeMr3rbdCRAgQIAAAQIECBAgQIAAAQIECHRUoC65m8C14mNSl46veNt2J0CAAAECBAgQIECAAAECBAgQINBRgbrkbgLXio9JXTq+4m3bnQABAgQIECBAgAABAgQIECBAgEBHBeqSuwlcKz4mden4irdtdwIECBAgQIAAAQIECBAgQIAAAQIdFahL7iZwrfiY1KXjK9623QkQIECAAAECBAgQIECAAAECBAh0VKAuuZvAteJjst8BB6Surq607MknU09PT8Wj7U6AAAECBAgQIECAAAECBAgQIECAwECByNsid4u8LXK3sdwErhV7b+H++6eJEyemFcuWpR3bt1c82u4ECBAgQIAAAQIECBAgQIAAAQIECAwUmDhpUlq4335px44dacXSpQPfHlPrAteK3TVv4cI0ZcqUtHrlyrR1y5aKR9udAAECBAgQIECAAAECBAgQIECAAIGBAlOmTk3zFixIW7duTatXrBj49phaF7hW7K7Zc+ak6TNnpvXr1qWN69dXPNruBAgQIECAAAECBAgQIECAAAECBAgMFJgxa1aaNXt22rRhQ1q3du3At8fUusC1YndNmz49zZk3L23ZvDmtWbWq4tF2J0CAAAECBAgQIECAAAECBAgQIEBgoMDc+fPT1GnT0trVq9PmTZsGvj2m1gWuFbsr6rdGHdc6FPCteOt2J0CAAAECBAgQIECAAAECBAgQINARgXKi+qjfGnVcx3ITuI6g9+YvWpQmT55cjHCNka4aAQIECBAgQIAAAQIECBAgQIAAAQIjE4iRrTHCddu2bWnV8uUjO8k+dJTAdQSdMSPXcJ2Va7kqKzACPIcQIECAAAECBAgQIECAAAECBAgQaBEoywmsz7VbN+YarmO9CVxH0IMTJkxIixYvLo4MwO05fdcIECBAgAABAgQIECBAgAABAgQIEKgmMCl/i3xB/jZ5tOVPPZW6u7urnWAf3FvgOsJOmZ1HuE7PI12jiG8U89UIECBAgAABAgQIECBAgAABAgQIEKgmEJPTxyT1m/LI1nV5hGsdmsB1hL1YTp4Vh69euTJt3bJlhGdyGAECBAgQIECAAAECBAgQIECAAIHxJzBl6tQ0b8GC4sbrMFlW2YMC11JiBK8zZ81KM2fPTtu3b08rly0bwRkcQoAAAQIECBAgQIAAAQIECBAgQGB8CizYb780adKktGHdurRh/fraIAhcd7Mr5+caE5NzrYlNGzemdWvW7ObZHE6AAAECBAgQIECAAAECBAgQIECg/gKz585N02fMSNvy3Eir8hxJdWoC193szdbCvutzGr+xRmn8btI4nAABAgQIECBAgAABAgQIECBAgMBOAjPyt8Zn5W+NR4twsm4T0gtcd+ry6huisG8U+I0WxX2jyK9GgAABAgQIECBAgAABAgQIECBAgEB/gZiEPiajjxYT0ceE9HVrAtdR6tEZ+WGZ1fuwGOk6SqhOQ4AAAQIECBAgQIAAAQIECBAgUBuB1pGt6/OgxY01HbQocB3FR7Y1dFXTdRRhnYoAAQIECBAgQIAAAQIECBAgQGBMC5Q1W+Mm6hy2xv0JXENhFFtreYHt27cXD9DWLVtG8ROcigABAgQIECBAgAABAgQIECBAgMDYEJgydWrxrfBJkyYVF1zXMgKtvSFwbdUYpeWYSCtS+8n5NVrUoogh0nUrADxKXE5DgAABAgQIECBAgAABAgQIECBQM4HIx+Lb4DE4Mdq2bdvSujVrxkU+JnDt4MM8M8+4NrN3xrX4mC2bNxfha7xqBAgQIECAAAECBAgQIECAAAECBOomMHXatCJkjdeybVi3Lm1Yv75crf2rwLXDXTxx4sQizY8Z2MrW09OTosxAJPsx6nXHjh2pO/+J7RoBAgQIECBAgAABAgQIECBAgACBfV2gq6srTci5V2RfMZo1vukd5QNie9k25W98x7e+I/saT03guod6e8KECY10Pw+jLksN7KGP9jEECBAgQIAAAQIECBAgQIAAAQIE9ohADDDckstrRonN7u7uPfKZ+9qHCFz3Qo9E8j95ypQieJ2Y0/9Yj0C29TcAe+GyfCQBAgQIECBAgAABAgQIECBAgACBYQnEN7UjUI3RqztyyBpB67atW8fdaNZ2WALXdiq2ESBAgAABAgQIECBAgAABAgQIECBAYAQCAtcRoDmEAAECBAgQIECAAAECBAgQIECAAAEC7QQEru1UbCNAgAABAgQIECBAgAABAgQIECBAgMAIBASuI0BzCAECBAgQIECAAAECBAgQIECAAAECBNoJCFzbqdhGgAABAgQIECBAgAABAgQIECBAgACBEQgIXEeA5hACBAgQIECAAAECBAgQIECAAAECBAi0ExC4tlOxjQABAgQIECBAgAABAgQIECBAgAABAiMQELiOAM0hBAgQIECAAAECBAgQIECAAAECBAgQaCcgcG2nYhsBAgQIECBAgAABAgQIECBAgAABAgRGICBwHQGaQwgQIECAAAECBAgQIECAAAECBAgQINBOQODaTsU2AgQIECBAgAABAgQIECBAgAABAgQIjEBA4DoCNIcQIECAAAECBAgQIECAAAECBAgQIECgnYDAtZ2KbQQIECBAgAABAgQIECBAgAABAgQIEBiBgMB1BGgOIUCAAAECBAgQIECAAAECBAgQIECAQDsBgWs7FdsIECBAgAABAgQIECBAgAABAgQIECAwAgGB6wjQHEKAAAECBAgQIECAAAECBAgQIECAAIF2AqMUuPb0nrt8TakndTe25U098b9itSctWLSo3XXYRoAAAQIECBAgQIAAAQIECBAgQIAAgTEv0D5wTakrTWi5t67UNfegk/rS1Bygxj/N1lOulK8C16aNBQIECBAgQIAAAQIECBAgQIAAAQIExo2AwHXcdLUbJUCAAAECBAgQIECAAAECBAgQIECg0wIC104LOz8BAgQIECBAgAABAgQIECBAgAABAuNGQOA6brrajRIgQIAAAQIECBAgQIAAAQIECBAg0GkBgWunhZ2fAAECBAgQIECAAAECBAgQIECAAIFxIyBwHTdd7UYJECBAgAABAgQIECBAgAABAgQIEOi0QLXAtae8nLzQXI5t5Ur5Glu6GzvHrj09+U9jvwWLFjW2+5sAAQIECBAgQIAAAQIECBAgQIAAAQI1E2gGrl0pdXXFX40b7EoTWu60K3XNPeiknJqW2yJFLZfjtVwpXwWurTqWCRAgQIAAAQIECBAgQIAAAQIECBAYHwIdC1y7W0a4xvBWI1zHxwPlLgkQIECAAAECBAgQIECAAAECBAiMZ4HWwDUPcW2OcJ2wuyNcBa7j+bFy7wQIECBAgAABAgQIECBAgAABAgTGp4DAdXz2u7smQIAAAQIECBAgQIAAAQIECBAgQKADAgLXDqA6JQECBAgQIECAAAECBAgQIECAAAEC41NA4Do++91dEyBAgAABAgQIECBAgAABAgQIECDQAQGBawdQnZIAAQIECBAgQIAAAQIECBAgQIAAgfEpMPzA9cCTevqI8mLLWt9K38bunu7G7sWmntTT+7pg0aK+01giQIAAAQIECBAgQIAAAQIECBAgQIBAjQT6Ba6pK8U/0SZ0TWgsFH93pa65AtcWEIsECBAgQIAAAQIECBAgQIAAAQIECBDYWWA3Ate+0ax9p+3btvMI13ivJy1YtF/f7pYIECBAgAABAgQIECBAgAABAgQIECBQI4GVy5flu8kjWLtiaGulEa594WqfR9+2npaSArmgQC4pIHDtc7JEgAABAgQIECBAgAABAgQIECBAgEAdBVoD1xy7NksKdO26pEBfuNoH07dN4NqnYokAAQIECBAgQIAAAQIECBAgQIAAgfEhIHAdH/3sLgkQIECAAAECBAgQIECAAAECBAgQ2AMCAtc9gOwjCBAgQIAAAQIECBAgQIAAAQIECBAYHwIVA9eyZEB+LRf7OcX2xhvd5Q7Fal4rXk2a1Y/LCgECBAgQIECAAAECBAgQIECAAAECtRLoC1zjtiY0a7hOiHqu0Xon0+qae+BJkaY2NsZrudi7pfES2xtvCFz7wVghQIAAAQIECBAgQIAAAQIECBAgQGAcCAhcx0Enu0UCBAgQIECAAAECBAgQIECAAAECBPaMQIXA9cSWMa0xkrXdBXY3txvh2s7HNgIECBAgQIAAAQIECBAgQIAAAQIE6iyw68A17j4XGJh7oMC1zg+CeyNAgAABAgQIECBAgAABAgQIECBAYPcFBK67b+gMBAgQIECAAAECBAgQIECAAAECBAgQKARGKXAt6wv0lRpolBQo13t659LqSQsW7YeeAAECBAgQIECAAAECBAgQIECAAAECtRToH7h2pZT/ib9yEYHG/fauD1lSoKenJXDtZcoRa14SuPZyeCFAgAABAgQIECBAgAABAgQIECBAYBwIDBa4dpWBa2GQ13au4VqGrDlWbS42F3LUmifQilZsMsK1geFvAgQIECBAgAABAgQIECBAgAABAgTqLNA+cG2Mce2773aBa3druFru2rptQOBarOaSAvspKVBqeSVAgAABAgQIECBAgAABAgQIECBAoF4CK5ctyzeUA9UJcV9lSQGB617r5YkTJ6ZJkyenyfnPxEmTUqxPyH+6unIn5T8aAQIECBAgQIAAAQIECBAgQIAAgU4LRAnR+NO9Y0faEX+2b0/btm1L2/OfWNcGF6gYuJYjWPNr7wDWOHW5tbHUWGvUcC3fzGvFiNgY4br/4FczTt+ZPGVKmjptWpoydWqalENWjQABAgQIECBAgAABAgQIECBAgMC+KrA9h69bt2xJWzZvTtu2bt1XL3OvXdfKZUvzZ8cI1xg82TrCtRxM2djeNfeAE3OSWkarLYv5sHLrToFrvFG82UjEY0Xgmk1yi9Gq02fOTNOmT+8XsvZ0dxe/LYjfGMRvDtF20LwAAAlUSURBVIo/eVts75ucrHEOfxMgQIAAAQIECBAgQIAAAQIECBDohEDxbesJE9LE+BPfws5/4hvZ8acrbytbhK+bN21KmzZskF31ojQD1+Lb6r2Ba/EyIHCdM0TgWgK3DnstRrg2A9cIC2MvgWs8rDNnzSrC1rJEQAzDjt8I+K1A35NkiQABAgQIECBAgAABAgQIECBAYN8UKL+tHd/YjnKY0WKgYISuG9avH/fBa1/gGjI5nG4MaI0xr7Ght01IXZUD10bC2jvCVeAakjGidVYOW8vfAsTQ600bNxZBa0ntlQABAgQIECBAgAABAgQIECBAgMBYEYjQdfqMGUWpzLjm+Jb2+hy6Rvg6XlvbwDVjlIMvGy5F4HpCMUa1sSEvtqz14fUVdm1+/b3Yb3wHrjEJ1qw5c9KUXKs1WgStkfarcdH35FgiQIAAAQIECBAgQIAAAQIECBAYuwIx6jW+1R1zFEXbmmu7rl+7tphka+ze1ciuXOA6MrdhHxUJ/+y5c4v9o3TAhnXriroWwz6BHQkQIECAAAECBAgQIECAAAECBAiMEYGYr2jm7NnNUgPr1qwpvuE9Ri5/VC5zlALXcrhr+dqo21AMgy02xaRZcb3jq4ZrjGqdkcsIRIvSAZHqN0f+Flv9RYAAAQIECBAgQIAAAQIECBAgQKBeAvHV+cjFYiBitI25vEDkYuOl9Q9ci9my8q3nCq7FJFqlQl6fc8DAkgJ94Wq5W2udgZ6e3vIC4zRwnTNvXopEP9p4TPL7nglLBAgQIECAAAECBAgQIECAAAEC41Gg9ZvfmzdtSmtXrx4XDO0D16jhmifQarZm4FqGrPm1XGzulBeKYayNN/KY1sY7xUuMcI2FGOG6uPWIWi7PnT8/RcHgKBK8Jj9IUbNVI0CAAAECBAgQIECAAAECBAgQIDDeBKKm69w8MDEmkd+yeXNas2pV7QlWLnsq32M5orUc4Vps6b332CZwHfaDUI5s7Y6wdeXKtG3btmEfa0cCBAgQIECAAAECBAgQIECAAAECdROYnCeUn7tgQZqQQ9fxMNK1QuB6fO+Q1ejyvNiy1nwIyjICxR69OxQv3S01XOs7wrWs2RojW1cLW5uPhQUCBAgQIECAAAECBAgQIECAAIHxLRCh67wcusZI17rXdO0LXKPPcxmBPKA1Wh7T2lgoViZEDdchAtfGjFh5174UtlFSIK8X//RNmrWwpiUFWmtSRNiqjEDf82OJAAECBAgQIECAAAECBAgQIECAQJQXiNA1Wp3nPFrRLCnQG7IWOWvErS2Ba6wJXAf/oZiUE/oFixbV/mEZXMA7BAgQIECAAAECBAgQIECAAAECBHYt0DpoceXy5Wl7DctxVgtcmwNYY9hqc6VFsm9bT+pubI9d43/Fak9auH/9SgrMW7gwTZkyJW3auLFI51tALBIgQIAAAQIECBAgQIAAAQIECBAg0CIwe+7cFMHr1q1b0+oVK1reqcfiiqW9k2YV1QTyqNbega1dUV6g2coRrs08NVLU5kpzt0a02lhtDVyL7TUNXKfPnJlmz5mTduzYkVYuW5ZZ2rm0EFkkQIAAAQIECBAgQIAAAQIECBAgMI4Furq60oL99ksTJ05M69auTZs2bKiVRmvgWqStAwLXxmoEroujhmsZJrYs9uNoVG6NTUXgGrsXh7TUcK3RCNd4OBbtv39R7Hft6tXFLGv9OKwQIECAAAECBAgQIECAAAECBAgQILCTwLTp09OcefPyt+K70/KlS2s1iLEZuBbJav4rXouXxgjXYnNRw1XgutODMWv27DRj1qxigqyYKEsjQIAAAQIECBAgQIAAAQIECBAgQGB4AjGBVkyktXH9+rR+3brhHTQG9qoQuB5XDm/NtzXECNfer9Q3x7o2R7jGQtRwPWAMsOz6EovRrYsXp3hdlWtNbMs1JzQCBAgQIECAAAECBAgQIECAAAECBIYnMDnPiTQ/z40UJTqXP/VUbUa5rlj6ZAbIJQNybti/pEDv2Nbe7bmkwHEt1UkHD1yzTCFa98A1RrbGCNetW7Yko1uH90NkLwIECBAgQIAAAQIECBAgQIAAAQKtAuUo1xjhGiNd69B2FbjmJDbfZlHDdYjAtZGx5h2LmbEKl/6Ba3dvDlufEa5R2HfSpElpzapVacvmzXV4FtwDAQIECBAgQIAAAQIECBAgQIAAgT0qMHXatDR3/vy0ffv2YkL6PfrhHfqwvsA1PiDXbW0MbI2IteUTJ8SkWQLXUqQc7rxjx460Ihf11QgQIECAAAECBAgQIECAAAECBAgQGJnAwjwp/cSJE2tTtlPgOoLnYNacOWnGzJlp44YNaf3atSM4g0MIECBAgAABAgQIECBAgAABAgQIEAiBumVt1QLXZumAgTVcyzfK15geK5bL/fJa8VY9SgqU5QRMluVfCgQIECBAgAABAgQIECBAgAABAgR2T6D8Nnldygr0D1xzGYGikkAUFGgtKZDXZueSAkWGWviVQWqJWaSpeaV8rW/gGsObY5hzT3d3WpZnT9MIECBAgAABAgQIECBAgAABAgQIENg9gf0WL05dEyYU5TujjOdYbsMPXPfPgWszUG1Z7Hf3rYFr7wRaxaac1RareYTr4gP6HTHWVspCvlu3bEmrV64ca5fvegkQIECAAAECBAgQIECAAAECBAjscwLzFixIU6ZOrcUE9SueejL75hGseb6sYnhr78DWrphAq9lihKvAteCYNXt2mjFrVtqwfn3asG5dk8gCAQIECBAgQIAAAQIECBAgQIAAAQIjE5iZM7eZOXPbmDO39WM8cxO4VnwG5s6fn2KU69rVq9PmTZsqHm13AgQIECBAgAABAgQIECBAgAABAgQGCkybPj3NmTcvbdm8uRjlOvD9sbReIXB9Zl+9gOZkWANvNXZp7FYUfG2utkyaNcZLCixYtChNmjw5rVq+PG3btm0ggHUCBAgQIECAwP/P3r2jAAgDQRiOAQ8gCuL9DycG9QQSnDzQwkbLlT+VEALybTfFDgIIIIAAAggggAACCCDwUaBV3tYpdzuUt+3K3SyfK3CtZVm5K0vfd2lWusgrBd4ErnVvq548A9eSvvbjZNnLDVrg67XAdw3BReMLfE0Pgp9HAAEEEEAAAQQQQAABBBBAAAEEEPiNgFdR/aCi+qii+tV4Uf22zJqLAtWmBKvPwDWNzbsTAAD//6i0n9QAAEAASURBVOzdBZwcVdrv8WdcM5nMTBwIJGhYdoHF3d0XWNwlsLgElwQNFiBIsODu7rAsL7DI4u6EyMSTScZnet7zVE9VV/e01Ux3prvmV/cmXXK6+pzvqez93D+nzsnpN2i1DnE2s+s6Cp0OhHbtAla5Duno0J0OqR481CmTjTsDhwyRnJwcmVNb29mmbGwFdUYAAQQQQAABBBBAAAEEEEAAAQQQQCBzBDRv09xNM0TN3bJ5mzdrpql+jpUh6qf+X93MmeCOdZArOfED18701QpVg98zEWswcrUuBQyWnu+QmiwPXAcNDQbGs2cqHBsCCCCAAAIIIIAAAggggAACCCCAAAIIpELAL7nbXCdwVZVcJ3MND1zNEYFr8LHxS8en4h8B90AAAQQQQAABBBBAAAEEEEAAAQQQQCBVAn7J3bofuAY6R7WGiYbOBUe4muPOka2McA2D4gABBBBAAAEEEEAAAQQQQAABBBBAAAEEXAL+DFyDUwro6NawEa56FBzhageqJk4NTdfqYrGva87aWYDA1eXDLgIIIIAAAggggAACCCCAAAIIIIAAAghEE/Bz4KrtzdHpBZyNwNWh8EvHOw1iBwEEEEAAAQQQQAABBBBAAAEEEEAAgQwQ8EvuFj6lgHvRrMjAdeCqoeGrZvyqa30sV3dokWCxziWzmFLApcMuAggggAACCCCAAAIIIIAAAggggAACCEQX8H/gasJXa9NPHeFK4Gpx+KXjg53L3wgggAACCCCAAAIIIIAAAggggAACCGSGgF9yt9gjXAlcoz5pfun4qI3jJAIIIIAAAggggAACCCCAAAIIIIAAAr0k4JfcbekErmb+geAUBB1SM2RoL3VZan7WLx2fGg3uggACCCCAAAIIIIAAAggggAACCCCAQGoE/JK7za2daUDMlAHWzAHmr86BreZMJ5R1IdkpBQKObtgcrlbgGpzftWbIMKdMNu74peOz0Z46I4AAAggggAACCCCAAAIIIIAAAgj4V8Avudvc2hmmkzRw1bBV/wT7LBS46nEugWuQRcQvHW+3h08EEEAAAQQQQAABBBBAAAEEEEAAAQQyQcAvuVvSgWt5xKJZogNWu2yMcO1CwgkEEEAAAQQQQAABBBBAAAEEEEAAAQQQSChA4JoocA1O2irBYFbncGVKgYRPFQUQQAABBBBAAAEEEEAAAQQQQAABBBDoowK+DFx1PgF7SgFrUle7c82UAl1HuEZLXEPnggGruYF1KuBaNIs5XG1WPhFAAAEEEEAAAQQQQAABBBBAAAEEEOipQHVFoRQV6AyhwWRP11bqkDypnd/YOQiyp7+wdL7vv8BV3XJjBK6mtwhcgw+WXzp+6fwz4VcQQAABBBBAAAEEEEAAAQQQQAABBNItMGJwiZQUmmCvcwsEAlJUUi7f/DpXAoHQAEn7eqZ++iV3C83hqtIErgmfN790fMKGUgABBBBAAAEEEEAAAQQQQAABBKIKNCzfKs1D2p1rZT8WSOH8POeYnaUv0FoZkCWrtjg/XDg7T8p+LXCOe2unw2RtC9drcn4+tylH+n9e5BynamfZgcVSVhx6BjVwzSsslR/+mE/gmipkD/chcPWApUUJXD2CURwBBBBAAAEEEEAAAQQQQAABnwnUj2qVpmFtTqv6fVcohXNDYZdzIcN22ssC0mjqndeUK8Uz8ySnrXNiyRTUs7V/wITQbZK/OFeKavMlx6yr3lLVLi2D2qVgQZ4UzfLoY6rWZO7XVmFGas7Kl4KFodGb0aqrv7V49VDgWlSbJ+U/FUYr6umcBqbNQ009ygPGLF/y6+LXI/Lm+v35Gzc6p/NM4Fr5cbFznKodAtdUSabmPgSuHh0JXD2CURwBBBBAAAEEEEAAAQQQQAABnwlka+C6wIy0DBQFXy8vnp6fshGgHfkdsmD9JtFwUTcdWVpgRvwuXCc0srPftyaUnpd86Krh7ZKVWoM3NFUe8GGx5LbGDojTFbg2DW+T+pHBeuSYQc1aj5z22PUIVjj0N4FryCKZPb/kbgSuyfS2q4xfOt7VJHYRQAABBBBAAAEEEEAAAQQQQMCDQDYGrhq0auBqbzoSNVWvtuvr/HVrNNu3tkb7ari6ZJXQiNOSP/Ol9PfkX/HXsFVDV3ur+LrQGilrH0d+pitwXWymKWgZGJo+ov8XRZ5GuRK4RvZU/GO/5G4ErvH7uctVv3R8l4ZxAgEEEEAAAQQQQAABBBBAAAEEkhLIxsBVG7Z4NRMe1pjw0IwYLf/RrGpv5jlN1bZo7WZpM1MW6FQC/b4xoaQJdBf+PTiiVqcu0HA3rzH5kaFt/UyI+9dma9RsXkOuVH5q5j2Ns/ZTugJXDZMXrx6sR3dCagJXb0+YX3K31ASuzgPv7Jh/A5371kdAOqzPDqkZMsybdIaV9kvHZxgr1UEAAQQQQAABBBBAAAEEEEAgawSyNXBVYA0yc5tzJLcl+fAz2Y7ReVzz63NCc8Oan7DOmfBVX8f3uulUBW1lHVKwKPG8qekKXLXOHQWmHqXJ1SOyjb0duH7/+3yTyYXyusj6ZdqxX3K3mIGruP/dmX8r5QNXdfWO2XV3lnPF2SFwzbQnlvoggAACCCCAAAIIIIAAAggggEBKBLI5cE0JQAbeJJ2Ba0+au7QC1+E1RdKvJN+paiBgwu/CMvn2t7nOuWzYIXAlcM2G55Q6IoAAAggggAACCCCAAAIIIOAI6IhBCZhRVea177RvZiBXR15HaLRjD35QRxjmxFkwqQe37tZXl0bgavWVqZ2+jp/KrcPMImD1f2jMXMpuHygO3jS3KVTn5sHt1qhafR2/aJb3KQzUIRmDpRG4aniqz3S8xbsiMVMRuFaWF0ie/nacPqssz5fC/NBIYB3VmpNbIHMXNUl7e7vk5IT6xK6jnmoPdMjCJaG5cu1rvfVJ4OruZafDnR1GuPbWk8nvIoAAAggggAACCCCAAAIIIBAh0LhMmzQsb1Za18zF/H/d80wgllefK4ULTAhWGxoVF/G1sMOmYW3SUhVKakt/z5f8JaGAx114/oZmxXoNd82mYZm+Zq6/VzI9X9xhnPs79n5bRUB03szWinZpN6+TB0zYqvXWV9J1Ls+8hhwpmpMXdwEl+17p+vQSuGpb1N/etO7Rgsf2kg5rkaiWAQHRBa5sP331P8/4qXXJtPykwkf7t+xP7Tt9tb/dzLGqv2M/A/nmVf3SqQXWFAN2Wa+fbeUBaVihVdrKQ3XWcLzABKy6aRCqm84XW/5DobUf76/20oA0DTUhrbmv1tcKiM0zpP1ePDM/5ryzXgJXfaaWrGL+PXRu+nyW/tZ1QS8tp4GxznurYbL1LJrv6DOt9ck3z3SxeabjzU2bisB15eGlkpvbNTC16x/r055KIFrYqt/R67m5efLd1MWxbrHUzxO4Ergu9YeOH0QAAQQQQAABBBBAAAEEEECgOwKNy5nAdUQoYHLfo2BhrrWAks7rGW+rX7HVBGGh4DDeqvHzNmm0QtLI+2loqsGWBmexNl1oqd3Ml5lo09Cy7NeCbgWQie6d6LqXwLV5ULsJ91qcW2po6g73NACtX7HFCpmdQjF2dGRl6S8FVuAco0jY6UChBovx762jXcv0nkkG7+4fsJ6r5TqDfPeFKPvJBK4abqqFhpSxNg2eK74q7NLvngJXE2gvWK/J+QmdI7biS7MoV+emYXf9yFbRvgubctMu4PpUv5I/C8wf80xHeWxTEbiuaALX/G4Erq5qRt21AtmcPPnhTwLXqEA9OMkcrh7x/JK0e2w2xRFAAAEEEEAAAQQQQAABBLJYIF7gqs3SILT/58XWqL1YzUxF4Grfu6jWjHb8Kfpox2QDV72Xjv7s/1lRWhaAsusa7TNVgasVMI4yAaPHN+01sC77ueuITHdddUTmojWbnVGZ7mtd9k1Q2P/zopgjlruUNyd01Kw6JLslClx1lKx7JHC8+xbOzZN+34U/P6kKXHWE9eJVW6xRxvHqEHlNp0zo/4UJbSNC15QErsNM4JoX/z+IRNYnmWMC12SUuleGwNWjG4GrRzCKI4AAAggggAACCCCAAAII9LqA9Sq0jho0mU2beU27pbrdelXaXbH8us7AyH3Ste8lcNVRmzlmMKyGfm39gq/U62vy7q3i6yIzLUDXoYx1f2mxAmB9XVunH8g1mV7AZIvtJabe5tXuyNGvhfNM+PZtePjm/p107KcicNUpHhqXDY0Y1npqgKyv+evr+Dp9gvabvlrfPKStSyirbda2x9oWr9ZiednX9TV/HV2rwaD2iwamem97swJDE7oms2lfajDuDop15Gmx3t+8at9urrdUB+tt3y9e4KrP5KK1m+2i1qeGqvpHTfR51fq6R5tGjrBOReCqz5eGre7f0RGshWYaCG1fXmOwT3TaAx39GvlM6yjX0t/Dg/BUBK4jhxSZKpl/U1HmYdXQVM/n5eV1ua7XdP5Wu0wYsDnQhbXy8grkpxkNkZd67dgvuVvygWvNqq7/ZTS77ikFnG4IFTEzdwTPWh9mzg3rs0NqhgxzSmfjjl86PhvtqTMCCCCAAAIIIIAAAggggEDqBFrNXKF1q5uQyzVwrvzHwqjzi+qveglcI2upwZwGgK0DgvN56nWdR7by4+LIovGPTV2tkZXmdW/3pqMdNZxbWltPA1edviFydKiGoSV/mCkSQhmo0xxdNMzyM/Ow2psGqAM+MUFclEW1NEhdtFYowNQy/b8stObRtb+v91ywTrMzV6zGONXvlXQZoWmXd3/qNAXW6/adJwsWBENvd9117tq6NUJ1iBe4Ll7dhMOdc73qLXW6CH0W3ZtOiaEjte2t1FiVTA1NTdHTwFXtF//FeNj/DcB4FM8wfWJC1GiLZOkz3WCewyYThrs3a6Rw5/y1ej4VgevqK1RJcXGBFZy6f0v37bC1saFBWlrMf6zoDGU1ZC0oLDTfK7a+p8eRm54LmAp+8eOsyEu9duyX3I3A1eMj5JeO99hsiiOAAAIIIIAAAggggAACCPhQIPI1bl3Qqfz78KDLbnZPAle9h84nuvDvroDPnKv8xExj0OhKfO0fS/AZWZdor5gnuEWPLvckcNWRuzqi0940fNVwUefSjbdpQLpQpwgwo1PtLdYoV51rV43sLVbYqaOJ3SF4/0/NtAKmfom2heuaeXbtepjqWP1oAnT35iVwXbBBU9jUB9GeCx0prVMk2FvkyOaeBK46krpDp2DtXOhNw2crxI8zgtiuR6Rh5CjXVASuVZX9pCA/L+rYx9zcXGltbZHKMjMavKPVGumqddORrSVlFTJrgc4fbNoXJXDVbLatPSDzFtTZzen1T7/kbgSuHh8lv3S8x2ZTHAEEEEAAAQQQQAABBBBAwIcC+ur/wnVCiwflmbCt0oRu0bbIkDPyle5o34k8FzkysrsjUzW8XbC+q94mtNWQzsum99BgLdroxUT38RS4DjSLZulr6lE2fV2+wsz7qaN9k9ki5+KNHOVp3yOyfjrfa7SFyrRezaZ+9qYLR+kCUvE2Hdk5fyOzKFrnpgGtBrWRW7KBq4ac8zcM9aWaDPiwa19GPquRC131JHB1111H6ZbriOn5yY2YjgyCdbSv/tuwt1QErva94n0OrSqQ/mWh39XpAnLzS+T7P+bH+1rGXfNL7taDwDVan4T+C034lALmyErSmVIgmhrnEEAAAQQQQAABBBBAAAEEEOgtgfkbN4a9Rl39f+a18ihbKgJXnbNU5y61N53v0lrd3T7h4XO+GRWpoz6tzXxUvV8S9XX8yFtqwLdklVbrFfZY4V7kdyKPIwPNeMGxBprRAlddqEzD1mRGlNq/b00DYV57t7fIUZ72+SUrtVrzvtrHFV+ZIDXKCNruBK6R0xXEGl2cbOAaGZ5HBql2G5ZK4Gqeo4pvzGhjE5omu0UGqpHPVOT1bk2lkURllh1YLGXFoXpb87MWlsoPJnANBDr/nSRxn94u4r/AVf9jivnT+d9UcuwdCzpXcsq7zOEarQsIXKOpcA4BBBBAAAEEEEAAAQQQQACBTBXQkaLWaM/OCla/m77AVee7rDdhoL3pHJw6SrM720KzyFK769X8qv8Wi85rmmjTEb0a3ukWGY4l+q59PRWBaz8T7CU7itL+XV0wTBersjcNUTVMjdwalzHB9goh57KfzAjX2tB8p3b57gSuupCXTgFgb7EC0mQDV72PO/SP1SdLI3DVUcA6GtjrpiN+7QXENEjX8N/eCFxtieQ+CVyjhuMErsk9PpRCAAEEEEAAAQQQQAABBBBAIDME+lrgOm/T0OvwscK9RD3jJXBtMSNcrZXvXTeNFZS6ikTdTTZw1XlZdW5Re9NgVwPeyK07gavew/3M6JQM1hQAETmRl8BV52bVV/Ptrf9nZuTvkvCpDdIduGpQqou4dWeKCQJXu+d6/kngGvEPKUga+sfBlAI9f8i4AwIIIIAAAggggAACCCCAAALpFnCHZ/pbfh/hmgmBa7RAMZl+bi8NWAuP2WXjBbeL1jIhZnkop4k2j2t3A9e6NZpFA1V7K/vFjKCdET6CtkvgGmdBtpZqE0qPDgXEeQ050t9Mt5DTFhqxnO7AtfQ3M73FtPA22O1L9Engmkgo+esErgSuyT8tlEQAAQQQQAABBBBAAAEEEEBgKQu0mdftOxK8Ha1TCehCVu7NWvCnIxR06bWO3A5pGNnqvIqv59zzgnbkdZgRilGDAi0a3Mwtm4a1WXOn2qeKZueJzkPqDtbsa/E+g/OwtoTmnjWFq943Uwq0h9c72j3SEbjq1AgFi0LzZ7p/t7V/u+hiV/amIzc13OvOpiNXdboAe8tfnGuFhNH8WitNWTNnrnvTka4F83PNIl250pHTITpSN1Ac6jcNOfPrwkeWur9v77fUmIB0NddzY25RZtpUVGv60vSB3rN5ULs0jAhNa5DbnCMazOoWrZ/0OXRPbaHTQxTPzLPmuNX2Rba9YIGZTuHr0HQKkQGvzpVaan7PNNM8wOHPhU6LoGGzveno1vLvC80cwOHl7OvxPgPFAdE5c+1N61r1QWjRL6YUsGWS+yRwDf17dIlZT7F13HWEq57WRbOGuspn365fOj775KkxAggggAACCCCAAAIIIICAFwF9pVxDKq+bBlXtrhAu1vf1NXJ9JV+3yJXaY30nXec1zBvwUSjkivc76Qhc9fc0aNMgeGlv2gfuoLLbv2+qbs2D6xpVGu9eGpBqqBq5LS2H4ulmvtVfQ8F15Nyydr1S5mPfMMFn5Jy2SytwXaamSEoKzZJMOcF/k7poVkFRmfwwdQGLZiXos3Rcnls709xW+0Pvbv4Kdoue6fw5/TRHyS2aReDaqcYHAggggAACCCCAAAIIIIAAAr0q0J3AVYNLHRGYKHCNXFyoO4Gr/lagKDUBZfmPhVI0K/oI08hO8EvgqsGmbjnmzf5UBK6RAWakW+Sxhss696q9AFnkdT3WkaP2YlLRrnf3nDXf6v9M4G+eIfdWb0ZhNw0PH9W7tAPXii+LzGjn0CjhpRW4jhhcKv1KC6SjI/hvSj9z84vl29/mEri6H5KltE/g6hGaEa4ewSiOAAIIIIAAAggggAACCCDQKwLJBq4a2BWY1/qLZ+VLXn2OtdhSu5mOINqW15gjRbPzRV+hd29eAledn1PvUWxeP28wr7xHBmTu+8bdN7lSXkPwlXqdmiDZbf7GZkV5Ow8z96h+z6wo7zH31dfp9bV697a0Rnbq7+hUAjonq87pWm9eZ+9J4Gr1qen7kj/D+9Tdtlj76ti4bDDkdAerGoiWTA3O69o81PTxkDZTV4/IUX5U72u1/ZdC0/fhYatV3JzSaRSaBrc5UyUslcDVNM2aKuL3AtF5dd1bZOBaasp0x9p9Tz/v+yV3I3D1+JT6peM9NpviCCCAAAIIIIAAAggggAACCPhCIHIxKV2ZXqdR8LItXNuM7HSF0pWfFpmwOjxo83I/P5TVka46d2uusbQ8e56v+oHFCvfr/tZstUX/Q4XOWcwWW8AvuRuBa+w+jnrFLx0ftXGcRAABBBBAAAEEEEAAAQQQQMDnAktWNnOPDg6NTi3/wUxH4GGErL5Kv2D9JmeUrI44dS+S5HM+modAWgX8krslH7gOXNX13ybMrusotK8ngxdYNCutzx83RwABBBBAAAEEEEAAAQQQQCB9AmbAZ0t1u7UYVpFONWBe39ZXo1sGtps5OwNm9fj8LvNnpqMyOoq0yYSjOidmqkYGNg1rk/pRoVXl9ZVzHaGa05rcKNfFo810AsbG3rRe/b4ttA/5RACBHgj0wcB1NVfK6tpVxGDG6t4xpzrne7Gumfi187NmyNAesPf+V/3S8b0vSQ0QQAABBBBAAAEEEEAAAQQyVaDZzLm5xMwNqpuO4BzwYbE0LtdqzY+p53Tez8pPinU3bVvkSNJ+3xdK4Zyev46twfGitZrC5hTVQLlkWkFwpKuTcYQ3ra3chL/LtEmzCZ3dW8XXZpGkBX17OgG3B/vhAoGCDmkwi3m1VgasRcRK/yhIyXMc/iv+OfJL7hZ7hKv7fyvMIoXlAwlc9fH1S8f7558iLUEAAQQQQAABBBBAAAEEEEi1wOJVzShOV7CoK69raKSho70N+KjrKvH2tVR8tlS1y+LVW5xbFc3Kk/IfUzOStK0iIIs659V0fsDs6KJMuU25kmuyZh35qgtB6YJU1p+irkmszsmpARobArEE6tZotsJWvZ7bnGONDmfRrFha/sndCFxj93HUKwSuUVk4iQACCCCAAAIIIIAAAggg4CMBfWVeX53XTUOiAWZhKetVfBO66pZflyv9vyiy9tP1l45EXbhek+gIQd0qvjIjSSNWgO/Jb+s8rvWmPTqStjtbkRltq/O/ht767c5d+I6fBfTZmr9hk9XE/p8XSf5i9+hGP7e8+23zS+5G4OrxGfBLx3tsNsURQAABBBBAAAEEEEAAAQT6mEB7acDM4dohhXPzrJGf2vy2fgFpNyvR67ylOaHBrmmT0cCqpTpgBbw6jUGqtw4T5tav0Bq2iFai39Cwuey3AqtOicpyvW8LdOQFA9cck+lXvVfStzGSbL1fcjcC1yQ73C7ml46328MnAggggAACCCCAAAIIIIAAAn1dQEfRtpfqHxMol5h1aDpH1VougRzJazJ/TOBr/alnlGJff16Sbb8+VzpSXKew0GkEdLE5HRGd027m7gyfCjjZW/q+nF9yN4+Bq92v5ukIroIVPOGMvnd2zPOj+1pOi7BoVhCKvxFAAAEEEEAAAQQQQAABBBBAAAEE+oLAgvXNlBhmDuDIrdSMkC6ZZsJXti4C/g5cTdBu/k9ocxbNsk9pkOp6YJxdZ0cjVlPY/LFOEbjacnwigAACCCCAAAIIIIAAAggggAACCPhfoH5U1zmCdXSrBq6McI3e/wSuoWzVFb6GTgYDV4NnnQp05rMdUjNkaHTRLDnrl47PEm6qiQACCCCAAAIIIIAAAggggAACCCDQRwT8kruFTylgpiHpHNiaxAhXV087o10JXF0q7CKAAAIIIIAAAggggAACCCCAAAIIIIBAkgIErqFslRGuST40FEMAAQQQQAABBBBAAAEEEEAAAQQQQACB6AIErmGBq40UsHfMTAKdBawPncNVd5hSwAFiBwEEEEAAAQQQQAABBBBAAAEEEEAAAQQcAf8FrjqXgPkTdUqBXMkpH7iaK2I1u66j0D6Bq/OEsIMAAggggAACCCCAAAIIIIAAAggggAACSQsQuEYNXPVk8ELXEa5qqyNchySNnIkF/dLxmWhLnRBAAAEEEEAAAQQQQAABBBBAAAEE+q6AX3K3ubW1phPNElnWyNZoI1z1grme3AhXAte++0+CliOAAAIIIIAAAggggAACCCCAAAIIINB9AQJXRrh2/+nhmwgggAACCCCAAAIIIIAAAggggAACCCAQJkDg6g5cHRrXCFdrkSxzwSqni2ZpIaYUcKjYQQABBBBAAAEEEEAAAQQQQAABBBBAAAFHwPeBa3COAdPeZKYUcFgIXB0KdhBAAAEEEEAAAQQQQAABBBBAAAEEEEAgaQECV2vEaqQXgWukCMcIIIAAAggggAACCCCAAAIIIIAAAgggkFiAwJXANfFTQgkEEEAAAQQQQAABBBBAAAEEEEAAAQQQSEqgDwauo03Eaqesrt0wLvu6KdkRCF6xTjGHaxgTBwgggAACCCCAAAIIIIAAAggggAACCCAQJuD/wDXX1d4cySkfSOCqIn7peFfvsosAAggggAACCCCAAAIIIIAAAggggECvC/gld5tbW2ssTaCqa2PpAlnWp/nIIXCN+pD5peOjNo6TCCCAAAIIIIAAAggggAACCCCAAAII9JKAX3K39AWu4ppSoIMpBXrpOeVnEUAAAQQQQAABBBBAAAEEEEAAAQQQyAoBXwauOszVHuEqPR3hSuCaFQ8ylUQAAQQQQAABBBBAAAEEEEAAAQQQQCATBAhcQ+tjufojdLKDwNXlwi4CCCCAAAIIIIAAAggggAACCCCAAAIIxBMgcA1lqy6n0EkCVxcLuwgggAACCCCAAAIIIIAAAggggAACCCAQV6CPBq62iQlWQ9mqOWkf2J96RvfNH+uDOVxtOT4RQAABBBBAAAEEEEAAAQQQQAABBBBAoKuAvwPXHDOVa+dkrlbTzVH5wNGhNNUOUh0X+5L9SeDq0LCDAAIIIIAAAggggAACCCCAAAIIIIAAAgkFCFxD2arBsg/sTwLXhE8QBRBAAAEEEEAAAQQQQAABBBBAAAEEEEDAESBwDWWrBsU+sD8JXJ0nhR0EEEAAAQQQQAABBBBAAAEEEEAAAQQQSChA4BrKVg2WfWB/ErgmfIIogAACCCCAAAIIIIAAAggggAACCCCAAAKOAIFrKFs1KPaB/Ung6jwp7CCAAAIIIIAAAggggAACCCCAAAIIIIBAQgEC11C26sIKOPsddgir5ToC0mGV75CaIUOcMtm445eOz0Z76owAAggggAACCCCAAAIIIIAAAggg4F8Bv+Ruc2trTSflSE6OfuTqrrWZM8Ed6+9cySkfONoVsZpd11GoJIFryII9BBBAAAEEEEAAAQQQQAABBBBAAAEEEEhWgMCVwDXZZ4VyCCCAAAIIIIAAAggggAACCCCAAAIIIJBAgMCVwDXBI8JlBBBAAAEEEEAAAQQQQAABBBBAAAEEEEhWgMCVwDXZZ4VyCCCAAAIIIIAAAggggAACCCCAAAIIIJBAgMCVwDXBI8JlBBBAAAEEEEAAAQQQQAABBBBAAAEEEEhWgMCVwDXZZ4VyCCCAAAIIIIAAAggggAACCCCAAAIIIJBAgMCVwDXBI8JlBBBAAAEEEEAAAQQQQAABBBBAAAEEEEhWgMCVwDXZZ4VyCCCAAAIIIIAAAggggAACCCCAAAIIIJBAgMCVwDXBI8JlBBBAAAEEEEAAAQQQQAABBBBAAAEEEEhWgMCVwDXZZ4VyCCCAAAIIIIAAAggggAACCCCAgC8FSktLnHY1N7dIe3u7c5ytO/HaVFJcLDm5OVbT2trapKWlNSubmZebK0XFRU7dGxubpKMjatjnlFkaOwSuUfsg4Nh3SGcB/egImE7TSx1SM2SIUyYbd/zS8dloT50RQAABBBBAAAEEEEAAAQQQQCBzBAoLC+Trj99wKnTuRRPkiWdeco6zcaekpFi++O+rTtVPPWu8vPjKm87x849PkVVWHmUdP/rE83LBJdc417JpZ9utNpWbJ17qVHnjrfeSOXPnOce9teOX3G1uba0hzJEczeZzcnXX2syZ4I71d67klA8c7YpYza7rKFSSwDVkwR4CCCCAAAIIIIAAAggggAACCCDgX4FMD1yrqwbIxAkXysgVlpMrrrklLDiN1Su9Fbjm5eXJdVdeKButv7bc/cDjcsvt98kRh/xTxhx5kHz0v8/llLHjREfUxtpWW2VFufqy80Tvc+7FE+SzL76JVdQ6T+Aal6fHFwlcPRL6JWn32GyKI4AAAggggAACCCCAAAIIIIAAAmECmR64Hn34/nLmKWOsOk+fOUu23GHfsPpHO+itwHWrzTeSyTdeYVVJp2XYbreD5KWn7pWiokLr3AmnXSCvvfmfaFW2zl1z+fmy287bWvtvvfO+jDnpnJhl9QKBa1yeHl9cOoGruKYUGMyUAj3uNW6AAAIIIIAAAggggAACCCCAAAII9LJApgeuW2y6odx+05WW0jvv/leOPuGshGK9FbiOWG64vPbcg+YV9ByZWTtbttppPxO43iMrLL+cVecd9jhYfv1tasz6H2tGwp5+0tHW9dumPCjX3nB7zLJ6gcA1Lk+PL86d5ZpSQNI1pQCBa487ihsggAACCCCAAAIIIIAAAggggAACmSSQ6YGrWm2y4boyauQIeeb5V2VR3eKEfL0VuGrF/rL6KrLhemubqQ/ekhlmRO7gQTWy607bykeffC5ffv1d3Lrn5+fLjtttYU0p8PJrb4suYBZvI3CNp9PzawSuHg2ZUsAjGMURQAABBBBAAAEEEEAAAQQQQMCXAtkQuHqF783A1Wtde1KewLUneom/S+Ca2CisBIFrGAcHCCCAAAIIIIAAAggggAACCCDQRwXSEbjqPYcMHigV/frJb3/8KfX1DT3S7d+/QqoGVMrUP6eLzo2aaMvGwFUXytIFwqqqKmX27Lkyf8HCRM1kSoGEQj0rQODq0Y/A1SMYxRFAAAEEEEAAAQQQQAABBBBAwJcCyQaum228noy/4AzHYK/9jwkLBTUQ3WPX7eUfe+woK45c3prHVAt3dHTIDDOf6cfmlfqrr79N5syd59wj3k5lZYWMPfU4WWetNWT5EctaRVtbW+WLr76TK665Wb765vuYX0934Dp82BB5cMqNzu+fce6l8smnXzrH9s4GZmqBK8efbR9KpJnW8+Tjj5C/mzauvtrKolMK2NvceQvk+x9/lkm33i2fffGNfTrskxGuYRwpPyBw9UhK4OoRjOIIIIAAAggggAACCCCAAAIIIOBLgWQD167h3p4mPJ1vmRyw7+5y9hn/kuKiorhGi5fUy1UTb5VHn3g+brlhQwfL3ZOvcRabiiwcCATMfSbLlPsejbxkHac7cNXFsV5//iHntw8fc7q898EnzrG9417wS89tvHXITI91FPB/XntCd2Nu2tZ7HnhcJt50Z5c5Xbv2yV5JB9oxfzAFF/ySuxG4enwY/NLxHptNcQQQQAABBBBAAAEEEEAAAQQQQCBMINnAdZutNpVbJl7qfFfDwyVLGuS6CRfK1lts7JzXnabmZvn2u5+koCDfhKbLSnlZWdj108+5RJ5/6Y2wc/aBln3l2ftk0MAa65SOkNXRrLpY1tp/+4uUlZVa59tNEHng4SfKp59/bX/V+cy2wLWtrU2mTZ8pOqpV2zdi2eFSWlritEd3Hnj4KRl/5Q1h5whcwzhSfkDg6pGUwNUjGMURQAABBBBAAAEEEEAAAQQQQMCXAt0NXDfbbm8zxcDpoqM47e0/730k1998p3z3/c/OXKtFRYWy7167yFmnHS/6W7rVLV4iu/zjMKmdNcf+qvN57JEHyeknHe0cjz3vMnnmhdes42WGD5WH7p5kjQzVE7/+NlV22ONgp6y9ky2Bq9ro9As//fKbtLS02tW3pmPYdadt5MxTxsjgQcHgWUe6HnD4SSZg/sopR+DqUKRlh8DVIyuBq0cwiiOAAAIIIIAAAggggAACCCCAgC8Fkg5ct9xEbrn+MsfgrXfel60238g61hGt+or/g488bc3Z6hRy7ey+83Zy9eXnOWduuHmK3Hz7vc6xvfPMo3fK6FVXsg41kNVg172dffrxcsQh/3RObbDF7mFzyeqFbAlcnUbE2Fll5VHy5IO3OUH1q2+8IyeefqFTmsDVoUjLTooD1w5TSf2jfwc/gx/myAzj1rM1g4dY17P1LwLXbO056o0AAggggAACCCCAAAIIIIAAArEE9HX0osJCWbioTnREZDJbsoGrThtw6w2Xd7mljsw84rgz5COzKFai7fnHp4iGiLpFhof2dz99/yVnCoLHn3pBzht3tX3J+txog7/LPbdd55yLNn+qXwJXbeRlF4+Vffbc2Wrv71OnyXa7Hui0ncDVoUjLTihwzTH3N3/0w9rr3LFO5EhO+cDRnQmqXja7riM9E9yCoaruE7h2kvCBAAIIIIAAAggggAACCCCAAAIIZLDA9ttsLhMuOcea+3PLHf8p02fUJlXbZANXHc06+cYrwu6poe5JZ1wkr735n7DzsQ4uueAM+efeu1qXf//jT9lut4O6FP3iw1elpLjYOn/FNTfL3fc/FlZm6JBB8s6rjzvn/nXq+fL6W+86x7rjp8D1oP33kgvPPtlqn3r/bYPtncWzCFzDuj3lBwSuHkkZ4eoRjOIIIIAAAggggAACCCCAAAIIIJCxAmuvuYY8fM8ka+5PreTSClwn3/mAXDfpjqRdTjvxaBlzVDBknTV7rmy67T+6fNc9Cvadd/8rR59wVliZvXbfUa4cf7Zzbpe9D5cff/rVOdYdPwWuO++wtUw0C5PZ27qb7mItIKbHBK62Sno+CVw9uhK4egSjOAIIIIAAAggggAACCCCAAAIIZKzA5ptuIHfcNMGpXzoC1y0320humxQa4bpg4SLZeqf9ZUl9vfO7iXaSCVwvOvdUOfCfe1i30rlh19t0V9FPe7vxmnGyw7ZbWIdz5s6XLXbYV1pbQwtO6QUCV4un1/7yS+5G4OrxEfJLx3tsNsURQAABBBBAAAEEEEAAAQQQQMCHAksjcN1i0w3l9puudPQuv/omueeB0Kv9zoU4O5OuHS869YFuM2bOssLSyOI6ZcAbLzwkBQUF1qV/v/uBnD/uGjOqs04O2HcPOeu04yQ3N9e6Fm3KAb0QOe3AKWPHyUuvvmV9R/9yj6J99Inn5YJLrnGuJbMzYrnh8vrzDzlFo80jqxf32WsXueyiM51yG2+9p2hI7GU78bjD5cQxhzlfYYSrQ5H2HQJXj8QErh7BKI4AAggggAACCCCAAAIIIIAAAhkrkMrAdd78BfL7H9OkproqrL0lJUUyaGCNc266CUzbWtuc40Q7+QX5MnzoYKdYe3u7fPHVd1JdNcA5Z+9oYKpzy9qbLuLe3NIixUVF9inrU+sQaA9YaxB1BEILFVVXVzoLb+l3t955f5k2fabz3VQHrrPnzJXvf/hFRiy3jPMburPMMkMlrzMc1mOtg7YjPy9fD5Pallt2mDNVROS8t0wpkBRhtwsRuHqkI3D1CEZxBBBAAAEEEEAAAQQQQAABBBDIWIFUBq7ayD/+nC4jlh2e1vY2N7fIrNlzZLk0/86Hn3wuBx8ZXHTKblCqA1e97zff/SCrr7aK/RNdPrW9RUWFolMxDKjs3+V6MieuveF2uW3Kg05RAleHIi07BK4eWQlcPYJRHAEEEEAAAQQQQAABBBBAAAEEMlZg/XXWlPvvusGp3577HW0CwB+d43g7gwfVyLuvPxlWJJ2B6x9Tp8v9Dz8pn37xtVx96XkyauSIsN92HwQCAalvaJTffp8qCxfWyeqjV5b+Ff0kPz/xCNEG870PP/lMLhh/regIVPdmB64tLa1y2tnj5bU3/+O+nHD/r39ZTZ54cHJYuViBq04h8Mrrb8vkOx+U++6YKFVVlZ4DV73HCy+/IdfeeLtone3NHbh+8umXolMbaLDb25tfcjcCV49Pkl863mOzKY4AAggggAACCCCAAAIIIIAAAj4UqKkeIO+/9YzTslPPGi8vvvKmcxxvZ8P1/y733n6dU2T/w06Q/332lXPsx50Lzj5Jhg0dIrfecb98+fV3npu4+87bydWXn+d8b/Pt95GZtbOd46W1s+ZfR8txRx8sP//yh0y86U5pa0t+iod01tEvuRuBq8enxC8d77HZFEcAAQQQQAABBBBAAAEEEEAAAZ8KfPTO81JZWWG17pnnX5Wx51+eVEt1EaojD93PKqujI/++yU5hoyiTukkfK3TL9ZfJNltuYrU6cl7VPkYRtbl+yd0IXKN2b+yTfun42C3kCgIIIIAAAggggAACCCCAAAII9CWBay4/X3bbeVunyaeMHScvvfqWcxxtZ4P11pZ7brtWcjsXdvrgw//JocecFq0o5zoF9tp9R7ly/NmOx0OPPSsXXxYaIexc6MM7fsndCFw9PsR+6XiPzaY4AggggAACCCCAAAIIIIAAAgj4VKC6aoC8/PR9zihXbeYXX30rz734usycNUfmzp0nbe3tUlNVJYMGVcv222wum2y4ruTk5FgijU1NsvcBY+SnX37zqZD3Zq31t9Wt0b5lZaWy3DLDZIfttpTNNl7PuZHODbv3gWOk1viyhQT8krsRuIb6NKk9v3R8Uo2lEAIIIIAAAggggAACCCCAAAII9AkBXUTp2isvkOKiIk/t7ejokLPMFATPvPCap+/5vfCLT90jK41aIWozdVGuAw4/Ub79/qeo1/vySb/kbgSuHp9iv3S8x2ZTHAEEEEAAAQQQQAABBBBAAAEEfC4wfNgQueDsk2WrzTdKqqX//fgzuXriZPnqm++TKt+XCu260zZy7RUXhDVZw+k3//2e3HDLFPnhx1/CrnEQFPBL7kbg6vGJ9kvHe2w2xRFAAAEEEEAAAQQQQAABBBBAoI8IrLbKirLyiiNlheWXleVHLCNFnaNeW1tbZdr0mfL71Gny40+/yudffttHRLrXzEMO+IeMXnUlmTV7rkz9c7qZpuE7+fnX37t3sz7yLb/kbgSuHh9Yv3S8x2ZTHAEEEEAAAQQQQAABBBBAAAEEEEAAgbQK+CV3I3D1+Jj4peM9NpviCCCAAAIIIIAAAggggAACCCCAAAIIpFXAL7kbgavHx8QvHe+x2RRHAAEEEEAAAQQQQAABBBBAAAEEEEAgrQJ+yd0IXD0+Jn7peI/NpjgCCCCAAAIIIIAAAggggAACCCCAAAJpFfBL7kbg6vEx8UvHe2w2xRFAAAEEEEAAAQQQQAABBBBAAAEEEEirgF9yNwJXj4+JXzreY7MpjgACCCCAAAIIIIAAAggggAACCCCAQFoF/JK7Ebh6fEz80vEem01xBBBAAAEEEEAAAQQQQAABBBBAAAEE0irgl9yNwNXjY+KXjvfYbIojgAACCCCAAAIIIIAAAggggAACCCCQVgG/5G4Erh4fE790vMdmUxwBBBBAAAEEEEAAAQQQQAABBBBAAIG0CvgldyNw9fiY+KXjPTab4ggggAACCCCAAAIIIIAAAggggAACCKRVwC+5G4Grx8fELx3vsdkURwABBBBAAAEEEEAAAQQQQAABBBBAIK0CfsndCFw9PiZ+6XiPzaY4AggggAACCCCAAAIIIIAAAggggAACaRXwS+5G4OrxMfFLx2uz8/LypKCwUPILzJ/8fOs4NzdXcnJyRMz/ZUMAAQQQQAABBBBAAAEEEEAAAQQQyCCBDpGOjg4JBALS3t4ubW1t0tbaIq0tLdZxBtW0W1XxS+5G4Oqx+7O94zVQLS4pkaLiEhO2FnhsPcURQAABBBBAAAEEEEAAAQQQQAABBDJRoLWlVZqbGqWpsdEKZDOxjonqlO25m90+AldbIsnPbO14Hc1aUlYupaWljF5Nsq8phgACCCCAAAIIIIAAAggggAACCGSdgBkF29DQII31S7Ju1Gu25m6RzwiBa6RIguNs7Piy8nIpK+9H0Jqgb7mMAAIIIIAAAggggAACCCCAAAII+EbABK/1SxabP0uypknZmLtFwyVwjaYS51w2dXx+QYH0q+jP1AFx+pNLCCCAAAIIIIAAAggggAACCCCAgJ8FdKqBxXWLzFyvrRnfzGzK3eJhErjG04lyLVs6XudprehfyajWKH3IKQQQQAABBBBAAAEEEEAAAQQQQKBPCZjRrnWLFlrzu2Zyu7Mld0tkSOCaSCjiejZ0fGlZmZRXVETUnEMEEEAAAQQQQAABBBBAAAEEEEAAgb4ssKSuThrq6zOWIBtyt2TwCFyTUXKVyfSOJ2x1dRa7CCCAAAIIIIAAAggggAACCCCAAAJhApkcumZ67hYGGeeAwDUOTrRLmdzx1jQClWYaATYEEEAAAQQQQAABBBBAAAEEEEAAAQRiCNQtzMzpBTI5d4tBGfU0gWtUltgnM7XjdYGsquoa5myN3XVcQQABBBBAAAEEEEAAAQQQQAABBBBQATOn6/x5czNuIa1Mzd28PjQErh7FMrXjB5iwtaCwwGNrKI4AAggggAACCCCAAAIIIIAAAggg0BcFWltaZYEJXTNpy9TczasRgatHsUzs+LLycinr189jSyiOAAIIIIAAAggggAACCCCAAAIIINCXBeoXL5b6JUsyhiATc7fu4BC4elTLtI7Py8uT6oGDmErAYz9SHAEEEEAAAQQQQAABBBBAAAEEEOjzAmZqgXlzZkt7e3tGUGRa7tZdFAJXj3KZ1vHlFf2ltKzUYysojgACCCCAAAIIIIAAAggggAACCCCAgEhDfYMsqVuUERSZlrt1F4XA1aNcJnV8bm6u1AwazOhWj31IcQQQQAABBBBAAAEEEEAAAQQQQACBTgEzynXu7FkSCAR6nSSTcreeYBC4etTLpI4vLSuT8ooKjy2gOAIIIIAAAggggAACCCCAAAIIIIAAAiGBJXV1ZqRrfehEL+1lUu7WEwICV496mdTxA6prpKCwwGMLKI4AAggggAACCCCAAAIIIIAAAggggEBIoLWlVRbMmxs60Ut7mZS79YSAwNWjXqZ0vLVY1iCzWBYbAggggAACCCCAAAIIIIAAAggggAACPRSYN7v3F8/KlNyth5RC4OpRMFM6vrikRCoqKz3WnuIIIIAAAggggAACCCCAAAIIIIAAAgh0FahbuFCaGhu7XliKZzIld+tpkwlcPQpmSseXV/SX0rJSj7WnOAIIIIAAAggggAACCCCAAAIIIIAAAl0FGuobZEndoq4XluKZTMndetpkAlePgpnS8ZVV1VJYVOix9hRHAAEEEEAAAQQQQAABBBBAAAEEEECgq0BLc4ssnD+v64WleCZTcreeNpnA1aNgpnR89cBBkpef57H2FEcAAQQQQAABBBBAAAEEEEAAAQQQQKCrQHtbu8ybM7vrhaV4JlNyt542mcDVo2CmdPzAwUMkJzfHY+0pjgACCCCAAAIIIIAAAggggAACCCCAQFeBjkCHzJlV2/XCUjyTKblbT5tM4OpRMFM6ftCQoSLkrR57j+IIIIAAAggggAACCCCAAAIIZL9AZf8KaWxskuaWluxvDC3IHIEOkdm1M3u1PpmSu/UUgcDVo2CmdLxdD4/VpzgCCCCAAAIIIIAAAggggAACCGSpwAojlpETjjlY1l37r1YLDj/+LPnlt6lZ2hqqnYkCs2cSuKaiXwhcPSraQWemPIAeq09xBBBAAAEEEEAAAQQQQAABBBDIUoHzzzheNlh3Tbn34adlRu1s+frbH2VR3eIsbQ3VzkSBTMm7ersePe0bAlePggSuHsEojgACCCCAAAIIIIAAAggggAACKRF45Ym75IXX/i033X5/Su7HTRCIFOjtoDNTcrdIF6/HBK4exTKl4+16eKw+xRFAAAEEEEAAAQQQQAABBBBAIEsFbrjyAqmdPUeuuG5ylraAame6AIFranqIwNWjox10ZsoD6LH6FEcAAQQQQAABBBBAAAEEEECg2wI5OTly1CH7ym47bm3d46Y77pdX33y32/dzf3HEssNk/LmnSNWASpm/cKEcOmas+3LG7198zkny97/9xarnrvsdk/L6rrH6KrK7cd92y43l9bffk3fe/1gCgUDCaQW232pTa95XrdA1k+6Ud977yKnbOmutIReddaJ1fNvdD8sLr77tXGOnq8DA6iqZcvOV1oVX3/yP3HTHA06hosJCeeK+m6zj9z/6NGtD8UzJu3q7Hk7HdnOHwNUjHIGrRzCKI4AAAggggAACCCCAAAII+EJAA6Xzz/yXbLnp+k57rrrxDnnupTed41g7Bfn5cuTB+0hObo58+sU38uEnX4QV1eDv0vNOkfLyMuv8vPkLZfcDxoSVyfSDay89R9Zf529WNTfZYb+UV/fWa8eJhq7uTedvPWTMmaJesTYNx8eefLR1edyESVZYa5fdcN215OpLzrIOr7/1Hnni2VfsS0vtc8WRI+SAvXe1notMD3wHD6qRJztD1edeflOuuuEOx6m4qEjeePZe61hD7fMuuc65lk07vR10Zkru1tM+I3D1KJgpHW/Xw2P1KY4AAggggAACCCCAAAIIIICAZ4HqqkqZcPFYWXXlkWHfTTZw3WyjdeXyC0+3vnvCmePk86++c+6zx87byqnHHyZ5eXnOOQJXh8LZ0dHFOc5RcKfDfHR06N+xt0wPXG+6+iJZc43VrHbse/jJMtMsBpapG4Fr+nvGzrt6O/jtaUsJXD0KZkrH2/XwWH2KI4AAAggggAACCCCAAAIIIOBJYKVRy8uEcWNlUE2V9b3Pv/rWBGSjrf1kA9crLjpDNt1wHZkxc7b884iTrXAtNzdXTjz2ENln9x2se02bXivFxUVSUz3AGrHJCFdP3RSzcKYHrueceqzsvP2WsqS+QfY48DhpamqO2ZbevkDgmv4esPMuAtcwa+u/rVhnOqTzv7BYH+bI+i8uHVIzeEjYN7LtIFM63q5HtvlRXwQQQAABBBBAAAEEEEAAgewR2Gj9tWX8OSdbQWhLS6tcfu2t0tJqPjtHqyYTuFb2r5BnHrxV8vPzZMoDT1h/9PXrS88/VTZYd00LQ6cZOP/SiTLpqgtl1ArLEbjGeUT23GU7OWnMIVaJc8ZdI//9+PM4pcWabzeTpxTQkc3rrf1X+eHnX2X+gkVx29LbFwlc098Ddt5F4BpmTeAaxpHGA/sBTONPcGsEEEAAAQQQQAABBBBAAIE+LrDWX0fL9VecJzpX6Nkm3Pv2+5/FPT1AMoHrPnvsKCePOdQaiKWjW3WUa655Pf4aM+fpen//qzUH7HW3TJG2tna599arCFwTPHM60vjJ+28WnWLgxdf+nXBxpkwf4ZqguRl1mcA1/d1h510ErmHWBK5hHGk8sB/ANP4Et0YAAQQQQAABBBBAAAEEEEBAttl8I/ny2x9k9px5lobXwPVus6q7Tkvwxdffy7/OuNgR7WcWyNpik/Xl+Vfecs4RuDoUcXcmTxwvf1ltZVm8pF523e8YK6yO9QUC11gy3s8TuHo38/oNO+8icA2TI3AN40jjgf0AJvMT++21s7z29ntmaH7sVQuj3adqQKVss8VG8tjTL0W7zDkEEEAAAQQQQAABBBBAAIE+KOAlcNXpATRE1e3KibdJolXo+1rgqqNUy8pKZYkJTr1s/9xrJznxmOC0Aqeff4V8+MkXMb+eDYFraUmJNDY1dU5HGbMpKblQUFBgFmjL7dZcsQSuKemCuDex8y4C1zAmAtcwjjQe2A9gop/Yc5dt5fQTjpRpM2qt/5KoKz0ms+kKlDdfc7EsM2yIXHXDHfLcy28m8zXKIIAAAggggAACCCCAAAII+FzAS+CqoaCGg03NzbL7/mOkvqExrk5fCFw1tDt0vz1lxVEjZOSIZa35cXXBqKl/zpDHnnlZ3nzn/YTBozv4e/HVt+UKE2bH2jI1cNXnaLutNpFVVhopQwcPlMbGJvnl96nywUefyUOPPy+tbW2xmmSdH1hdJWefdqy1/+77n8gzL74etbxOwfCP3XaQ0auuKMOHDpYac5xjSs6snSO//vGnfPPdT9ZAs+aWlqjfd590u2tOonmJvem8xG88e691+M57H8l5l1xnX8qqz94OOu28q7fr0dNOmzur1twix5r6Qz+thy54pvPW+hSa6+UDR2ua2rmZXdeRfTZ4MniBRbNCKunYsx/ARPfWUaq3XBsMTjV0Pf70ixOOdO3OdxLVg+sIIIAAAggggAACCCCAAAL+EEg2cNXFkHSxrAFwGdUYAABAAElEQVSVFfLaW/8n46+6KSGA3wPXXXfYSk445mApKy2JaaELiJ167uXS3t4es4xeuP2GS2X0KitK3eIlZlqBY2OWz7TAtSA/X/519EGy9+47xGzfr7//KZdcfbP89MvvMcssM3yIPHLX9db1x01QfcPkYNhpf2G5ZYbJoQfsKVtvtpG1YJt9Ptrnn9NnyuXXTZavvvkh2mXnHIGrQ5G2HTvvInANI9awlcA1jCRNB/YDmMztNUC97fpLrP9ilCh0JWxNRpQyCCCAAAIIIIAAAggggEDfFUg2cN1o/bXlqnFjLahTz71MPv70q4Rofg5c3cFnoKNDnjcjJHVe2wULF8maa6wm226xiQwbOsgyeuSpF+Wm2++P67X/3rvIv446yCpz2nmXy0f/+zJqeffvjpswSV43Uw7a24brriVXX3KWdXj9rffIE8++Yl+K+9m/op9stdkG8uXXP1ijUuMWjrh4yXmnypabrm+d/e2PadYbtb/8NlUGmpGnm2ywjnNN5ww+6JgzpKEx+qhofSP3kSnBwFWnQrzxtvucX9pg3TVl/Lkni05VoNvceQvkDTNyeOq0GWZk62yp6FdujXbd2kyjOGr55awy2ieXXXOLvPrmu9ZxtL8IXKOppPacnXcRuIa5EriGcaTxwH4Ak/0JHUJ/87Xj4oau7rB15qw5cuwpFyQcDZvs71MOAQQQQAABBBBAAAEEEEDAHwLJBq6Xnn+qtSjW7LnzZe+D/yUaaCXa/Bq4akD50J3XiX7qq/NjL7pKPvvy2zAOfUX+jhsvk5rqAdb53cwUDPHWYhk6ZJA8fs+NVlldeGzC9beH3c8+SHXgqqHjpAkXWuGwl5BW67PmGqPlpqsvtKr2yWdfyTnjr7U87Lrqp3t+Wp0m4JpJd7kvO/vuwPXRp16SSbcHA9d/7La9nDzmUMnNzbX8brv7EWuEdbQpCnQO3R222UzOOfVYq7wuQnbg0afHdCdwdfjTtmPnXQSuYcQErmEcaTywH0AvPxEvdI0MW/91+kWi/48iGwIIIIAAAggggAACCCCAAAJugWQCVx1B+OzDk0VfH3/g0Wdl8t0Pu28Rc9+vgetRh+wrhx2wl9XuKQ88Ifon2nbo/nvJ0Yfua11KtBiWFrpr0uXWHKiL6haLBrTRpiFIdeDa3VGxWt9JV10oa/11tDVH7cHHniG/T52up7ts9nQJHSak3+PA4yTaejQ6H+ujd99gfdceEaxTNpx1yjHWua+/+1HOv3SiNbq1yw9EnNDpDU457jDrrI4A1pHA0TYC12gqqT1n510ErmGuBK5hHGk8sB9Arz8RLXTVe9jzvOrIVsJWr6qURwABBBBAAAEEEEAAAQT6jkAygeteu24np/3rCAvlwKNPkz/MglDJbH4NXCdcfKZsvMHfrVG+O+x1RMzX5N1h5q1THpIHH3suLtuB++4mxx1xgFUm1rQNmRS4vvrU3db8tRqGjjk1ONI1WgPdwWms6RJ0+oXH7g6O8H34iRfkxdf+bQXQRUWF1ujh08w8uNFGtUb7PT137+SrrOkFdJTrjnsfGbUYgWtUlpSetPMuAtcwVgLXMI40HtgPYHd+YtDAarn56otEXz/QuUt00/3pM2fJiWeOY2Rrd1D5DgIIIIAAAggggAACCCDQRwSSCVz11fjVVh4l3/7wsxxz8vlJy3gNXLfabEPrNf1YP/CSCeGSWX0+Pz/PzOvZT3SkaLRRorHu7z5/7aXnyPrr/M06tckO+7kvWYs76SJPOi/pXmZ6hVjbX1df1RoQpdfvffgpuePex2IVtc67X6t/zswJe9UNd3QpnymBq75Z+5wZ9axbvFGket099YBOFaBTBkRu7sD1yedetUbOjlx+WZk2vVaOOeV8azGxyO/EOx578tGiVrrteeDxMmde17d+CVzjCabmmp13EbiGeRK4hnGk8cB+ALv7E1boes3F1pyueg/C1u5K8j0EEEAAAQQQQAABBBBAoG8JJApcl19uGXng9msslGtvmiJPv/Ba0kBeA9d7bpkgK44cEfP+u+53jFmUqi7mdb2gc6deftHpVkB86JixnheBsm8eL3B9/el7pKSkWL765gc5zkzhF2vzGrjqfe6++UpZadTysnBRnTWtQCAQCLt9pgSuyy833DwX11p104B04i13h9XTfaALWemIU91iTUnhnsO2ublFdGSrhuVHnHCO6CJcXjed+/XU4w+3vhZrtDCBq1dV7+XtvIvANcyOwDWMI40H9gPYk58YOnigtZCW/g8S0wj0RJLvIoAAAggggAACCCCAAAJ9RyBR4HrckQfIgfvsZr3OvbuZV7Ru8ZKkcbwGrtdddq4sP2KZmPc//PizrFGrMQuYC8cfdaAcsPeuVpF0Ba73Tb5adPSlvmW6z2EnxaxOdwLXQ/bbQ445LDii9uSzL5X/ff512P0zJXDV+XzfePZeycvLk/c//NRaOCysoq6DjdZbS64af5Z15rJrb5WXX3/HdTW46w5c7YuPP/Oy3DD5XvvQ0+fuO20jZ550lPUdXczr3fc/7vJ9AtcuJCk/YeddBK5htASuYRxpPLAfwJ7+hP4PlAau+loDGwIIIIAAAggggAACCCCAAAKJBOIFrroy/FP33yw11QPk3//3obVoUaL7ua97DVzd3+3u/tIIXC+74DTZfOP1rDlct9vzMGlqao5a3e4ErssOHyoP3zXRut+zL70hV994Z9i9Ux246rQJOppXNw03NeRMdtMRrjrSVRfp3ufQE2NO33DCMQfLfnvtbN32qJPOle9//LXLT+ggssfvDS1upSN89zviFFlS39ClbDInCFyDSr0ddNp5V2/XI5lnJl6ZubNqzeUcycnJsT7NrrWZM8Ed69MclQ8crWlq52Z2XUf22eDJ4IUOu4B1aI7MynJ6vWbwkFDxLNzLlI6365GFhFQZAQQQQAABBBBAAAEEEEAgiwXiBa7uMO6si6+W9/77P08t9WvgqiNoNdjV7d6HnzZzsz4a1aU7gat1z84Fn3T6hN0PGCPuaQVSHbi6541NNDVAZCPdQeqE62+X5195K7KINSfvo3ffIOVlpTJr9lzZ78hTpbW1tUu5IYNq5In7bnLOT3ngCdE/3d0IXINyvR102nlXb9eju8+R/T0CV1siyc9M6Xi7HklWm2IIIIAAAggggAACCCCAAAIIpEQgXuB68TknyTabb2TNm7rHgcfFHMEYqyJ+DVyLi4vk0Sk3SHVVpbS1tcvZ466W/378eReG7gauhx2wlxx1yL7W/U4++xIzrcA3zr332WNHOXnModbxuAmTrAWr7IsbrruWXH1J8NX962+9R5549hX7UsxPHbH38hN3WYFoQ2OjHHrcWc6C3DG/1HmhrLREHrpzouWgU01oKK/z2tpbaUmJ3DDhfGs+XT0X69V+veYOXFvb2uQfB58g8xcs1Evd2nRErQbCusX6Xfc8tJGLlBUXFVlTJuj333nvIznvkut0N+u23g467byrt+vR044jcPUomCkdb9fDY/UpjgACCCCAAAIIIIAAAggggECPBGIFruXlZfLcQ5OlsLBAHnv6Jbnxtvs8/45fA1eF2Hn7LeWcU491TF576//kk8++kpmz5sjwoYNl1ArLyeqrriSjV13RKnPvw0+ZkbCPWft6rWpAf+e7kTvLLTPMWfDp7Xc/lOdefsMq0r+iQo48eG/RaQd0O+iYM+T3qdOsff2rO4Grfs8dTi5eUi8PP/G8/PzrH9a8vXo93rbphuvKXrtuZxVpaWmVl994Rz778jtrjtutNttAdAStblOnzXAW1tIws6k5fBqGAZX95cKxJ1hlv/n+J7nzvqCVdcLjX/3Ky+WIg/5hpjsIzgd8610PWb/v/s2CggL5x67bi47i1u3uB5+Uu+5/3PklAleHokc7dt5F4BrGGJw2QE8xpUAYTMoP7Acw5TfmhggggAACCCCAAAIIIIAAAgjEEXAHrpebBY1e6lzQaLedtpaxJx1tffPwf50tP/3ye5y7RL9kB6615lXyvQ8JhmnRS6bu7NKYw9Wu7a47bGUFoxpKJ9rcgevYk48WnRqgJ9uPpj+OMP3i3robuOoo18vNvLSbbrSu+3Zp21+4aLFU9u+Xtvu7b6yjZXWBr3i/qWUOP/7ssPCawNWt2P19O+8icA0zJHAN40jjgf0ApvEnuDUCCCCAAAIIIIAAAggggAACXQTswPWp51+T62+521oISgtNnjhe/rLaytZIx8OOD76m3uXLCU5o4FrZv0LOuODKbgW2CW4f9fJxRxwgB+67m3VN660jNbuzTbz8PFl37TWsNWw23XH/mLdYedTy1nyuq640UnRUsL3Nm7/QTMWwSFYcOcI65R5B2b+in9w56XLRhaK8bs3NLfKleW3/yutvs+ZEdX/fHbhecvXN8uqb77ovJ9zfxYza3WWHLWXU8stJSUlxwvKRBXR6BZ2WYNqMWqkeUGn1fVFRYWSxuOFnl8LdPKFOX3z9vVl07A450/yHg5VXXKFLyBsw6xP9/sc0uemO++Wj/30Z9kvuwPXFV9+WKybeFnY9Ww56O+i0867erkdP+4spBTwKZkrH2/XwWH2KI4AAAggggAACCCCAAAIIIICASyBssaRx18i7H3ziupr8ri70pFMDzJg5W/Y9/KSkvjhs6CCpqaqSP/6cLovqFsuO224u551+nPXdS64yAehb3gLQpH7UVWiN1VeRU8z8rq+YoPXxZ152XWHXq4COWr712nHyw0+/yfWT7xGdLiEbt94OOu28q7fr0dO+I3D1KJgpHW/Xw2P1KY4AAggggAACCCCAAAIIIIAAAi6BNUavLLdeN946o3N3Pvj4c66rye3q6MbXn7lH9FX7//vv/+RssxhUdzb3aNuDjz1DfjOjKdkQWJoCvR102nlXb9ejp+YErh4FM6Xj7Xp4rD7FEUAAAQQQQAABBBBAAAEEEEDAJVBWWiKvPnW3dUYXsTrlnMtcV5Pbdb+af98jz8jt9zyS3BddpXRRprtvvtIs3DTcGh25zR6HSiAQcJVgF4H0C/R20GnnXb1dj55KE7h6FMyUjrfr4bH6FEcAAQQQQAABBBBAAAEEEEAAgQiByy88XXRuWt2uvWmKPP3CaxElYh8OrK6Su266QqoG9JfW1lY58sRz5dff/4z9hRhXjj18Pzn4n3tYV19/+z0ZN2FSjJKcRiB9Ar0ddNp5V2/Xo6fCBK4eBTOl4+16eKw+xRFAAAEEEEAAAQQQQAABBBBAIEJAF6XSBbtqqgeIrkCvgeczL7wu3/7wc0TJ0GF5WalstdmGsu+eO1mjUvXKTXc8II88+UKoUBJ7yw4fKmOO2F8233g9q/TUaTPkqBPPsxaTSuLrFEEgpQK9HXTaeVdv16OnqASuHgUzpeMHDRkqkuOx8hRHAAEEEEAAAQQQQAABBBBAAIGoAmv/bXW58uIzpLSkxLm+cFGdzFuwUBYsWCS6X1RYKP379zOr11fI0MEDRacBsLd33vtILrh0ouhK9rG2nbffUjZZf21pbmkx4W6VDBtiFs2qqZJcM/erbg2NjXLsKRcwd2ssQM6nV8A8urNrZ6b3NxLcPVNytwTVTHiZwDUhUXiBTOn4gYOHSE4uiWt473CEAAIIIIAAAggggAACCCCAQPcFNEg98uC9Zbcdt5a8vLykbvTHnzPkptvvlw8+/ixh+U3NtAVXmOkLIrcFC+vkyedeMVMZvC6L6hZHXuYYgaUi0BHokDmzapfKb8X6kUzJ3WLVL9nzBK7JSnWWy5SOrx44SPLyk/sff49NpDgCCCCAAAIIIIAAAggggAACfVpgkBl1uuLIEbKMed1/mWFDpF95mePR3t4uM2fNkWnTa+XPGTPlh59+Ez2X7LbnLtvKSqOWl+bmFpk7f4HUmnu9+8En1kJZyd6DcgikQ6C9rV3mzZmdjlsnfc9Myd2SrnCMggSuMWBinc6Ujq+sqpbCosJY1eQ8AggggAACCCCAAAIIIIAAAggggAACSQu0mP8IsHD+vKTLp6NgpuRuPW0bgatHwUzp+PKK/lJqJuhmQwABBBBAAAEEEEAAAQQQQAABBBBAoKcCDfUNsqRuUU9v06PvZ0ru1qNGmC8TuHoUzJSOLzaTeFdUVnqsPcURQAABBBBAAAEEEEAAAQQQQAABBBDoKlC3cKE0mYXbenPLlNytpwYErh4FM6XjdfLu6kGDPNae4ggggAACCCCAAAIIIIAAAggggAACCHQVmDd7tqf5iLveoednMiV362lLCFw9CmZSxw+orpGCwgKPLaA4AggggAACCCCAAAIIIIAAAggggAACIYHWllZZMG9u6EQv7WVS7tYTAgJXj3qZ1PGlZWVSXlHhsQUURwABBBBAAAEEEEAAAQQQQAABBBBAICSwpK5OGurrQyd6aS+TcreeEBC4etTLpI7Pzc2VmkGDRXI8NoLiCCCAAAIIIIAAAggggAACCCCAAAIIqECHWeRp9iwJBAK97pFJuVtPMAhcPeplWseXV/SX0rJSj62gOAIIIIAAAggggAACCCCAAAIIIIAAAmJGtjbIkrpFGUGRablbd1EIXD3KZVrHW4tnDTSLZzHK1WNPUhwBBBBAAAEEEEAAAQQQQAABBBDo4wJmdOu8Ob2/WJbdC5mWu9n18vpJ4OpRLBM7vqy8XMr69fPYEoojgAACCCCAAAIIIIAAAggggAACCPRlgfrFi6V+yZKMIcjE3K07OASuHtUyteMHVNdIQWGBx9ZQHAEEEEAAAQQQQAABBBBAAAEEEECgLwq0trTKgnlzM6rpmZq7eUUicPUolqkdn19QIFUmdGVqAY8dSnEEEEAAAQQQQAABBBBAAAEEEECgrwmYqQTmm7C1rbU1o1qeqbmbVyQCV49imdzxxSUlUlFZ6bFFFEcAAQQQQAABBBBAAAEEEEAAAQQQ6EsCdQsXSlNjY8Y1OZNzNy9YBK5etEzZTO/40rIyKa+o8NgqiiOAAAIIIIAAAggggAACCCCAAAII9AWBJXV10lBfn5FNzfTcLVk0AtdkpTrLZUPHE7p67FSKI4AAAggggAACCCCAAAIIIIAAAn1AIJPDVuXPhtwtmceEwDUZJVeZbOl4a3qB/mZ6gRxX5dlFAAEEEEAAAQQQQAABBBBAAAEEEOh7AmbO1rpFmTmNgLszsiV3c9c52j6BazSVOOeyqeN1Ia1+Ff2loLAgTou4hAACCCCAAAIIIIAAAggggAACCCDgV4HWllZZXLco4xbIiuadTblbtPrb5whcbYkkP7Ox48vKy6WsvB+jXZPsY4ohgAACCCCAAAIIIIAAAggggAACWS9gRrXWL1ls/izJmqZkY+4WDZfANZpKnHPZ2vF5eXlSUlYupaWlBK9x+pdLCCCAAAIIIIAAAggggAACCCCAQFYLmKC1oaFBGuuXSHt7e1Y1JVtzt0hkAtdIkQTH2d7xubm5ovO7FhWXMNVAgr7mMgIIIIAAAggggAACCCCAAAIIIJAtAjp1QHNTozQ1NkogEMiWaofVM9tzN7sxBK62RJKfful4ba6Oei0oLJT8AvMnP9861kA2J8estMViW0k+ERRDAAEEEEAAAQQQQAABBBBAAAEElpKAGb3a0dFhBao6erWtrc3MzdoirS0tWTeaNZqYX3I3AtdovRvnnF86Pk4TuYQAAggggAACCCCAAAIIIIAAAggggMBSF/BL7kbg6vHR8UvHe2w2xRFAAAEEEEAAAQQQQAABBBBAAAEEEEirgF9yNwJXj4+JXzreY7MpjgACCCCAAAIIIIAAAggggAACCCCAQFoF/JK7Ebh6fEz80vEem01xBBBAAAEEEEAAAQQQQAABBBBAAAEE0irgl9yNwNXjY+KXjvfYbIojgAACCCCAAAIIIIAAAggggAACCCCQVgG/5G4Erh4fE790vMdmUxwBBBBAAAEEEEAAAQQQQAABBBBAAIG0CvgldyNw9fiY+KXjPTab4ggggAACCCCAAAIIIIAAAggggAACCKRVwC+5G4Grx8fELx3vsdkURwABBBBAAAEEEEAAAQQQQAABBBBAIK0CfsndCFw9PiZ+6XiPzaY4AggggAACCCCAAAIIIIAAAggggAACaRXwS+5G4OrxMfFLx3tsNsURQAABBBBAAAEEEEAAAQQQQAABBBBIq4BfcjcCV4+PiV863mOzKY4AAggggAACCCCAAAIIIIAAAggggEBaBfySuxG4enxM/NLxHptNcQQQQAABBBBAAAEEEEAAAQQQQAABBNIq4JfcjcDV42Pil4732GyKI4AAAggggAACCCCAAAIIIIAAAgggkFYBv+RuBK4eHxO/dLzHZlMcAQQQQAABBBBAAAEEEEAAAQQQQACBtAr4JXcjcPX4mPil4z02m+IIIIAAAggggAACCCCAAAIIIIAAAgikVcAvuRuBq8fHxC8d77HZFEcAAQQQQAABBBBAAAEEEEAAAQQQQCCtAn7J3QhcPT4mful4j82mOAIIIIAAAggggAACCCCAAAIIIIAAAmkV8EvuRuDq8THxS8d7bDbFEUAAAQQQQAABBBBAAAEEEEAAAQQQSKuAX3I3AlePj4lfOt5jsymOAAIIIIAAAggggAACCCCAAAIIIIBAWgX8krsRuHp8TPzS8R6bTXEEEEAAAQQQQAABBBBAAAEEEEAAAQTSKuCX3I3A1eNj4peO99hsiiOAAAIIIIAAAggggAACCCCAAAIIIJBWAb/kbgSuHh8Tv3S8x2ZTHAEEEEAAAQQQQAABBBBAAAEEEEAAgbQK+CV3I3D1+Jj4peM9NpviCCCAAAIIIIAAAggggAACCCCAAAIIpFXAL7kbgavHx8QvHe+x2RRHAAEEEEAAAQQQQAABBBBAAAEEEEAgrQJ+yd0IXD0+Jn7peI/NpjgCCCCAAAIIIIAAAggggAACCCCAAAJpFfBL7kbg6vEx8UvHe2w2xRFAAAEEEEAAAQQQQAABBBBAAAEEEEirgF9yNwJXj4+JXzreY7MpjgACCCCAAAIIIIAAAggggAACCCCAQFoF/JK7Ebh6fEz80vEem01xBBBAAAEEEEAAAQQQQAABBBBAAAEE0irgl9yNwNXjY+KXjvfYbIojgAACCCCAAAIIIIAAAggggAACCCCQVgG/5G4Erh4fE790vMdmUxwBBBBAAAEEEEAAAQQQQAABBBBAAIG0CvgldyNw9fiY+KXjPTab4ggggAACCCCAAAIIIIAAAggggAACCKRVwC+5G4Grx8fELx3vsdkURwABBBBAAAEEEEAAAQQQQAABBBBAIK0CfsndCFw9PiZ+6XiPzaY4AggggAACCCCAAAIIIIAAAggggECKBNZfe7SsMnK4tLU2SSAQSNFdvd0mNzdX8guK5Ydfp8uHn37r7ctpKu2X3I3A1eMD4peO99hsiiOAAAIIIIAAAggggAACCCCAAAIIpEBg/z23kY62xhTcKXW3yMkvkYeffiN1N+zmnfySuxG4enwA/NLxHptNcQQQQAABBBBAAAEEEEAAAQQQQACBHgroyNYVhg+w7rLHHnvI2muvLUVFRT28a/e+3tzcLJ9++qk888wz1g1+m76g10e6+iV3I3D1+Ez6peM9NpviCCCAAAIIIIAAAggggAACCCCAAAI9FDhk722lpblBNGzdcMMNe3i31Hz9gw8+sELXwqJSue+J11Nz027exS+5G4GrxwfALx3vsdkURwABBBBAAAEEEEAAAQQQQAABBBDoocABu29qzdk6fvz4XhvZGtkEHel64YUXis7p+tCz70ZeXqrHfsndCFw9PjZ+6XiPzaY4AggggAACCCCAAAIIIIAAAggggEAPBfbbdWPrDhMmTOjhnVL79bPOOsu64SPPv5faG3u8m19yNwLXPtrxHptNcQQQQAABBBBAAAEEEEAAAQQQQACBHgoQuMYHJHDtiAakJ4MXOjo/gx/mqCN4rWbwkGhfzJpzfun4rAGnoggggAACCCCAAAIIIIAAAggggIBPBAhc43ekX3I3RrjG7+cuV/3S8V0axgkEEEAAAQQQQAABBBBAAAEEMlwgJydHBtZUS35+nsysnd05uCvDK92N6pWVlcq+e+0iu+y4tdQ3NMqJp10gi+oWd+NOfCXTBAhc4/eIX3I3Atf4/dzlql86vkvDOIEAAggggAACCCCAAAIIIIBAhgpU9CuXMUcdJP/cezfpV15m1VIDyBtvmSIPPvqMtQhRhla9W9U6+vD95cxTxsjvU6fJtOkz5cxzL5N58xd06158KbMECFzj94dfcjcC1/j93OWqXzq+S8M4gQACCCCAAAIIIIAAAggggEAGChQXFck9t18na6/5l6i1u+HmKXLz7fdGvdYbJ4cMHigTJ1wkQ4cMksuumiRvvP1/MuHSc2XLTTeQ+x952gqJE9XrucfukhWWX07W22xXaWxqSlSc6ykQ2GarTeX8sSdK7aw5csa5l4qOpr7uygukumqAXHz5RPnP/32Ygl8RIXCNz+iX3I3ANX4/d7nql47v0jBOIIAAAggggAACCCCAAAIIIJCBAiced7icOOYwp2YaQM6YMUtGjRxhnWsPBGT73Q6UqX/OcMr05s5Jxx8hJxx7qFWFn3/9XS6+bKI8cNcN1nHA1HWz7faR2XPmxq3inTdfJRust7ZstNUeUrd4SdyyXEyNwItP3SMrjVrButkddz8subk5cuSh+1nHX3/zg+x1wDEp+SEC1/iMfsndCFzj93OXq37p+C4N4wQCCCCAAAIIIIAAAggggAACGShw353XywbrrmXV7KdffpO9DxwjjY1NstvO28o1l59vnb/2htvltikPZkTtd9puS7n+6outurz82r/l0gk3yjuvPmbmnc2XOXPny+bb7yNtbW0x67rX7jvK0YftbwXK8xcslA8//tzMVRswoy4vi/u9mDfkQlIC2mfad7qNPf9yE7jmypXjz7aOn37uFTnrgius/Z7+ReAaX9AvuRuBa/x+7nLVLx3fpWGcQAABBBBAAAEEEEAAAQQQQCADBR659yYzncAaVs0ef+oFOW/c1da+vvKtI0c//fwrefKZl635TjOh+lqvzTfZQIYPHyLPPv+aLKmvl9VWWVE22WhdeenVt2X6jNq41Tz+mENkj123DyvzyadfyrkXTQg7x0FqBcrLymT3Xba1phR4+z8fWDffaouNpcZMKfDcS69Lg1m8LBUbgWt8Rb/kbgSu8fu5y1W/dHyXhnECAQQQQAABBBBAAAEEEEAAgQwU0Nfz9TV93XShrN32OUJm1s7OwJpSJQQSCxC4xjfyS+5G4Bq/n7tc9UvHd2kYJxBAAAEEEEAAAQQQQAABBBDIQIHlRywrTz98u5SVlVq1+/6Hn2X/w0+U+vqGbtVWX+3fdadtZNDAGnnsyedlwcJF1pQFG2+4jjz7wuui866mauvfv0IG1VTLtOkzPS9+VVlpvmvqOHPmLFm8pL5bVaroVy5VZoRmrQmom5qbu3WPeF/Ky8uTqgH9rakS4pXrzWsFBQUybOgga4SqTunQ2xuBa/we8EvuRuAav5+7XPVLx3dpGCcQQAABBBBAAAEEEEAAAQQQyFCBjTb4u+hCUhqW6vbhJ5/LUcefKc3NLZ5rvM+eO8tlF4+1vvfSq2/JdZPukNeff8halV4Xs9p8+32lvb3due+O220hZ512vHO8/e4Hxf3dIYMHyjlnnCBr/nW0DB0yyPpeR0eHFeROuvUeefWNd8ycrB3O/dw7VQMqZeypY2QzMyVBTfUA59Kvv02Vu+59RJ545qWY37ULV5uA9chD/ynaTg18ddPFuv6cNlOm3PeoFTLrQmM93YYNHSyP3neL1NRUyS233yeTbr077JYXn3eabLHpBta5z7/8Rk4ZOy7sun0w+cYrZNWVR1mHz734utUf9jX7s7ioSF559n77UMZfcb289c77znHkTklJsehcuPv9Y1dZeaWRVt9qGZ0W4LU3/yN33vOw/Pjzb5FfCzueMvkaGbn8cta5J437pMn3hF3v7gGBa3w5v+RuBK7x+7nLVb90fJeGcQIBBBBAAIH/Z+884Oyoyv7/ZNN7I0DoTUWQKkWsoKBIE1AUUVFQ9K8iooj4Kk2KCoiiYhd5UVFQUECkIyjwgoogKryvKL0kISG9Z7P5n+e0OVPu3Tub3WRz9zvszjztPDPzncvns/w49wwEIAABCEAAAhCAQD8mcNBb3yQXmJdkDTYvM9Ltmutvkc9+4dzaV3zSJz8sHzn2PXacvn3+wm/9QC793oXWX7Fihbxm38Nl7tz5se/bjXD3Zf/yJA3uuMebG84W3ft1e8n553xedHZqo03FvvO//r1S+g1GnLzgnC80HfvDS38hF1xUHhuaqcD6659/XzbdZKMQKh0ffOhhed+HPinLl68o5eoEPmRe7KXisG661MMerz84JwZ/86tflP3329vm7/vLg3L0h060dnH365//QF6x/cts+IqrrpPTz3bPIq1TAfWh+26OoU+dcpb87qbbo58am226kXz/m1+xLx1L46mtAvRXLvyO/PfPfpWGc/b1V11qxVoNXnb5VXLu+d/K5XvqILg2J9cuuhuCa/PnXMq2y4Mv3RgBCEAAAhCAAAQgAAEIQAACEIBAPydw4P5vkgu/fKp9g7xe6lFmaQF9oVRxU6Hv0yccJ88/P0M+8JFP59I66/S8s//Lfl3/7PO+If9z31/tjNfXv2YPMwP0l3YWaDqgVcF1m622kN9e9WPRr9nrpqLev80sytlz5srur9wpzs7V2a0f+thn5a7/+XM8jQq0N1/7M5k4YbyNac3D//uoLFiwUPbYfZcoMmvyxJPPlBtuuSOOTQ2dBfz61+4ZQ/PN+Af/9k95+bbb2PsNid4QELfb9iXya7PUQ4cRwPV69LrSbW0IrjvtsJ2ZCX1enNmr16PLMTz8yL9kspkxvPWWm8fPjuZ01vB5X/uumqUNwbWEZI0E2kV3Q3Ct+XFplwdf87YphwAEIAABCEAAAhCAAAQgAAEI9AsC6Uu09Gvexa+yH3H4QXLuGSfba33yqWfkzYe8d7Wuu1XB9ZLvXiCve/Ue9lxLli6VD3/8FLv0gQa2NF9Nv/E3l0Wx7zfX3SSnnPbleF3nnH6yvPPtB1lflzM4/tOnye133mP9jTfa0Iqxw4YNtb4ug1D19XydBfrg/9wYz6Ffuf+U+Rq/Xsvw4cPMzNsviC6PELZ3Hf0x0dmuq7PptW2z9RZy9z1/luIyBWtacFXh99orfyQv88sT6HITn/7cWZajit+66TINPzSi9PYvf2m87UaiPYJrRLRGjXbR3RBca35s2uXB17xtyiEAAQhAAAIQgAAEIAABCEAAAv2CgIpm//P7a+y16CzRD37Uiavh4k495QQ5+qi3W3dNCa4qaOpX3lX0003XStWvrKfbDy7+ilnTdC8b+tejj8nBRxwb07+/4QrZZOOp1v/l1dfLqWddEHNqXPClL8jbDnyzjT33/HTZ563vyuXV2XXnV8gVl307xt/3wU9GwVeDuj7sHTdeKSrM6nbhN34g3//x5dbui92aFlzTtXlVYNVZxHff+5fSrY0dM1p+esk3RGfo6vb3f/6vHPHej+aWQ9A4gqtSWPNbu+huCK41Pzvt8uBr3jblEIAABCAAAQhAAAIQgAAEIACBfkPgj7dcJfpyqqeefk72O/io3HWtDcFVZ1X+9lc/jtfxsRO/ILfdcXf01fjkx4+Vj3/4/TY268U58uo3HmptfSHU3+67KYq1J3zmDLnp1jttLuyOed87zYu4Pm5dXXv1FbvvG1Lx+OY3vV4u/trZ0d/ttQeKLimQbvoiqNfutbsNXX/j7XYGaJqvsvVFZePGjpElS5ba2bJVNVWxNS24pjOf9XoeMEsp6HPQJR3S7bBD9pezTj3JzvrV+LPPTZP9DjqqNEMXwTWltubsdtHdEFxrfmba5cHXvG3KIQABCEAAAhCAAAQgAAEIQAAC/YaAzlDcc7ed5a8P/kPe/YHjc9e1NgTXHbbfVq42L6sK2wGHvV/+8/iTwbXHRoLr5pttLLf+9uex9j3HniB/+etD0VejtwTXs0/7jLzrHQfb3jqz8x3vcS+9yp0scXS92+9cdK79Cv5F375EvvODnyTZ5mYquP7p/r+Jzrit2nrzpVm6xu/Zp58kY0aPtqd69N+P23tcumyZ9Y875t1y8onZPet1nfS5s+WFmbNKl4bgWkKyRgLtorshuNb8uLTLg69525RDAAIQgAAEIAABCEAAAhCAAAT6DYGvfeV0GWG+xv9fZ5wn8+YvyF3X2hBcx48bK3+56/p4HboG6y23/zH6ajQSXIvLEXz21C/JNb+9OTe2twTXC798mhx8gJsde9vv75KPferU3HmKTrrUwboguOr16/qsP/nRRaJLB+imIrFeuwrbv7v6Mglr4f7ov38hXzXLKoT1XW1xskNwTWCsQbNddDcE15ofmnZ58DVvm3IIQAACEIAABCAAAQhAAAIQgMA6QeBDH3i3fPZTbhZjZ2envOEtR8jMWbN7fO2tvjTrGvPCprAu6H1/eVDef9yncuuCNhJc9cJSYVNnt+os13TrLcE1FRF/eOkv5IKLvpeepmSriKxism6rI7gqj6M/dGKpvwZ6c4ZrOMH73n24nPY5N6NWl2A46B3HGP+E+FIzfaHYRz/5+dzzCWPDMWV12eVXybnnfyukVut45MGvsePPO++81erT24NPOeUU2/KK37qXtfV2/1b7tYvuhuDa6hP3de3y4GveNuUQgAAEIAABCEAAAhCAAAQgAIF+Q0BFwH3e8Gr5kxHypk1/IXddutSALjkQtl9fe6Oc97Xvypy580Ko1vGD7z9STvn0R+OYHfbYT5YtWx79YLzhda+SH16ciWg6S/X8r39XdL1W3S664Ew54M37WDtdw1UDH/nge+WkE46zOd1ddc0N9prnzZtvY60IrkccfpCce0b2ArFX7f223Pqlr9lrN7n0exfGc3zipNPl5tv+EP0qo68F18HmJWO3mReGbTx1A3v6K666Tk4/O7vGcE3FZRdO/OwX5Yabfx/SpaP2vdasqfvSbba0ueenzZCN/DlWrVol+x96tDzx5NOlcSGgLz9TETyMQXANZPr+2C66G4Jrzc9Kuzz4mrdNOQQgAAEIQAACEIAABCAAAQhAoF8QGDRokF3zdLNNN5IVK1bYGaxB1NQL1K+MX/mT79ivlocL1rrnp+WF2ZBrdtRzbbrJVNFj2PRFXY898aRsveUWIRSPKgwWN51du9ycP4iKmr/9znvsDMtQqy/Ouunan0aBL8RnvDBLli5dJuPGjZGJE8bbsAqGj/7ncbOkwohQZo+bbLyhDB48OMYe+b9/y1cu/I48/sTTstuuO8pZp51kX36lBf/3r//IoUce1/Dr9KFJbwmuuobqjBmzZPqMF8zLztYP7WXs2NEyaeKE6C9ctEjmzJlvZp52md8YlvWnTJaRI7P7VaZz582TYUOHZUUFa8L4sTJ+/LhCVOzLsZ59dlouvnTpUhkxIus/ZswomTxpYqz5zOfPket+d2v0V8dghmtzeu2iuyG4Nn/OpWy7PPjSjRGAAAQgAAEIQAACEIAABCAAAQisAwSmrDdJ7r7t11EEPe74U+QPd92Xu/KNN9rQvsQqFfNyBT10VDhUcfTBhx6WXXbavoddRKrWeNXZlBedf6bsvON23fZ9cfacnCDY7YCkQAXbD370ZLn73r8k0WqztwTX0P2pZ56TzTcti9Ka1+UfdGap/jbbdHaxrnuroqt+Fnpja8Zz8eIlstc+h8oSI8r2xobg2pxiu+huCK7Nn3Mp2y4PvnRjBCAAAQhAAAIQgAAEIAABCEAAAusIgTO/8Gl51zsOlvsf+Lsc85GTrFhXvHQVW3Xd1FfvuZudpdqdkFccn/r6Fvvf3nCb/PfPfiU/u+Sb9qv6PRFcn3t+ulx+5TVyyWVXVK4fOmTIEDn6qLfLbrvsIC83L39KZ8Wm19NIIFQR8rc33CqPm6/Ln/65E+MLosJYnUF68ufPtTNsQ6zZ8Y+3XGVmpE6xJZf+9Jfy5a9+u1l5LqcvrnrV7rvkYlWCqwqt/2tm3H7pgovNEgBbyRdP/XRuTHAWLVosf/7r3+TMc79u1+jdY7ddWhJcH/3PE/Lf5tr33GMXOfit+1YKulU89bp0lvA5531T/vb3R8JlrPYRwbU5wnbR3RBcmz/nUrZdHnzpxghAAAIQgAAEIAABCEAAAhCAAATWIQL6FfMlS3pn1mF/v+1vfvWLsv9+e9vLVAHxoLd/oNtLfsX2L5NDDthPdth+W5k3f4E89I9H5Mab75Ann36227Gh4JLvXhBfNHXnXffKh4//XEh1e7zn9t9EQfQXv7pWzjjna92OGQgFCK7Nn3K76G4Irs2fcynbLg++dGMEIAABCEAAAhCAAAQgAAEIQAACEOh3BFRYvuvWq+P6q2tSvNSXhelLw3TTl469+eD3WPG2O0jbvmwbue6Xl8SyE08+U2645Y7oD2QDwbX5028X3Q3BtflzLmXb5cGXbowABCAAAQhAAAIQgAAEIAABCEAAAv2KwGCznulFF5wpb9n3DfG6PnnyGXLjLXdGvy+NvV+3l/zg4q/EU9xw8+/ls6d+SZYvXxFjRWP06FHyq599V7bZagub0jVjX/OmwyS82OxjHz5aDj34LXLDTb+Xi759ieg5TjrhOPMisqfk9LMvlPkLFtoXZOlLvrbb9iXy7e9dZsXa4455txxx+EF2lu7XL/5R8bTrjI/g2vxRtYvuhuDa/DmXsu3y4Es3RgACEIAABCAAAQhAAAIQgAAEIACBtUZg151fIUPNGq4qOE6ZMtkKlu898jDZZOOp8Zr+ePefRF8SpiLmmtou/PJpcvAB+8bTqXD6q19fL/9+7AmZOfNFe70TJoyX9SZPtC/8OuyQ/WXM6NGx/lvfvVS+9b3/tv4Wm20it/z28pg7+Ihj5dtfO0c223QjGzv3/G/JZZdfZYXVc8842cZ0fdV3Hf0xueW6y+P6q4e884Pyf2bd13VxQ3Bt/tTaRXdDcG3+nEvZdnnwpRsjAAEIQAACEIAABCAAAQhAAAIQgMBaI/Cdi86Vffd5bcPzP/X0c1Z4nD1nbsOavkiMHTNafnPFj6IoWuccOhP3xM+eGQXi8ePHyd1meYThw4fZF5294S1HyEXnnym7v3In2/aEz5whN916p7zhda+SH158no09+u/H5cj3Hy9333a1jBo1UlauXCmvf/MRMnPWi3Uupd/UIrg2fxTtorshuDZ/zqVsuzz40o0RgAAEIAABCEAAAhCAAAQgAAEIQGCtEdhph+3k8h9/U4YNG5q7hukzZsp3fvATueqaG6xImUuuIUfXkT3umKPMeq7vkpEjRnR71hkvzJLv/vAn8stf/650zSquHvDmfeTm2/8o9/35Adl4ow1FZ/I+9vhT8pvrbpKVXV12JushZlbty82SAldc9Vt54smnZdedd5CD3/omueX3d8m9f/prt9fQXwsQXJs/mXbR3RBcmz/nUrZdHnzpxghAAAIQgAAEIAABCEAAAhCAAAQgsFYJqBD5lv32lmXLl8vzz083QuMzcuOtdzRdM3VNXvCU9SbJK3fZUTY3SwNsvtnGMsHMWB00aJCdwTrrxdny9DPPy5NPPyt33fMnWbZs+Zq8tHXmXEe97XXSZUTls846y8z0Hd4vrnvZsmVy+umnW6H759fetVavqV10NwTXmh+jdnnwNW+bcghAAAIQgAAEIAABCEAAAhCAAAQgAIHVJHD0O/aT5csWy6GHHip77bXXanbrneH33nuvXHPNNTJs+Cj5yVW39k7THnZpF90NwbXmB6BdHnzN26YcAhCAAAQgAAEIQAACEIAABCAAAQhAYDUJ7LnrdrLlxhNtFxVdd91117U201Vntj7wwANWbNULeuK5OfKnBx5ZzTtcveHtorshuNb8HLTLg69525RDAAIQgAAEIAABCEAAAhCAAAQgAAEI9AKBdx+2r6zqXNILnXqvxaAhI+UXv7mt9xr2sFO76G4IrjU/AO3y4GveNuUQgAAEIAABCEAAAhCAAAQgAAEIQAACvURAZ7q+bKuNpXPFUrumay+1rdWmo6NDhgwdIf96/Lm1PrM1XHi76G4IruGJtnhslwff4u1SBgEIQAACEIAABCAAAQhAAAIQgAAEIACBNUKgXXQ3BNeaH5d2efA1b5tyCEAAAhCAAAQgAAEIQAACEIAABCAAAQj0KYF20d0QXGt+TNrlwde8bcohAAEIQAACEIAABCAAAQhAAAIQgAAEINCnBNpFd0NwrfkxaZcHX/O2KYcABCAAAQhAAAIQgAAEIAABCEAAAhCAQJ8SaBfdDcG15sekXR58zdumHAIQgAAEIAABCEAAAhCAAAQgAAEIQAACfUqgXXQ3BNeaH5N2efA1b5tyCEAAAhCAAAQgAAEIQAACEIAABCAAAQj0KYF20d0QXGt+TNrlwde8bcohAAEIQAACEIAABCAAAQhAAAIQgAAEINCnBNpFd0NwrfkxaZcHX/O2KYcABCAAAQhAAAIQgAAEIAABCEAAAhCAQJ8SaBfdDcG15sekXR58zdumHAIQgAAEIAABCEAAAhCAAAQgAAEIQAACfUqgXXQ3BNeaH5N2efA1b5tyCEAAAhCAAAQgAAEIQAACEIAABCAAAQj0KYF20d0QXGt+TNrlwde8bcohAAEIQAACEIAABCAAAQhAAAIQgAAEINCnBNpFd0NwrfkxaZcHX/O2KYcABCAAAQhAAAIQgAAEIAABCEAAAhCAQJ8SaBfdDcG15sekXR58zdumHAIQgAAEIAABCEAAAhCAAAQgAAEIQAACfUqgXXQ3BNeaH5N2efA1b5tyCEAAAhCAAAQgAAEIQAACEIAABCAAAQj0KYF20d0QXGt+TNrlwde8bcohAAEIQAACEIAABCAAAQhAAAIQgAAEINCnBNpFd0NwrfkxaZcHX/O2KYcABCAAAQhAAAIQgAAEIAABCEAAAhCAQJ8SaBfdDcG15sekXR58zdumHAIQgAAEIAABCEAAAhCAAAQgAAEIQAACfUqgXXQ3BNeaH5N2efA1b5tyCEAAAhCAAAQgAAEIQAACEIAABCAAAQj0KYF20d0QXGt+TNrlwde8bcohAAEIQAACEIAABCAAAQhAAAIQgAAEINCnBNpFd0NwrfkxaZcHX/O2KYcABCAAAQhAAAIQgAAEIAABCEAAAhCAQJ8SaBfdDcG15sekXR58zdumHAIQgAAEIAABCEAAAhCAAAQgAAEIQAACfUqgXXQ3BNeaH5N2efA1b5tyCEAAAhCAAAQgAAEIQAACEIAABCAAAQj0KYF20d0QXGt+TNrlwde8bcohAAEIQAACEIAABCAAAQhAAAIQgAAEINCnBNpFd0NwrfkxaZcHX/O2KYcABCAAAQhAAAIQgAAEIAABCEAAAhCAQJ8SaBfdDcG15sekXR58zdumHAIQgAAEIAABCEAAAhCAAAQgAAEIQAACfUqgXXQ3BNeaH5N2efA1b5tyCEAAAhCAAAQgAAEIQAACEIAABCAAAQj0KYF20d0QXGt+TNrlwde8bcohAAEIQAACEIAABCAAAQhAAAIQgAAEINCnBNpFd0NwrfkxaZcHX/O2KYcABCAAAQhAAAIQgAAEIAABCEAAAhCAQJ8SaBfdDcG15sekXR58zdumHAIQgAAEIAABCEAAAhCAAAQgAAEIQAACfUqgXXQ3BNeaH5N2efA1b5tyCEAAAhCAAAQgAAEIQAACEIAABCAAAQj0KYF20d0QXGt+TNrlwde87Rrlq2rUUgoBCEAAAhCAAAQgAAEIQAACEIAABAYagUED7YZbvt920d0QXFt+5K6wXR58zdvuphyRtRtApCEAAQhAAAIQgAAEIAABCEAAAhCAQAUBxNcUSrvobgiu6VNtwW6XB6+32jl+kCzbrEOWb9QhK6YMsv7K0YNk1VCT5N/3Fj4NlEAAAhCAAAQgAAEIQAACEIAABCAAgTVIwMx5G7RCZPCiVTJk3ioZOnOVDHu+S4Y/3WX9NXglfXKqdtHdEFxrfjzW9QffNXKQLNpxsCzerkOWbdxR8+4phwAEIAABCEAAAhCAAAQgAAEIQAACEOiPBIY/1yWjHumS0X9fKR1L1s1vI6/rulv4XCC4BhItHtfVB6+zWRe8aogs2G0ws1dbfNaUQQACEIAABCAAAQhAAAIQgAAEIACBdY6A0VrH3r9Sxt7Xuc7Nel1XdbfiZwTBtUikG39dfPDzXjdE5r1+CEJrN8+WNAQgAAEIQAACEIAABCAAAQhAAAIQaBsCRngd/8dOGX9X5zpzS+ui7lYFF8G1ikqT2Lr04JdP7ZA5+w9h6YAmz5MUBCAAAQhAAAIQgAAEIAABCEAAAhBoZwK61MDEmzpl2LSufn+b65Lu1gwmgmszOhW5deXBL9phsLx4iHn7FS+/qniKhCAAAQhAAAIQgAAEIAABCEAAAhCAwAAiYGa7Tr5uhYz+x8p+fdPriu7WHUQE1+4IFfLrwoNfsOcQmbOfWUKADQIQgAAEIAABCEAAAhCAAAQgAAEIQAACnsDEWztl7J/67xID64Lu1sqHCcG1FUpJTX9/8Av2HGzEVjOzlQ0CEIAABCAAAQhAAAIQgAAEIAABCEAAAgUCE29dYUTX/jnTtb/rbgWUDV0E14ZoqhP998GvEruMwNuGVV84UQhAAAIQgAAEIAABCEAAAhCAAAQgAAEIGAKTr13ulxfoX2tR9l/drd7HBsG1Hi/pnw9+legLsqYfO5w1W2s+T8ohAAEIQAACEIAABCAAAQhAAAIQgMCAI2DWdN3wx8v8i7T6j+jaP3W3+p8OBNeazPrfgzf/hphtxjHDZdnGHTXvhnIIQAACEIAABCAAAQhAAAIQgAAEIACBgUhg+HNdssGly/yt9w/Rtf/pbj37ZCC41uTWfx68E1r18ue9bqjMewMvyar5KCmHAAQgAAEIQAACEIAABCAAAQhAAAIDmsD4P3TK+LtWJAzWrvDaf3S3BEkPTATXmtDW/oPPhFa99M7xg+T540ewlEDN50g5BCAAAQhAAAIQgAAEIAABCEAAAhAY8ASMzLTRxUtlyLy83uS4rHnxde3rbr3ziUBwrclx7T34qg++yJy3DJUFuzO7teZjpBwCEIAABCAAAQhAAAIQgAAEIAABCEDAEBj7l06ZeHM6y7WIZc0Jr2tPdyve8+r5CK41+a2dB18ttnaNHCTPfprZrTUfIeUQgAAEIAABCEAAAhCAAAQgAAEIQAACgYCRnTb52lLpWFKtP4WyNfH16rWju2V32FsWgmtNkmv+wTf+sC/Yc4jM2W9ozTugHAIQgAAEIAABCEAAAhCAAAQgAAEIQAACGYGJt66QsX/qzAJNrb6b8brmdbemN9rjJIJrTXRr7sE3FlrFp2YcO1yWbdxR8w4ohwAEIAABCEAAAhCAAAQgAAEIQAACEIBARmD4c12ywY+XZYFuNdVuC7JeNaw1p7vVuKgelCK41oTWtw++iciq15mk7cuyTjDLCbBBAAIQgAAEIAABCEAAAhCAAAQgAAEIQGA1CWz0zQYvz2qorTZM9PhK+lZ36/Fl1R6I4FoTWd89+ERNLV5TRWrRjoPlxbcNK1biQwACEIAABCAAAQhAAAIQgAAEIAABCECgNoHJ1y6X0X9fWT2uobbaMFHdp5to3+lu3Zy4l9MIrjWB9s2Dr1BUw3VVpDQ0Z/+hsnD3IaGKIwQgAAEIQAACEIAABCAAAQhAAAIQgAAEekxgzF86ZeJNK+z4Shm1MqjlDRO1r6VvdLfal7HaAxBcayLs3QdfoaaG66lIpaGZ7x0uS7dk/daAiyMEIAABCEAAAhCAAAQgAAEIQAACEIBAzwmMeKJLpvwsW8e1UkatDOo5cHWyHwAAQABJREFUGyZqXVDv6m61Tt2rxQiuNXH27oNPJdTkQirC+dAqmXb8SOmc2Dsf5uTMmBCAAAQgAAEIQAACEIAABCAAAQhAAAIDkMCQOatk6sVLzJ3n9aa8V0onpEqVSa41s3d1t9bO2RdVCK41qfbeg89LqPEyCuGC68tWybOnjJJVLOEasWFAAAIQgAAEIAABCEAAAhCAAAQgAAEI9JzAoOUim5y32DQoC6elSCkQztswEQqaHntPd2t6mj5PIrjWRNw7D75aRpVCuOD6K3XRZ04dVfX5r3k3lEMAAhCAAAQgAAEIQAACEIAABCAAAQhAwBAwktOm56jgqltZOC1FSgE3smpsyHR37B3drbuz9H0ewbUm49V/8NUyamtiq16sF1xPM4IrGwQgAAEIQAACEIAABCAAAQhAAAIQgAAEeonApmc3Flz1FCWNtRQIF9IwEQoqj6uvu1W2XeNBBNeayFfvwfeO2Kqa6zOnI7jWfHSUQwACEIAABCAAAQhAAAIQgAAEIAABCDQhsOlZRnCNWmk0ciNK0VIglDdMhILScfV0t1K7tRZAcK2JvucPvkJsbS3kr9AX28MqI7iOrnnllEMAAhCAAAQgAAEIQAACEIAABCAAAQhAoDGBTc9aZJJGKI1aaTRyg0rRUiCUN0yEgtyx57pbrs1adxBcaz6Cnj34CmVVz1sIF9zClWnW/LofeRbBtcAHFwIQgAAEIAABCECgFQJv3GAXOWOH98nUkZPl0QXPyjvu+qIsXWneksEGAQhAAAIQgMCAJ7CJEVytRDooCKXhWEZTypQCYUzDRCiIx57pbnF4vzEQXGs+ivoPvoGMWggX3MJVadb8uh+bQ3AtIMKFAAQgAAEIQAACEOiWwKghw2XG4VfJmCEjrcjaMahD1rv6cFmwIqzX1m0LCiAAAQhAAAIQaGMCUXDVe7Q6qe4aC6alTCkQYDVMhAJ7rK+75Yb3GwfBteajqPfgG8iohXDBLVyRZn2FOYRaBNcCJlwIQAACEIAABCAAgW4JvHeLfeWnr/6c/M+sh2X/O/5LlnQuk5WruszfmOGvzG5bUAABCEAAAhCAQBsTUMFVNyuPRo1UjejYfLorZUqBUN0wEQqknu4Wh/U7A8G15iOp9+Ar/nAthApucjVpxtjeDVEE1wQVJgQgAAEIQAACEIBASwRO2e5I+crOH5IL/veX8tkHf9DSGIogAAEIQAACEBg4BHKCq9621UiDUBqOZR6lTCkQxjRM2IJ6ulvo2f+OCK41n0nrDz5Io8kJCqGC26DQV5lDVr/KrOE6JqnHhAAEIAABCEAAAhCAQHMCg83yAbtNepnc95ZvyRMLp8sx950vf5n9LztosZnpygYBCEAAAhCAAAQ2OWuhgeBEUbuP+mgwwrHMqpQpBXRMZTA2a113i0P6pYHgWvOxtP7gM3nUnqK5m1xFoTDIrCacZRBcE2CYEIAABCAAAQhAAAItEDh809fK1a87s1TZtWqVTL76MJm7XP8Diw0CEIAABCAAgYFMoHvBVek0Fk1LmVKg+fjWdbf+/ZQQXGs+n9YefCaN2vbN3cIVFIpVZnU/rs78Qazbs2cww9UBYQ8BCEAAAhCAAAQg0AqBPSZvK5/a9u2l0jtm/E1+8J/fleIEIAABCEAAAhAYeAQ2+aL5H7BWJB2Uyarez9OoVFJtSSlTCmhZZZA1XJPplglvFQOdIBgX3reu8axQuErW22DDpH7dM1dXcHV0Gt13VdbE3I9H62oQXBsxJA4BCEAAAhCAAAQgAAEIQAACEIAABCDQEwJWcNWBg5wgavfZrtCyWjS1wwuV1fpqeXxruluxef/zmeFa85l0/+ALomniJmbFWauyPmYOfmKrGediCK4VCAlBAAIQgAAEIAABCFgCm4yaIs8ungkNCEAAAhCAAAQgUItAFFxVIXU/yWTUskCaJEvnKVV3H2CGKzNcp5U+SEEMzSUSHTUxcyWV42yFKq3G8IfomNCzZ4wt9MCFAAQgAAEIQAACECgSOGSTV8sP9/h0DF/86DVy9j9/Fv2Rg4fLk2+7PPpPLpoue958fPTXNWPisLFyxg7vk4M33ku2vu59pctvt/st3SABCEAAAhCAAARWi8AmX1xgxgdl1CwrkJlJvHiKUJSPl6KlgNbng91PdMyfo796zHCt+WSaP/iCpJq4iVk4Y+OMndZq0q5C977WHJ49E8G1ABIXAhCAAAQgAIE2JbDZ6PXlhJceJh2DOuSb//qNqCi67bhN5USzHun0JbPl4kevlVnL5lXe/RGbvUF++drTYu78R66UU/72w+iPGjJcFr0zW7/0sYXPyzbXHR3z64ox2LD5yDYHyVk7fkAmDx8nz5jZrZtd8+7S5Te7X12p7agt3mjF2qufuUt+9fQfZGjHEDl2q/3l9evvKD9+/Ea5ffqDpZ4EIAABCEAAAhBoHwKbnGkE16iBquFFVxuLiYobrs6Vot0EmutuFaftpyEE15oPpvGD92Jo2i/TR9NoYleMCVmbMjv7E+r80RwQXAMojhCAAAQgAAEItDuBW994vuy74a72Nu+c8ZDsc/tJ8vCBl8h24ze3sUseu1E+9KcLKzEMBMFV2Xx914/JKyZsERn0RHB904a7yG1vvCD2eNXNn5CXjdtELtvrFBvrXLXSirjTjMjNBgEIQAACEIBAexKoFFz1VlUojdNdG917SU21haVok0Bj3a3ROftnHMG15nOxD94sqPrC9OnJyCCIVocqsqawOho72LTZ2Z9Q6466nutzzHCNqDAgAAEIQAACEGhfAjpz88V3/EbGDx1tb3Jh5xI7A/W5w64Uzen2yLynZPvffdDaxV07C67bjN1YvrrLR+RtZtmEdFu6crmc+Y+fyHmPXJGGrd1shuupr3iPnL3jMXHMiX/9jhFcN5WPvuTgGDvkD6fJb5+7N/oYEIAABCAAAQi0F4GNzQzXTFd1yqh+C8bNeg3HRvfs6quyuUzOCdUuuP6GG1ph94VpVUt5htr+f0RwrfmM7IM3YzLBNYihhUY+3CBrihtnXCo0WJVUetsors+dOa5wQlwIQAACEIAABCDQngTO2ekY+cL277E3pyLi5/72I7n0VSfLB7Z6i3SZv4s+fv835Xv//m3lzbej4Dpu6Cg59RXvlU++7HAZZr7yn26/e/5PcsL9F8vjC6v/I6WZ4KpLNzz41u/LJLMO7EyzRMP21x8rm43eQP6w79dk9JAR8n/zn5EdbzhOVnR1pqfEhgAEIAABCECgjQio4Br1Vaeyeq01qKTmGMzK+65OlqINAmXdrfIk/T6I4FrzEeUffAPRNAknZnKm6qgtiCk1zK/7sXaWQnBNYGJCAAIQgAAEIDAACLx83GZmtsUgO5s13O5uk14qLyybK08veiGESsd2Elw7zP0fu9Vb5dydjpX1R0zI3asy+ORfvy3XPHtPLl50mgmuWqsv1Xr1lO3k7hf+Kcu6VtjhOrt4l0nbyB9f+LsVuIs98SEAAQhAAAIQaB8CG585384w1Ttymqid3+odjXiltCSYpgyqk6VoRSCvu6U91y0bwbXm88oefPWsgWQ6amomZ4myaRLzZi7VZYO6fIBucZ6r9RFcHRX2EIAABCAAAQhAoDmBdhJcT3r5EXYJgfSOdbbphf93lZz9z5/K4s5laarS7k5wrRxEEAIQgAAEIACBAUPACq4qqnoxVOVWa0Zx1C3pFPLVYGJxLl2KlgIi62841Y7Jvlmea7HOOAiuNR+VCq6qec6cXiG45gTTRosGFIrS88eUGubX/djzxW62psssKTA+HYkNAQhAAAIQgMAAJKAzHjvMP/oyo3Vx09mUS1Z2LxKuzr2tKcFV/1Nk/LDRouun6m9fbP+1/bvlSzvl16q94qk75P/9+SKZt2JRS6dEcG0JE0UQgAAEIACBAUtg4zPmGbHViKpRDHWCa35dV5+MNVW4qpOlaCGA4GqFvyJQDbpEcUbmKjtVc5Wst4FZ/HYd3hoKrhU8yqFyJKKIKTW8Yw6ZF2IaNDNcv4jgGtlhQAACEIAABAYggbdM3U2+s/snZcTgYXLKgz+Unz15W4nC9XufK0MGDbbx+UaQe+fdZ5dqQuAHe3zarNe5fnDlkD+cKssbrNVZpzY2NMbWYzaSj7zkINl/6u6y5ZgNZcyQkTJ7+QL594Jn5RdP3iE/euwGWdS5NB1Sab9u/R3imq5a8Mun75QfP3ZTZe2aEFw/8/J3ypd3/qBlvXJVl/xnwXPy97mPy83T7rfXFf8urrxCF/z4S98mB2+8V6w49aEfy/2zH42+GlWCq8ZfXDZfvvzIL+Tbj17brdhbV3DVtXKnjpysp7Hb/nd8LpgcIQABCEAAAhBoQwJOcDUqaFRYveCq92rFUd0lKmlilnGUk6VIITDFzHDVEDNcczRTeTAIhFpg/swcYIKrv/scnSikFqJBX3XhhKExsz7qhACCaxEhPgQgAAEIQGCgEXjgrd+TXSZuY297+tLZstk1R5VeZrT8yJtkqH+pkopy6119eENMDx94iWw3fvOYH3XlgQ1nn9ap1YYq+n5jt4/bt937L6XF86SGiq8f+fPX5aqn/5iGS3Z3Imo6oLvaugJk2jvYp77iPXL2jscEN3f8/YwH5dj7vipPLZqRixedb+9+gnzsJYfE8AF3fl5ufP7P0VfjZCPsnr/Lh3Ox1Hlm8Uw52AjlD815LA3n7Lr3+/ghP7PieGgy6Of7BpMjBCAAAQhAAAJtSMAKrip5quppRVc1EjfzrBXdzEssNzYJVJcnZQiumRKYcNOgS8T/k2/dNhdcK1iUQ+WIBZcLB8fTM26IiJktkdUjuDoY7CEAAQhAAAIDl8Cf3nKx7DF5WwvgucWzZItr31NaWqA/CK6Th4+Tq157huy9wU4tPSz9K+gzD3xfvmbWJW20dSeipuO6q60rQKa9g91McNWaBSsWy6tu+UTuhV9hbDi2IrgO7xhqOb7FzBDef6PdRV8kVtxmLZsnb7z9M/KPuU8UU9ave78IrpUYCUIAAhCAAATalkBOcNW71OUF9OB3mfwaoz6pftWWqKk+XYokAQTXqASmMDXoEgNZcK1Ek0mnKbCAy8fK7ELEzm7VKhtAcM1DxIMABCAAAQgMPAIqYH7rlZ+QkUPckgJXP3NXCcLaFlx1NqsKw7tPflm8tvlGfNQlAO6d9Yg8vnCa7Gxm6eoSA7pEQrrpuqTf/8/1aSja3YmosdAY3dXWFSDT3sGeMny8XdphSMdg2WnC1nLoJq+R92/15pC2x7tn/lNef+unzJ9y1X8ptiK45hoaZ/PRG8j39/hUid1MI7ruc9tJ8vC8J4tDpO79IriWEBKAAAQgAAEItDWBsuCqaqj/jpIxnTYaFNJwtCUNuCQ1SUUumjgIrpV/K2rQJeIfk9Y1XpssKTDFvDRLt9xLswosCm5kYgemu1xh5qTsrG1TPm8OGnueNVxTktgQgAAEIACBAUtA//yNfzsUKKxtwfW9W+wrP311tubnHLNkwFvMGqB/efFfhSsV+dquH5VPbfv2GFfRcOvr3mdnh8agN7oTUdP67mrrCpBp72b2m42AfMPeX5LBflaI1n7gvvPlssdvqRzWE8FVG+mL0764wwfkC684KvynkO2vs55fev37ZXFn/qVkde8XwbXycRGEAAQgAAEItC2BjcxLs6y8GkVQY9gfd9Qb9/KrZxALgxpbwSapKY9yEV+C4JrpgwlIDbpE/MPfusZrV8G1wKHgejbVUY8qMtNiV+nrzcFxyzJagOCqPNggAAEIQAACEOiOwNoUXPXr7/8+5Cey6agp8TL3/f3Jcvv0B6NfNH752tPsjNQQP/fhy+XUhy4Nbjx2J6LGQmN0V1tXgEx7d2d/ZecPySnbHRnLfvHU7+Woe74U/dToqeAaehyyyavN0g2nxzV7NX7K334o5z9yZSixx7r3i+Caw4cDAQhAAAIQaHsCG50x1wiqZhmBqJE6Y5Cu55rEommJeC8fTFhVJ3JR76jgqtvM6dOT8eueOWuGXr+RpsM6uP7+MrFaA8YbM2U7rwLqTVrVT43CpiWubCAKrgmghEt11GPydVlNoGcTXZFi5OrQd5kZrhOSc2BCAAIQgAAEINCOBMYMGSn6u6BzsSzqXFr7Ftem4KovyvqPEVz1a+9h01mrh//xDNGv16eb/uF50Ss/Jie87LA0LJ9/6BL58sO/yMXU6U5ETQd0V1tXgEx7d2dvM3Zj+ffBl8UyXVd1xxuOi35qrK7gqr3O3elY+fz2R8W2+qK0La97b26WcN37RXCNODEgAAEIQAACA4JAY8HV3L4VDxVDJhs6KF5NdCkXKu2TGp/LRbyD4JpphAlCDQbJ0BfYQ7vMcF0l2YOf5u7b36Y6ielydl8dzYqzfM7SGcHux/fyWfPyLLUQXBPEmBCAAAQgAIE2JLDPBjuLzvhcz6wPqrM8dbZn3W1tCq56rROGjZFzdjxGPv7St8VLX9i5xK5l+uCc/8TYd3f/pPy/lxwcfRUKP/Lnr0vVurRa1J2IGhu1UFtXgEx7d2fr1/0XvvN6GTl4uC1d3tUpw6/Yv3JYbwiuIwYPk38c8ENRoTdsJz3wvdwLyOreL4JrIMkRAhCAAAQgMDAIOMHV3GtcFskpoXavuzBjU80cEu/lg0lFOZGLeCfT3ZjhmsBTKdAJg3FupnXbVHB1t2rvPzELPBI3mLnizMlZVYKrX5ZB6xBcA0yOEIAABCAAgfYjoC+Qun7vc0Vnieq2rgqu4cmcaNZm/dqu/y/OhXhg9r9l95s/Jl3mb5ujt9xPLtvrlFAqTyycLvubdV4fXfBsjBWNdUVw1et+7rArZaORk+MtDP7Ffva+Y8AbvSG4aqvjX3qofGu342P7K566Q959z7nRR3CNKDAgAAEIQAACEKggkAmuqoCGXy+uWrcQiz007rfEDCF3LCdyEeNkgqtOdMxl8636uceSArUeUGGGa6aQZhNWc/2SgjQew9HIjzezWO1m0rkK8x8l9h8TnHYWSwqkSLEhAAEIQAAC7URAZ4RevNsn4i2t64Kr3siFRnD99LbviPd0/P3fkp89cZs8fegvZNzQUTa+ZOUy2fPm40W/et9sQ3BtTGfHCVvJQwf8IBb8bc5jssuNH4k+gmtEgQEBCEAAAhCAQAWBqaebNVyNzhnXHvWip5U+g/4ZZ78WJVFfEOpK/cuJXMQ4CK6ZEpjg06BLtN8MV3dfuQefMEjMAo/EDWYsdkZ0Y75KcDUxU6gv0dJ6BNcAiyMEIAABCECg/QisDcH1fw+6VLYdt2mEOerKA0UF0KqtTm0YP6xjiDxy0I9l6zEb2dC8FYvkJ0/cKp8wMzLD9l9/+5F85ZErgtvw+K7N95YrXnNqzOuLofQFUVXbOzd7g1xplmYIW7G2rgAZ+rR6LM5w7fj5fvZ/oBfHF5dVOODOz8uNz/+5WNatryuqzX7Hb+xyDlq8uHOZjPnlQfGcde+XJQW6RU4BBCAAAQhAoK0I5AVXvTXzAi2zWWE0qKMNBddYWVRibY+qYGhpCxBcVfnzrHIHDbpE2wuu0/warvGOcyAaRjNuGcDM0mEZQ611ORdzKQTXIml8CEAAAhCAQLsR6AvBdf6KxXL4XWfIYPNH80rx/3PXg9ty9FT5/h6fEl1zNGwH3vkFGdLRUXpZV53a0Cscj9r8TXLs1tVrmOryAu+652yZs3xBKDfnHyz6xZ+V5p+w6TILn93uXfLGDXYJIbnyqTvl0iduskswLF25PMY7zL3qi7gO2vhVMXbOPy+X0/5+afTrCpBh4M4Tt5bJw8cFt/K44YhJ8pO9Phe56j0eaITUFas6c/Xjho6Wb7zy47LpqCkxri8M+7/5z8h8I0zX2XTNXz2nCty6rTDrxqp43rnKMdT4knfdGK9J4x+876syfelsWRm+ZeVPuOmo9eVHe54kg/1/VGmvYQ3WoPVDOEAAAhCAAAQgsI4TsIKr3kNHeDGW/n3o7finojGSvxtj2N679/JBm3G7ciKNTJk61ZbNnB50tzSbtOnnJksKtPyAnPQZZ7j2kuDquiYX0UBwtTKr/W8jtVaZGa4Tk0GYEIAABCAAAQi0E4G+EFwDH31Z1S4Ttwlu0+PjC6fJVmPcH71NC02yTm13vfoyf+Q951iBNpyjp4LrTft8RXSt3brbk4umyxajN2xp2ALzgrGxQ0a2VNuo6O9zH5edbvhwLv3PA38k24/fIhfTpQdURG626Wdn1xv/X7MSchCAAAQgAAEIrOMEpp4+x8mrRlB1mqoKnj0QXJVDpVZaDqYRBNeSUqgkNegSbh5mcI3nhcT1NmjtD0zt1n+27GaLgmuWSa+2OurRmMIsn1kaDp4/mkPgaPnZsEYQXFPa2BCAAAQgAIF2I1AUXHVGps7MrLutePfN8cVbYWwrgutTi2bI5qM3aElErVMbrqE3j88unilTzUupwizMZr1VVNz9po/F2Z5auyYF12fMta40M0q7E1wD094QXN9x1xfl6mfuymE5dJPXyG9e/8VcrDvBVf/+fLvp9Ztn7s6Nw4EABCAAAQhAoL0IpIKr3plby9VLrlEZ9UaPZrnGJhFcGkFwDdpgxKOGBl0iCIXONR6Ca0ATGQVierRbS4Jrl0XKDNcAjSMEIAABCECg/QgcveV+ctlep8Qbu/jRa+QT918c/VYM/br7rLf/ulTaSHDVr4vrbMjzzHqot01/QO7e7yIZMXhY5QzXOrWlCzCB5eZcN5n1SS9/8nb50s4fjOu6VtU2is1YOkdumXa/fPKv3xFdp/V7e5zYqFReWDpXbp72Fznhr9+WucsX5upSwVX/fv383y5paR3ZVme46jq41z17r/z48Zvk4XlPyvVvOLfhTNJ/L3hOfm6YqLiuz//gTfbq0QxXXSbgkXlPyZce/nluNm9644dv+lo5Y4ejZbvxm1tRvpHgGp71Wf/8mbmP/0lbYEMAAhCAAAQg0IYEnOBqbiys06ozXdXVfVRGvdGd4Kp84hh1wlYOhkhZcNUxIRvG9/8jSwq09IwydbnHM1yzFuaMQZROTh7FVo35YhNTy3qatwaCa0INEwIQgAAEINCWBPQr/w+89Xvx3m42wuL+d3wu+q0Yr53yCrnLiKZhu2fmP+W1tzYWJUPdQDuqqKzisv6ZdTai4kB7/NwvBCAAAQhAAAIFAiXB1YidqqtayTMKrIkAGmNFWdTXJKXZqcrBEEFwteJfhspZGnSJ9pnhmr/RVHDNZwKL6qjH4osCozBGsaXjvB0EV+uana1xZJnhmrDDhAAEIAABCLQZARUBF77z+vg1eZ3NueW17xWdLdnq9pmXv1Mu2CVbu7P4sqhW+1AHAQhAAAIQgAAEIDBwCGSCq0qg/tccOhRBFFeDPJrG6giutpnucpt2RXBN9cGIR4MugeAaoTgj8opGpsHmxFYt9xzNwb8ny8UQXB1L9hCAAAQgAIEBQODhAy+xX/cOt/qNf/1aTjRfn29l22bsxvKgmSE7Jnnh0ptuP1l+P+NBO3zs0FGiyxZMGjZWfvTYDTJtyWzRJQiO2/oAWdq1Qv778ZvjV+/r1LZybdToS38HySEbv1p0FvJPnrjVLuUwrGOIvGvzfeTl4zazz0RfQsYGAQhAAAIQgAAE1jSBSsHVXESH116jCJteWBRiU9E1FWXT4mAneR9qLLhqQbk+dOqPR5YU6PapZAKp6qBBaX9hWtUfwUlt2jcXdk4+lPPMSPWNZG0OmRZrpFdbxgzXFC02BCAAAQhAoF0JvG2TV8s1rz8r3p7+BfCTx2+Vr//rannIvPypatOZsUca0e7z2x8lLzGia9j+Nf8Z2fnGj8jSlctt6Ed7niQf3Pqt1r5/9qP2RVI37P0leetGe9jYlU/dKUfec07tWjuAXbcE3rvFvvLTV7slIvSZbHLNkfZ5nLfzcXbsc4tnyRbXvif3cq9um1IAAQhAAAIQgAAEeoFAXnDVhnZuq1tWwGqeuiuIn5WCq471dYVyzcScc2Ik6G4zVXfLjcs5yaj+aSK4Nn0uBSHUuOHB963gaue1Irg2fTYkIQABCEAAAu1P4Pt7fEo+vM2BpRvVt91PW/KinZm6qHOpTBkxXjYYMVG2HL2h6IzUdNOXRO158/Hy6IJnY/ipt/1cNhu9vvVVyJ3663fKk2+73L4kS4Ozly+QyVcdZvN1au0Adt0S0Bdi6QzjsB32xzPk+JceKm/acJcQkh1vOE7+MfeJ6GNAAAIQgAAEIACBNUFg6mmzjbhqxM0ooqrQ6ddxjZqnE2Hj9cTagkYaFNM4Lo7wRjmx/tSpNofgmmOlAqUTKd08zOAaz38dfr0NNsyN6N+Ou5d4jcZdPcE16xetbAqrP41mPL0wqdUyNXE7yLGcdvakeFkYEIAABCAAAQi0J4FRQ4bbWa77bfjKHt2girEq5t06/a+58V/e+UPyue2OtLEbn/+zHHDn5yUVAS9+9Br5xP0X23yd2txJcBoS2H/q7nLDPl/S/3SRWcvmyebXHiXv2mwf+fGrPmPHqNCqgisbBCAAAQhAAAIQWNMEGgqueiFGZ3USqe4LYmml6OprCqXZPZUTjQVXHVWuz3r1L4sZrk2fR5RFXZVxawuuuRbOyYdynjmP+iqqOtNlUwfB1T0M9hCAAAQgAIGBQ+CAjfa0L8DabvzmLd20vlzrO49eJ+c9coXMNIJe1bb3BjvZNVyve/Ze+9V1XVf0wI1eZZcduG36A/rXSBxWpzYOwmhK4KVjN5HXmDVcf/3MXTJvxSJbu+ukl9g1XK82sbD8Q9MmJCEAAQhAAAIQgEAvE2gquBq90+mqKnwWxM9KwVUvztcVyt1ll4MIrtnf4I6R3Xth0Njxj3Rb50RCja47M1wLN+jdxoJroT5QieFoJP/5oqCyuBuivvKyh4yjjrKxLntghqujxR4CEIAABCAwUAgMHtQhO07Yyq7Nqi/F2nrMRnEJAGUwY+kceWzh8/LYguflr2Zd1kZC60DhxX1CAAIQgAAEIAABCNQnYAVXHdYRlg1woqh+M8dqp/agMRfPncGLrvmM9/JBP6wcRHBV8a+0eZXQxBFcPZzIKRpWMLXZSrHVs/MoI0cdpfXmV1MIrp4vBwhAAAIQgAAEIAABCEAAAhCAAAQgAIFeIRAFVxVPrYDqRNEouJqz2DVe7dkKgmltwVWb5HvkBNdyulSvJf1xY0mBhk9FZc1k826vznBtJLiGuOqrUZ41TpdexCrRV2pNZw3X5OFgQgACEIAABCAAAQhAAAIQgAAEIAABCKwugQ3NS7Ps3NaS4Go6B0HVH4tiacjrNWQyqreyQOES8wkEVy9A5ik5QVBjUSi0dcazIuIAW1Igx8g5+VDOs9Qsuyi4RoouZwRX9w+Cq3JigwAEIAABCEAAAhCAAAQgAAEIQAACEOg9Aiq4qgRqZ7FaYdUJonYfhFZzTKLZyUNex2fRzMsHfUU+iOBa1AotJg26RJQKrWu8AS24ZrAyS1HlPMvO4fJxk48Vq8y8VuMguNoPGjsIQAACEIAABCAAAQhAAAIQgAAEIACBXiaQE1y1t3mPgD3YnRdHEVwtk2Y7lhRoSCdKna7Cu9VLChRqQ88YjkYioGaxUO7kVOMFIRbBNUODBQEIQAACEIAABCAAAQhAAAIQgAAEINCnBJoLrnpqFV3NDNc4MTUa7rp8Ih/1Xj7o6u0+SzDDtUovtHKiS8S5mdZt9xmulTDsjFT36cny0Qqiavx4uYwLq21+3Y9v0eV1WEd2+lmTivOzYycMCEAAAhCAAAQgAAEIQAACEIAABCAAAQjUImB0qA1Pd0sKqKJqZVAroAZbu2kUwbU7rsxwbUhIRc9k8+7qzHDNdawluJqROtvVNlDBdZXMOG2SrBqW/R+A5EoxIQABCEAAAhCAAAQgAAEIQAACEIAABCBQi8Cg5atkg7NVcDV6UxBcU9spsKZn94KrnjhTrTIrCSbXluWZ4ZpTDwMjDbqEm4cZXBULXW69DTYMxf38WLhB764VwdWzSwXXmZ+aKCsnuXU0+jlILg8CEIAABCAAAQhAAAIQgAAEIAABCECgnxMYPLtLpnx9jsqp3QqutsTeTyaWOjfzM0sz3ssH7ZCYMx6Ca0GPdIScqKo2gquFEHaKxEvR1rQzVr0VAi5vuXqO5uBc5wdb2c4+Zpws32povgUeBCAAAQhAAAIQgAAEIAABCEAAAhCAAAR6QGDY4ytk0qXzo+CqLXLiqxVLdWd+3Y+ztTBsfg1XdW15iAcvH/TZLIjgatW/SM0bThhUZ8ALrpFPNJx4GpC56arBy4jZcs/RHJyrNK1lhVq15x8wWhbvNSIZjwkBCEAAAhCAAAQgAAEIQAACEIAABCAAgZ4RGHXvUhl3wyIjjaqa6kTQYFsv6qLmG9daEk+TWWGcppJo5uWDvkMWRHD1+p8n4w8adIlMINSU8QbakgKRTzSCZOpY5QTXwCzg6/I1jQXXJTsOk3lHjHV17CEAAQhAAAIQgAAEIAABCEAAAhCAAAQgsBoExv9qgYx8aLnRTI0AmhNcVTzVWGjulrjMJrPGhCuIY0O9Hn1NodQPiIUlwTUZWqyNg/qhwUuzGj6UTCi1Jd5teQ3XODwameCaE1u1u6vJwqnganL2x/cxRSper5zQITM/M7Hh1ZOAAAQgAAEIQAACEIAABCAAAQhAAAIQgECrBKZ8dY4MntvVa4KrnjfTVxFcHY9ARI9Gxh4zZTuv+GnaiYBq5TctcWXMcA1kMmzRypRVX+SZxYLuBVcd+OJHxsuKTYeEE3GEAAQgAAEIQAACEIAABCAAAQhAAAIQgEBtAkOf6ZTJ35/nBFI7w1Vb6LxWJxC6Wa+hbWszXF2HMKZVwXVDe96Z06aFgalqa3NZov9azHBt+Gyi+ukqvNvTGa65bnUEV1/rBGzTRRuZmB4WvWaELHjr6IZ3QAICEIAABCAAAQhAAAIQgAAEIAABCEAAAt0RGHvjIhl9z1IE1+5AtZhHcG0IKieRhom74gTXVfLCtOnJyEKtZmLIGdG1uZwXizMdNpnh2kRw7Rop8sLnJxeUfj0BGwQgAAEIQAACEIAABCAAAQhAAAIQgAAEWiBgZKr1v/SidCzxElO3M1z91+H9pNWSMJUt7urnx+o1MMPVUQjQPMMBvaRAoo/2J8FVVnXJ/IPGyOK9jPLKBgEIQAACEIAABCAAAQhAAAIQgAAEIACBmgRG3btExl2/0GiiHaUZriqUWmkwirDa3IuFQTt0o7KzIrgKM1yzj0PBSlTWxCwLrkky7RDDzoiu1mRTWf0IXxOL1DC/+tNkhqsKrp3m5VmzPsMsVw+SAwQgAAEIQAACEIAABCAAAQhAAAIQgECrBIz2tN5XX5Qh5mVZrQmuQWU1R/djzhRi/qQIrgiujT9/Knr6LTH7XnANJzNH/TGCq4vo3sXCGq4quGp04T6jZNG+rOUaHhdHCEAAAhCAAAQgAAEIQAACEIAABCAAge4JjL5tkYy5Y7GTTFua4RrE1d4UXPU6Xd/1p7qXZr1gXpoVzpQZWV33d7Z2K5jhWsnfSZwx5V09rD91qtmna7gWasOgGHZGdDXfdIZrqDRHNU2tW9HVOjFmZdggxprj7I9OlBWbDg1n5wgBCEAAAhCAAAQgAAEIQAACEIAABCAAgYYEhj6zQiZ9d47ROt2yAY1muHZoh7ikQJBBEVwbgjUJBNdKOkH09Env6sEp7eZlVfGlWYXa0C+GnRFdzVcIrjaf7bQoiqv+FVomZiytsUKr5v3sV3NcsdEQmf3xSeF/CJgiNghAAAIQgAAEIAABCEAAAhCAAAQgAAEIVBAwstKkb8+Woc93NhFcrdQqTnA1PexSAVWCq/YP8VCnsTSa5l0uv3d5Zriq8FfarBpoo+GL8FYgNDu3FukqWW8DnRrc37fk5grmmhNcDSMVZs1vWXBVfm45ActVhVfzu3SXETL/neP7O1yuDwIQgAAEIAABCEAAAhCAAAQgAAEIQGAtEhj3y3ky4sGlRkM1QqfOcNVfK5qqby7M6p9FwdX57rJdnS2zgcxywmyscoZrWAz6nB7ceATXRIjM6GjQJRBcA5XAI/iKqAjP07LhJKd15rdVwVXZL37tKFl44LjkZJgQgAAEIAABCEAAAhCAAAQgAAEIQAACEHAExvxuvoy6e7FxnNDamuCqAmsiqqpA6n481iSX1GXRzPLaauFxuDyCa6ILZoQ06BLtK7j2zRqullq2c0h7ILiqQLv4daMRXbMPJRYEIAABCEAAAhCAAAQgAAEIQAACEICAIWDF1rsWefFUBVcza9Vond3PcLVFCUP17Y+PGSdsCK6s4Ro+C/mjE41trGD21UuzMq01PaGxW5zhqkK3W7ZBh5jlBXYdIQuOmJh+8vO3iAcBCEAAAhCAAAQgAAEIQAACEIAABCAwMAgYiWnsr+bIiAf8MgLmru1yArpCq9VSu1tSwBYlrJzamsmsmZXOhM2imcUMV8WoPAzzMVO2S5XAMJE1Aa2mlriygTPDNdy3HpMt0go80lxM+mDzJQW0OnbRWa+6maP7x9hduuiA8WzK7Gyuy7xIa6gsPHSCdG42TEewQQACEIAABCAAAQhAAAIQgAAEIAABCAwwAkOeXi5jrplrXpC1wkh8KrB6sc9qoMbvULHVyn8+p06M2Jz1k5mrWu1/PE3bzNlJXRbNLNfQD4sHl2dJAa/7RS7W0KBLeAnRuyoGuty6/9Ks4pICeuMVMGIo8LCA3M4po2nAdbClcaAVTrW3lscuYaw5un9MGyu4arlWabHP6dH8LnnTWFn8ZvMyreSznZwcEwIQgAAEIAABCEAAAhCAAAQgAAEIQKDdCBiJaNQt82TU7QusgGqXDfBCqgqoQWbtVnC1epLZJUJqUFszqSmz0rosmlnV+pTLI7g6BbDwUfSCn4mq5Gc3e3DCn0bXZcFV72fK1P4ouAbuylmvsssKrVaANb4+i67xHbLkDWNl6WvGIrwqIjYIQAACEIAABCAAAQhAAAIQgAAEINCOBIwWNOKeBTLyDwukY16XE1aNnpkJrh1eE1WR0/x2N8PVaqG2QUJL/VRiskUunwizWdRbWSDppaZLILhaYa/AxoqsLtE2gqveYnKvPRVcc22cKprA88zsITmZrXMiqq/w16Kexn1Uj0mtE1y1RJ+Cy4XZr12jBsmy3UbL8h1HS+fmw5NrwIQABCAAAQhAAAIQgAAEIAABCEAAAhBYVwkMeWqZDPv7Ihl+/yLpWKyakZnDquJnmM2qRyuG6lHvUnNBfNUyDfpfn7ee3ZmlB3KbCbofPyZJuuY2oEPd5q0sEBK5PIKr0/oKcDToElbo06x1gzi4Ds5wjfegRs9nuOrYiMwLpRpzm2eWFYSEGaSzVUOVMaytO2WqcX80dW7zrFVs1V9bokeTtwM0boOycsJg6dxqhHRuOlxWbjhUuiYNkVVjzO+w+G+M78kBAhCAAAQgAAEIQAACEIAABCAAAQhAYK0TMJrOoOWrZNDCTumY3SmDp6+QIc8skyGPL5XBc1eaywuiqprG9mu2qs4ZxdcorGowCK7JOK+k6mjdXHlZcM101YKKmiV8B9vF9koCzo971yMIrjOnTYuZ/JjCubKqfmXNmjHdXE9gaq7ZX3Zg6gLGG1gvzdJnZFVJ97ASs+9nuBbPbQRXH7LyaXBMNAinWuBymtS4BmzE2bZAfRd3NVoa6sLRnSj2ta7ro2P0x+/iQQ0b1lTcQq0LVFXE0iojPU9VvmasfH01G1AOAQhAAAIQgAAEIAABCEAAAhCAQFsQWD25LqpmNVhkEpsdZFvkr8J5xd7GtyE/PoqYxi/EbYUGzW/IWVsb2IDGfU6PtrGvtzV6qlBrrtI18THNaSwVXG0klGlSK7LNj9dAlvFWFsjqkyoE10oVS4MuEUU26xrPqnjrygxXfebJDSbmmhdclaS5gMAxXpoGlKseQo0tMgE3KzYVXjXm2pgaHWQPWq89/NF4rqGNetvVaspu9lzRCYa200Fhp4bfbDA42TEXtneY5bAgAAEIQAACEIAABCAAAQhAAAIQgEA/J5Bph5mVaIeFq09qQpEJpdHg2VgiWkZlM4qlprW19RQqpOoIf7SmyqfGsI3MDFZb5vKhVkOuh9ZpzgY0GH4S29VohdtssR+jEef7pO0X7CzjrSwQSnLjS4Jrqb4USPr0H5MZrg2fRU4R9GJiLy0poOe0Imc4uTtXFkrObQVO7wex07q6ywRXa8e+TkR1/Uxd7KG2ui5mx8ScuyaTUUOL7MHW2JgL+6B1bK0b4CtyThjleoXhWbQbq0Gv4qgWy4rD8CEAAQhAAAIQgAAEIAABCEAAAhCAQCTQso7XcmEUOuM5SkbSy5tWKLV1JhBjGlDf/zrP+q7Eiamhxi0d4MbYflGQ1SE6wvWxY5OcjducWlqjPYLtHR+x8RiKhs0GJTYf9V4+6OrDiYy3vn1ZvUhcUqBUXwr4Hv3rgODa8HkUlDzvrrfhhvbDOXP6dCdc2vGFWo3FUDSykM1n8VBsI9nOdrbCp21nEj6nWqjbsuUG7FqvIezXfbXzRkM/jWneD16la75asdUGfVgrzK/+ZCexdVqlCdsj1LigjUczGK4wy3k/hkOdPVZHcyV1nF5uV+fU1EIAAhCAAAQgAAEIQAACEIAABCDQzwn0umZXbhgjqRHtIh+XsHu/SyJG8XSejnJiavBVaLVRJ1kaZ1D46r/aNqVLARhLf3IxGzI7k3dpU+eWDQg9Xdx20cHazW/OzkJpzpT4RD7qvXyw0G+QTDG6m2pSs4zuZrdSfSnge/SvA4Jrw+dRUO28O3mDDaSjo0NmvfCCdK3UxYh1K9TmQlkus3RIzrM9bCTbaRe3WWHU16sdhwYR1ZTZoBdEE3HVtdO9+bV9fK21XaMoroaYG+TPrSP9eNfFtsqSrofz0316nWk82I3Ghbw5tlDiqrPCzEr6YEIAAhCAAAQgAAEIQAACEIAABCAAgYRAXrbLe0lZ3myprEGRCbtMo7zGfc4csioVTtOAs+NMVR0VBU7NuV+zd7Yd68TXOMbU2LzPZe0TwTXtGXupoZuew/44V52w+XHqJtHMywf9KBfsGDxY1lt/fenq6pIXZ8xwuVJ9KeB79K8DgmvD51GQ7rw7cb31ZMjQoTJn1ixZsWKFH12o1Wgu5Jx8KOfFAVY3tV2TfBBKtakWuB87xkusZolWrddf3WtBEDx9hc5otck0HholNa6F62Jt3YW87eB28ULdgDhMszGnI4tbOVJRVByU+BXjkywmBCAAAQhAAAIQgAAEIAABCEAAAhBYfQI1hL1SaSmQFx8rRUk/JslloqbmjEhqS0Kdhvz6rL7Qy6quzhabWnN0I/z4OEYJmUxHzCbnUFPjfqw7sfHDZnLuxwTc+JDxF2ndfMZ7+aAf5oJDjd6mulun0dtUd6toYkKVDXyf/nNAcG34LArCnnfHTZwow0eMkPlz58rSJUv86EJt6BnD0ci0xUSUdOWuJgtnY+LMVDvaxPXHpnUXxFAXDxKnRldZEVa7W8+n3OAwq9WODr1M02Cmfez1+QvLzmujfmdH2SG+Q5pMbF+nkcRMChIzX5D3kjJMCEAAAhCAAAQgAAEIQAACEIAABCDQRwTK8l45kjt1Lp1zCmUmF9PR8DVeHFXPi51BNrWDwlAvijrx0/VIZ7FmcTdAc/k+Pm4vJIzXc9oTW8OZLqfRcNGZBpvmNJ35meXH5QMa9JtLjBg5UsZNmCDLli6V+XPmuFxpTCkQmvSrI4Jrw8dRkPi8O3rsWBk1ZowsWrhQFi1Y4EcXakPPGI5GpjN6ATOUBgUyC2djwoxRFzF7LXI/ZnhRTNWOWmnitlRt3bKY6xfE1SCR2mJX5utjJlyUbRX62SK3M3kXrcj5Xr4gGZSZ2ajMyrJNrJrlTTqRggAEIAABCEAAAhCAAAQgAAEIQGAgE+iRjucGNR2aCJBlvF7+rKwxXX3j3JIBMWi62XFZj3g1Ju5aasRHizEbNjv7o07ok/U1lhvtmqlrNjsw0VWd73KazvySlQVieeinAdXcRhvNbXGquZXGlAJJr/5jIrg2fBYFNc+7w8zs1vFmluvyZUtl7myvttsehXqNxVA0spDNZ3HbwmRtJNv5sKvL9sYKKwTEMZp1FaGJzmK1ESuYhpyJuWAY6c9h1oP1JaFPmAVrC3wySKtukJ4y9I2jYsoZsWmlmwYLlYU+q+H2WePVuCaGQgACEIAABCAAAQhAAAIQgAAEILBmCPSBRpdvmffsTZVCxUAicOqARKi0rhc203gQXoNIaYeEl2RpCzvGi62xnzmvsfXs2exXPYPZXIMwysXsMq622sazOpfWs+gW22dVrsAnXJULhTHFUj8gFMmESZNk2PDhMs/Mbl1uZrnaLd/IhEqBOL4/GQiuDZ9GQaXzri7gO9ks4LvKLOA7Myzga3sU6jUWQ9HIQjafxW2LIIHacCFnhM0sYtRWdXyd116NHy1ja70pcD+uOIqjzXP20lxztw/jfCwc4jXb63BeiKVeqT6XbOYkjROz2QhyEIAABCAAAQhAAAIQgAAEIAABCECgVwjktL2c07S9q/T1lcPyQadRJrFoesMUhFC0guJpjz5qiqzVSk47+r6utx3s9Uz/8qxwl6Gf9V1dHBNqwtHXunwMOiMf9MksOMW8qH6QeVH9i+mL6rN0qT50749HBNeGT6Wg8CXuxClTZMiQITLnxRdlxfLlvkNSkPaMYWdEV2uikBkG+JpYFA0voCZ1Yaw5apWttLHCGF/nqvw5XbEZ42rj2NDTnsZnQ8wUhfpwFfasroXvpBkf0GMwswGJVe4Wk03HxSpjtFyYDsKGAAQgAAEIQAACEIAABCAAAQhAAAIVBErqXkWNCTUoc+GmyWRwodq6+bGZuKrDQn1SozHzm89orFxvZ7f6HiZrNiOqhtLMMHE72FaoFc5rAzanMVcV9i6Xr7Vjs4Sz8kGfdcGhw4bJxMmTpbOzU+bMnBlHhlM2CWSpfmQhuDZ8GAUxL3FHjxsno0aPlsWLFsnC+fN9h6Qg7RnD0chkwiBmxnpXk4WzMUGc9RVuhBbanyCOalgrXJUebS/runhm6phQp0Pc7Nj03DEfy6KhJzK9vR+ONmoz0bJGKIvRfJ8Y7s4onae7AeQhAAEIQAACEIAABCAAAQhAAAIQgEAPCOTEybrjnYho901ExtjVn8vNTo1Rb5gGvoeTVp0f2+aWFDBD1I9DtMrX2wF252POjnNZ1Y33HETcNGZsfyGxLFyYpnTLEoWMP284vav2excck2hti4LWVqovBXKd+pOD4NrwaVSIgj40xKvuK1d2mmnOQXWvqNfeMRyNJJTFssvwMqdNJXkvNmYRYwUB0hw1bnMhFs7icz7pqnSoz0fRVH3bQK/EGVqTtYtJLfCbjgmdQkyPSW1iZhVVY7KsteK4aBQKcCEAAQhAAAIQgAAEIAABCEAAAhCAwJoiYMS+FvQ+V1JRmAvlHNc2ipX5XBAxNZ3JoL7GHpwd1nfNRFuNm1/3Y46uzgaSuI2GnD26ulCdjVPOJup+PPRY5XzfJx/1Xj7ox+vBJSavP0UGD3bfJu8M3yYvjSkFkj79y0Rwbfo8CmJf4rplBQabhXznyrKwkG8qNIa+cUw08lVR0cwPyMLZuLy46eO+MAinzg1j9JiIpnpmm3JHlT2ta0+tMRd3V5LkbJHurOHSurfl+ZjzfCyfKo/3nWJZNHzCHiqDaQE2BCAAAQhAAAIQgAAEIAABCEAAAhDoYwIFsS9xEzO5hopoDGXSaTbAxGI+RDVgfn3cHRKnIJDmxFZb5kdEO4x153fhLObO6vxcziZCXbgc74dL1WNtwdX1GO5fUN8uywkoCgRXpdBwK4h9iTtyzBgZM3asLF+2VObOnuM7JAWhZwxFIy9bZspqrkcWzsaF6aYu4uMx3eX6qm8Gx7BVRQu+ninWJZXZSV1B2ieWRUO7FM5lAzac28UhzohurqiBk7umBjWEIQABCEAAAhCAAAQgAAEIQAACEIBAXxIoq6GVZ8vLkJlImS+uqKrsb+rSFonAqv3CrFZrW2E2qw8D7fBkXPRjqVtUwJ3HZsMpo4Dqrt3n3EHP7sJhn1x/PuO9fNCPcsEJkybKsOEjZOGCBbJk4cLQsXSKikBW288sBNemD6QgDaau+SCtp29PM5+NOS/O9i/PSgt841zIOflQzjODkhprJnkvPmYRY0VHRVXv2OVYo2d7uqGa9zXhEAXNGPAXrpUuFkvC2Fih7bTGVPrhWaoUiKd2Nb53NqDnVvnkPe/FSAhAAAIQgAAEIAABCEAAAhCAAAQGDoFEKOzpTee1xMRLTNe7FPCTQn28dC0unoWTmbExGGpCj3AX6odZs75GUzoulrqa4IeETcf+Sb9sqO0dMvaY1Pv2+ZosmAwbJO5lWZOsrvTijBnmmOhJpTGlQNKrf5kIrt0+j+RBa23ijjYzXEeNGW1muS7zs1yTZOibC2VOZmnPnGdPYiMxHA1bm3neigGVSI2jftIzxFyZTbqrswGbzfnZPfp+mnWDU8OOcS1cMpZkGWtlY53bJFhdGoblTpBzQgVHCEAAAhCAAAQgAAEIQAACEIAABCCwGgQSUS8x04YNwr6kIpsLOScfSoTUeCJfEQ9hhDlaMxwTmTSU2IIgtmo+JozjxrmYj9uDs33E1RWuJdNUY1Ws8MpxeiaT83UV5W7gIHGzW4fL4oWLZJGZ4Rq30phSIJb2RwPBtdunUhD2Utd80tYzi/oO6uiQ+XPnytIlS6q7xTHRyAuLiTjqGri6LJyNC0JqFjFWdIJ4GmLhqCXmn6QunsfGwjh/+VmhFW7jME37el8ZBpjeuap8OrvA5FqzEjey2fistrbVtG3TZO1TMQACEIAABCAAAQhAAAIQgAAEIACBtUmgiSjXJLV6V5yTM7NWufPlnKzGWG5ZgGLe+EnImUksUz59WciFQf6abDjk9LTOzq64kHMVWqgX5o7OcfsYioarSWrzGe/lg77vIBkxcoSMmzBBVnV1ySx9KX2qLZXGlAK+T/88ILi29FwSYa5gjhw9WsaOGysrV66U2TNnmc+G/T5/vmsyJiiO+VDOM2Odb/cxFQ37Acw8b8WAF0/jhzTkXTyGgwhq07prIrrauwl9w63FE4ZA4bqycLifcMo0k7eznpmVr2jZW+0GLZ+JQghAAAIQgAAEIAABCEAAAhCAAATWNQI91O/yw/JeDkEulXNsmY0kQmU21teag7O8HwqSMTGfxOIoO97u/MhgB7nVjXYncbaPVIqtXqvNeoXr0WNy/tjDX70ty4Jx1KBBHTJpynoyePBgWTDfrN26aFE6ItyGr69oEDv1TwPBtaXnkqh3FeaEyZNk2LBhsmTxYlkwb151xzguGnn9MVNC/XhXl4WzcUHxzyLesgdnO9PHw5lMs6TEnCf1k3H2CoyfLy7U+8sMvXNuQbwNOXt05ymauZKSk4xJctXRpAATAhCAAAQgAAEIQAACEIAABCAAAQi0SKCxrNc4k2udK8s5scxFzb6UTgIxncS0gxU2XSxmvNiZixrHhUOVHjVof5xt++lON1dn94l4msu5kljrcurGROGWfDxLxyFqjB0/XkaOGiXLly+XuebdSKWyXCDn5Pr0VwfBtaUnU5D2ElfNIUOHyqT1JluBcsH8eVZ4LbVNxoQZn/lQzjPDnW/3MRUNk07y9mTGj+lE8IyKrU8G0VXHxFwwm/W0A+yZomXL40ljLl6ISVVlG0Vtg+oBSe949kIMFwIQgAAEIAABCEAAAhCAAAQgAAEI9AaBFgS+hiXlRIyUjeRifdIcYlliOdNlYt6IndFWyztlsdWcxgujriQU6ulzkVjnLiyr81asd3l1G2WysbHWGyq0jh033p569qwXpXPFinDpriJrqScoDl8nfM2237kAACXJSURBVATXlh9TogRWmO7DMs52mztntn2RVql1HOeM6IbCRAB1IV8XC6Ph04mwGqTNWFKevRp7pqJrOs6MTTtqvfVjT9chCKY2HHPRCEX+aOI+1agiFhRGltzGDUqlBCAAAQhAAAIQgAAEIAABCEAAAhCAQI8JtKzzVRfGaNmouCRT5H6SXBzoc4lvqtzar2rokCzn3A4NZltDsVVL3Fg3LuvjBvtcDEfDp/N+5mVWcml2zLDhw2XCxEn2tAvmzY+TFpMR4ZLcOYoNfLS/HxBcW35CidpXbcoYs5brqFGj7WK/KrquMAp9bovjohG0SFfWSHDVbBwSDRNzdhbxlj0kucT3JwpDfWM/zp8niq5J2F5A4sca19BfX1IQ4v7oMj7fuKxyVCHYO27L19A7p6MLBCAAAQhAAAIQgAAEIAABCEAAAn1MIKfa9cW5WjxBLEtnoFZdjymMtS6fG2FzSYE3bU0MB8OPtG6IaU9jux9n+5AewsljdTJbNeSysVm9HWrdOLJwGz6epe2QoeYb4iq26svnFy9eJAvN2q1hy5U2dkJ5vz8iuLb8iBKFrtq0ncZNGC8jRoyULvOGtXktiK5Jqyig5i/JVWRabG6EHZOPGC8GElk0a+Dbm1ys01DiRCE3idmSgm9H+VgpVQpoh3gal21Q4ypXc9+kd5PUap6U4RCAAAQgAAEIQAACEIAABCAAAQisbQI5wa67i6lV3E2zVPRsVFo4n3dzQmsYmhNAVQINxWkPZ9t9tvMdTMD9ZL5aSZ01bSxaudrsEop57ZPFMss2cz2SoIqt443Y2mHE1qVLl8j8ufl3ICWl/vr8ZYR7Du46ckRwbflBFVS6xE1M2238xAkyfPgIO9N13ry5+eUFYnE0UqnTCqj5S3J1dh+HRCPWZxFvxUBPRVe9imRsvCjTOPYOwaTO5ooFRT+M80eTzioyq1CFCwEIQAACEIAABCAAAQhAAAIQgAAE+gmBKH8WBMKqy8vJiabA+D6UZTLLdkjETPVd1uxzZTHq47mkiSX5MDCWJLnCueJJTEksT6zi9WU12ZW6GrsXXUZg/PgJdmbrsmVLzQTFuS7h97nxOUcLSoHc2P7qILi2/GQKQmDiJmbsFma6amDBPPMirSWLXS4WRyMRG01JftqpG+MrslQ21hbEGam+PHSMZakgGoNZbxPKopnlgs5Pom5cdjHhpOaYnEejuUE5JxnTxCycowcdmjQnBQEIQAACEIAABCAAAQhAAAIQgAAEGhMoSX0lYbLx2CzjuxSaObcQ1EE2lMVjXRbyrWOmNMYWtCq22nMWm/veMRwNf25zSFjks97zh5EjR8mY8ePtbVXNbLWnz7pW6Kv57mlpf7YRXFt+OhVyXxJKzNgxrulqIksXL5aFC+YbPdVUxuJoZCEdXRAawwBbHYdEw53PjMlHjJcLJPlSf3fOrDyzbHPrJuPdGeN5U9cH7aHQpXA9WlKqcMP7al913311LvpCAAIQgAAEIAABCEAAAhCAAAQgsHYJJKLgmrmQgjjY0C0k9OJsKB93ntnnw6E4GVIo6FWxNV6cGm5LuObPnHmDOgbJmLHjZMSokWbMIFmyyKzZuiBbszW2CoYes+FJtDKY5PunieDa8nOpEAeTUGImHVfJyFGjZOy48VZaXLmyUxYvWChLlyzxNdmozDKpSmHQVdh9LI5GHJNEtFFB00xE0wbnyIfz3Zw+mvRI7rT6mrXA9Sh0ciNbD6ZnwoYABCAAAQhAAAIQgAAEIAABCEAAAmuZQIUQWAhlbmaVLjoRL0POVZt9aVgWcMMyP4wNM09dxudjWTS8WJv5bnxWn2Uyq3gO9fNZ540YOVJGjR0jgwcPthUL55tvfpuJiMXq0vh8s8p6HbMubAiutZ5ShUKYhBIz6bpKhpiFgVXVHzpsqI0vX7ZMFi9cKCuWrzB+NiqzNJzzfD8Xy1KFGp/Iot7KAvZ80bVG9LJzmFAWzSxf4JMNhFcdWTEkjk2SDcsaJrIueav2gPxwPAhAAAIQgAAEIAABCEAAAhCAAAQGMIGS0teYRZPSfCrv5RraVDnvIj6eS2eOtbJd0tYEfZk7eEcrrJn50cqJvTEaNNswMDmHhpK6XGaQ1b1GjRlj12zVlOpe+m3vzhWqf+mWjXV+EimnKuvDuP5+RHCt9YQqhL0klJhJ1yw6ctRoGT1mtF0kWAtUeFWFf/nSpbY+qzRupqranNu5CruPxdHwJUmNjfh8riwRS208l/TnMzW5cM5JLsfFK7KmxkSrE/4c4ZAvynuhpoVjjwe20JsSCEAAAhCAAAQgAAEIQAACEIAABNqHQKXA19rtlYeWI7lONt24xmV8vlSWBRrOalUhMzc8G9Oa2KpX68YkemqMxXvJJ8MpZdiIEfYb3sOGDbdtVnV1yaKFi4zmtSgODf2TQBxvY8klZzWVwSzdjy0E11oPp4Gil4QTM+mcRQeZD+fo0WNkxOhR5oPlPji61MAyI74uM8LriuXLs3F5xdPHXS+7j22j4WpanOmqxXFko3OZglhju+e9fCgRcm2iuPNjK1oUKxv7zQc3zzbuSgYCEIAABCAAAQhAAAIQgAAEIACBgUOgeymv+4qGtOzQ5uNd1tdUlmbBTOfMYvHcPpllvBUD0cgEzqyhb5ONqaiOp0pntw4dNkyGG6F1+PDhZumAIbZGVaGlZq3WRebXvsMoG2msrHMIx0g0QkaPlcG0oF/bCK61H0+FpJeEEjPpXI6q8Krruw4361oMsR9MV9Nl/i+ATrVeYX5Xdna6XxPT/zuQfVhdrd3H1tFw5y2Jrhr2NbHUGXk3evnrN+F8Ju/F4hh2RnRjQZVhqlorrBpMDAIQgAAEIAABCEAAAhCAAAQgAAEIrHkCUROMRsNryCq8lQUKY7KEtbJduc6XFkYkWmUpY3JZzDXMmmQZZ6l2NaijQwbr75Ah9neoWTZTl87sMLEwvlMnEpr3Fem3uDPtqnC5FQJqPF800jGVwbSgX9sIrrUfT4UyWAgVXH+G6qgKjbq2q06/Hmb+74B+gO1WmnFa/RV/V5b0tmYy0zTpY6OxNBp+6YDM94FEAzW5NB2cJBYKbCjGo1FN2VxbNxXV43LR1e+Qa4cDAQhAAAIQgAAEIAABCEAAAhCAwAAk0HOBL44siZkpxlhlBdHMy6xMkwzfiTbjbdrVxMrceUxtTOj5vGMOSRfjuHjc+7JYlfjhqlVwzW/G9yGdJLjcfEtbl8m07ygqluYGlpO5SM7RgaVArtu64CC49ugpVYh8SSgxk+7V0bziuEo6zBvc9P8UDPX/56BjcIf5vwaDzb8X7l+gRD81vV3P2qKrXlW8nBZ72DsxtXFcMH0giYdMPE2DnG3ZaJe/0fS0jUYQhwAEIAABCEAAAhCAAAQgAAEIQAACvUagUvYriZCNTudH5w++OOmcmFH81Cobd8lYUjp3Krb6qniIo0wvZ8d9TPlIwbenNzGVZnTGalfXSula2WW/hb3CCK36zeyulSvDRWp5E400Nnd1fp+L5pymzXI9+rOD4Nqjp5NTEF2HQqjg+rNURzM1MctnVhhaiphEFsvrk1ncjk6SWSazkjaxZ8xaI3r+YtKDz5lDdVV1NO1g7VJZKVAaooHWqiqHEoQABCAAAQhAAAIQgAAEIAABCEAAApZASfNryKVQWXAbDmswazPTUJs0yoqSLkl9YqbKZwwn4931xUzQYv1lZ/F4H8nYfDbxEjOOi0Y5mYvknDCoMhiS68QRwbXHj6kg9TV3/VkKRem5YyoaZTExEU6zoUl9Zpp0znHlfnw+4718MI7PhSvPn11JPKcZlBuXlli7ebZU3ijQS20atScOAQhAAAIQgAAEIAABCEAAAhD4/+2d53rcRtJGIYrKVLBk2d81+Lv/i1qvLVs5UeRWdUKHaoRJ4gzPWERX7saZ/fU+WAwEbgmBnWp8/WEuk9LJsCGbYmfVk9xkZKKsjM1m+E2yutHUwvYMVW9ZEbwyWM2wk0W0cLS9CVQzj8NFcN34ezLUvipUuWEnO1oqlGPNaMX2JiKJMVZqomM83eaU6KpFRcvojFasKSJpfGmEmnIpSwpvycyiAQcCEIAABCAAAQhAAAIQgAAEIAABCPwkAtPiYMq2xvR5M6EztdZC5JiQWaOTrGzGuFnKVjrsGE+1VX9ZkXmZmXqdYSea6HygHHskHoLrVl+UIRBmoczMdrGjriClklGG45RSVQ3RsadMj/HYHn8US/0ym3mZ6ft8wA430bRVaVR14laRsny1t9tpq7enAQIQgAAEIAABCEAAAhCAAAQgAIEjItCofRuf3U1qxjWBiflSm5WP5mi55sIdndGSqkos9ZuGClmK2srze8xVjLP87Ppa9ufZIlM4WtUE8tajshFct/q6DIGvClVu2M2OumRKJaMMq1cqqi7vL2OPs5KbjKx2nNNms0hmmnvkE11t05BXdGyjZ1moM48wBCAAAQhAAAIQgAAEIAABCEAAAhDYjoAp/zXBJrBwU+kzWsfQaLmBhVs44xhTaNXuUC9Lp3M8czWjrC9njU211XZlnWNxU9YExtojsxBct/7CppVBIxt27GSKcOG0T4OawuvY46zRlX0Lx58jm9Fms0hmjsjG4GiNWb+dmcmKtjX3PX/b89EPAQhAAAIQgAAEIAABCEAAAhCAwM0nsG+xT+YbW7ShKlK4hVOOq4RSzzurFzPzJF16rt6YUVZlXmaW362daKLzgXLskXkIrlt/YR3BLwtnZrabHXUFRapwWsk0E0zH4WOPs0ZXSgonaxnjoxXTVaRyfVUZLL04R9aUSEaWxIQABCAAAQhAAAIQgAAEIAABCEAAAsdMICiJjaDo76kNt5FWCy1rCs8QSeudypKiewRdFrl4WZl5mTkOiFabbCJNQHvNYBx6dOveBFdV1pykFi7XThi8Hn79/f+ODtL8gQ3xMAtlZjWqnxmFSW0p60pP000k7DPGnTW6zczQUMwqyseCZDnDLpJUm2gj5ah23qIOYwghCEAAAhCAAAQgAAEIQAACEIAABCCwawKZKJiZvV3sEjva6o1tXRExBFJ/jqxKzMyTdOmlc1ez2qoskpmpPxl2sogWTmw0gzF5lKsluPq7jPeq653hzsXrPzL1S8zMG+9cgzFxywVXhRJRlKZmsk9WlEWdWaQKJx/tu3YpuurEal65u9+yuMGJUEz5dfGksm2Xnn2EXe7ALAhAAAIQgAAEIAABCEAAAhCAAAR+FoGoae15/+ltprO29mn3FNFKHB1vsagyfjerzKe+al5bVUUqN82xb6iMruwdZx+fheC6s+/MUPGqUOVmO/czpbJa1pWejKtE0mwDTSbXWaNb5FJRNKqZRVuscWsn0wkXrclZVZy6cmP7Cfk0bAhAAAIQgAAEIAABCEAAAhCAAAROkUBX+1t8sysmTJbaySZaCaPlMbNqMTNPykqv6KtmtpVVpHKLWcY+TXkT0AlmsBx9hB6C606/NEPuy0KZaew6kS1ShZPJqGFkJZCWG1W9pSulTaBqL/OlV5Z6b6ZiJm1N3Dx20M02PyadEIAABCAAAQhAAAIQgAAEIAABCOyIwIHFvNnt+gVmphJEWyhZl5iZF0rbSJpRzW4rq0jlpjnOsJNFtHDy7m4iLzo6G8F1519ZJexNu9XuVXGeLVKFY8ukC4VXN6kcJ7s2gfwk3jbmL+gKc5ZXuoaV5e1hiUAAAhCAAAQgAAEIQAACEIAABCAAgQ0JrNYE5xu6FZUQap846xYz80J5G0lzjPltdRWp3DTLGXayiTYBbTaD5fgj9RBc9/LFVQrhtFudoCrOs0WqcGyJ1BBF83G5sJqmJUMrC6dsrb2JvVZMyaZu1pUNwIQABCAAAQhAAAIQgAAEIAABCEAAAjsmsF4knOwwBND+gbNJYmZeaGkjxSxjr7Yji2RmMSc5dkETbQJxQDcRC4523Vxw1VtuNDENxOBt+tEs6/uPHEJu2s0GVIVZxplFunDadOydEEN9STnHeWUoTDKDcZd2nd3X2r0dQwQCEIAABCAAAQhAAAIQgAAEIAABCNxUAotlQ0PwnL4nY7KE2mgbKeYa+9odWTQzi1nJsQuaaBOIA7qJWHDUK4LrXr++SqCcdrOTVIVZxplNugyUXtY8K4CWnc4rQ/mwzN7AnD3LBjNDS/fIm4+kEwIQgAAEIAABCEAAAhCAAAQgAIETIbA3qc8QNtchmziZpNpsGyn2M85jd1TRyi1mOqdfUGQKp54ymayLj85HcN3rV2ZIf1WocrPT9DOuqEk3gfSscTZUHkBu64q8PXyc1W3vJtrxSyOLzrp0GHUQgAAEIAABCEAAAhCAAAQgAAEIQGBDAoZ4ueGkqq0jPIawnbWjxWDjvHZXFa3cYqZz+gVFpnDqKZPJuvgofQTXvX9tlRBZubq9EQqn6mdcQZNuAv3Zi8TMdl44mJ/bTy87fxzGCgEIQAACEIAABCAAAQhAAAIQgAAETp7AjNAo6emK6azDZwitGrc7q2jltl9Hv6DJNIE4rZuIBSexHlxwffXb78Odzpd/EkSbmzBUyWWhMMkozvcw022wjcTx3Uy+i9j9upRJRtVququKzQkEIQABCEAAAhCAAAQgAAEIQAACEIDAzSKwQlCU0unq6Wxx3x2tzZ5QRSu3mJucflGTaQJxSDcRC05ivZaHHP/+8z9yL3eCBir37f+5mL9JZSH5i9d/ZApZMLOIL9ZADNo/mvXy19+Gs7tnvvzWXCOT7IaXhUKDUZyNcmZT0gTSN1O3+v623qxLwen6Ils4acBKYydDVu5JOQQgAAEIQAACEIAABCAAAQhAAAK3m8AORMJsRGZ2sM5XFI2rhFbtrOZXbjHbOdMFTbYJxIndRCw4mfXqx9Xw5q8/5X4OKLi+ePVqOD+/dzIQl91IRyw0wkYo22I6ayuqbU8bybeYzGaFtbmur1vdTdT74UMAAhCAAAQgAAEIQAACEIAABCAAgZ9EwNAPjdDM4dZ3uIEdkTVuZk+topUbe8u1X2RmzKBO7CbK7U7Eu7z8Pvz799/uvv3/y1/u3//LWCiTHT7h+uz5L8P9hw9OBOGa2+goiUbYCGUbTWddoVliBm2NNu626D2vsbi32vv2qreNH3a3bU9LPwQgAAEIQAACEIAABCAAAQhAAAKHJnB4+W9HO04Irf0djIwRar+DfpGZMYM6tZtotzyRyLcvX4d3b/9x9753wXUQ8U7/e3JxMTx6cnEiCNfeRkcONMJGKNtsOpsKzTIzOC28xoE7EWDjsN5qn69XTRwCEIAABCAAAQhAAAIQgAAEIAABCByewAGExAmBNd5v/xRGxgjFOeXaLzQzZlAndhPldifmff74Yfj44YM+vyoIlIGukYb6+vHxrd/hGgXX+w8eDs9evPCzb+W1IygaYSOUEZvOZoXja3Xng8uEV51zEPG1OPAWzgpWW+xCKwQgAAEIQAACEIAABCAAAQhAAAI3kUAUuW7i2bIzLRBYY3X/joyMEYpz2rVfbGbMoE7tJtotTyzy7t9/h29fvwgBYXAowfXu2d3hl9evTwzl2tvpCIBG2AhVm81XpAaz1Ay6ln4mTSyNoxJhy6PjQQACEIAABCAAAQhAAAIQgAAEIACBgxJYIbDquaYlTCNrhPr3N11sZs3g/En7ZziNzD///e/w4+rHYQVXRffi1a/yw1nnp0Fx47voyJlG2AhVu85XFA3d8m7CtU9nix1KByG25IEHAQhAAAIQgAAEIAABCEAAAhCAwO0hsFJYjWC6emYs6Emw841pgjemG8ysGdRp3US152m6l5eX8oNZf7mb2+ETrjrvKhDTN7ZGUywR3WLkydOnw6PHT2L2Fq+JUMnACBuhsid5yyvHLyg1Z8b8nPmKbNwaE4F2DS1qIQABCEAAAhCAAAQgAAEIQAACEDgkgQ0F1LkjLpcqjUojNLffEnHUHGsGdbduYv4oJ1Lx+dPH4eP79+5ukuAa/vfi6URGZ77m4vUfmb4WzCwyctGg/0tpFdAywfX83v3hxcuXY8utthKlksK6cNnrvM4Ao3JZ+cp5MnR9R+9wxCEAAQhAAAIQgAAEIAABCEAAAhCAwOkQiLLb8jvqdHTC03Pnm7oV6xPTRzmx7L9v3gyX37+5u+oLrgrRg1z4o1k6T2U2/5cEt0pw1fSLX3mtgNLyn0QqBjYJl73J68xO+Qmj29pNTAxrU7uZ0s4lAgEIQAACEIAABCAAAQhAAAIQgAAEDk2gq0WuPsjMpJl0f7v5xsmKbrKb6B/lBDPudQJ/yesEAo4DCK5C8foqPPEoMpv8e/TkyaCvFuATCUzIj51UJxwHVuu66qrZa+hN0ApsuY81cmXs559g5YEphwAEIAABCEAAAhCAAAQgAAEIQOAgBG6mNLjgVAtKbIDLG7uV3YTuOJm0j3SiUX2VwOePHwMSJ7eKLa8OCIj8otf4J1b5SgElI7KWqWxp0P+ltDPkDa7u3ZziyL87Z3eGl69/G+7s6b0XesLj+yRi7dE3S7Vz7C/NqJsITZzF7lrdYI8hCgEIQAACEIAABCAAAQhAAAIQgAAEjpZAUN6WnH9FqT1u3YBudTehu04m7WOdaFQ1zzf//VOeNxUNzGERwdVpnuIETH7Ra/wTa9eCq/J9cnExPJI/PjmBGXFyIj2RyjcI9rpqY0AZ2sm4nQwpz4UHAQhAAAIQgAAEIAABCEAAAhCAAAT2QiAoabuYvbNR6wZ1q7uJeLOzBbHwVqyfP3wYPsqf+zg0P1Fw1adqX/76u3va9VbQX3WTC8THTkknPLP7Zl2TQ/cwcnI/khCAAAQgAAEIQAACEIAABCAAAQhA4CYT2JtOuW7wZPXmyZtMfm9n06da3/z1H32bqv84fnsTXHUPeY2AX5wt7xTwkSTEXQ8PHz0eLp4/1yo+JoEEy8y6YKekE+7PSZnNO9OITY2fuPWmR6YPAhCAAAQgAAEIQAACEIAABCAAgVtGYFKUPBSLdYeYrZ4smEwe6oZv5D4f3r4dvnz+JGcLjGRxb3DNXingM5GhriFivlJAb7MRyDQQgx3BNfVJnYiwz169Gu7ff6BRPpMEItdOUSfdCXeGWOHtJ1hTiUEAAhCAAAQgAAEIQAACEIAABCAAAQgsIRDFuiW1Zc1s52TBZLLc6BZ63759Hd79/bfop8pJ/gKunyC4Kn0R8KKGJ4Lr3fO7wy/yA1p8lhKI8Iz6zVLGoLnQxEZzreQhAAEIQAACEIAABCAAAQhAAAIQgAAEJghsL3ROTphMxmMtKorFt3L9R34o68fljyC4CgKHzMmtISYB/y8mw+rZ2j+apSgb3U0DMRiecHV1EnOvFAhNqUSNq+HhY321wC+a5LOYQIRoNEykYvWCklg6s+5u0sxGpCEAAQhAAAIQgAAEIAABCEAAAhCAwIkS8CLcNjc3O2G2IO6+uDA23Lr1w9t/hi+f9FUC8iNV7glXMR22THANcU8zMtU1RLZ6pYAiF7HVFFzd067+rbJPnj0bHj15qtV8FhOYETtn0nGbhWWxfGbd7bSZzUhDAAIQgAAEIAABCEAAAhCAAAQgAIEjIhCFt90deXbibEE8y+LC2HAr188f3w8f373z935HBNcgoO5RcNW9VHDzf0l6c4Zc3FOuumqdftSOP+N1PTx98XJ4ID+kxWctgQS037igRJsXlvX3WZ05/I6rj0gDBCAAAQhAAAIQgAAEIAABCEAAAhAwCRxepFy046KieEOrimPTrVy/yg9kvf/3jdx7YFYJrvX7WxWSr9Rr/NOoeMufcNVyFdC8iJZeKuBcucwIrtr99MUrEV0fqclnNQHPfbZtYZnOWVE6uy0FEIAABCAAAQhAAAIQgAAEIAABCEAAAssJBFlvWcP+ipftf+JVXz9/FrFVfiTLfQLsRYJr/GJ0jbYpuOpkFVDdDtVFgz5hC66azhvlCdfk+46n8j7Xh4+fVHNxlxPI+S7o2m/5ggNQAgEIQAACEIAABCAAAQhAAAIQgAAEIDDKcQtYrCrWeasbFhzidpR8+fRxeC/vbfUEA0f3jlZ9pUD4iO8yLi5WLIuGW0NQWownXHVQUOkasU4DMRgkV+fKxf1Tx9s6xdvjawVcVl4zoKIr73T1hLa7KtGVn5UtK8tXHoZyCEAAAhCAAAQgAAEIQAACEIAABCBwWgRG2W3FfR2uacWhTr9U39nqxFZ5mtV/BeGLqJ5uVYXVv1JAmUiN/+dth0n7Qq9a7SsFtCrIbI3apoEYTM+4SkhiLqyxaIc52XtcNXLl8tfDo8cX7r2uGuOzLYH4naycs2Fbb5cdj+ttQxwCEIAABCAAAQhAAAIQgAAEIAABCBycwCin7WjrjQdu3Lijg5/GGH1f6+dPH0QdvTNEuTWJppXg6p9vFe6K3j3lGivjd+ESCcwWgqtqrEFiKwRXmZ29RsApsZkfBVc9wfn5+XDx/OVw/8HDdCCMbQjsQPLcwYhN7uAnbbvJUemBAAQgAAEIQAACEIAABCAAAQhA4AgJRGnspxx96823HvBTbvsmbvrt65fhw9s3w+XlpT9eElwD4/jagPjEqvg+I1c1kuAa6t0Ul0i3uyPBVeYFUdWLsCKfOQVNL2o7x9tyvXL+GH/85Onw+Nnz4ezsrmT57JZAZL/h1C3bN9yVNghAAAIQgAAEIAABCEAAAhCAAAQgcLwEci1uo7vYesBGu55y09XVj+HTu7fDJ3mNgPsEYfUsCKjxmVUvqAYB1X0N4XUC2qS14auJMmwYpklvqrXulQLapwqcV+HS1RlyCWvzWoFKdNX8dRRhdZXXDtw5OxuePH0+PLp4JmfPXkqrW/LZEQH3Be1oVmfMAbbo7EwYAhCAAAQgAAEIQAACEIAABCAAAQjsh8Cope1nvpt6kE32eP6bOfpadMfPH94NH9+/FQlSfmtKdcf4lKqsXjiNKqqu8c+bKe9K5BJWt7hbVmv0NNQRXDWlQqiu9UeDPpGuzpCLD8iiRvRjMP54ls67bp5yVdHVfeRGH188HR7KU6/n5/d9jOseCITvZQ+TNxp5w46z0T3QBAEIQAACEIAABCAAAQhAAAIQgMDNJlDqYjfgrDfuQDeAyW6OcHn5bfgiT7N++iBPtMYHP+NDnk5wlXe3hjXtGPMqoLqvJgqyUhH8uI7fnFqjp7M2FFy11Stk6eqeVNW4ftwzrKEkKmmyxpsLYuyV/IRWGfNSbYzpu10fPHo83H/4eDi/h/jq2R7yGr+7Q+7JXhCAAAQgAAEIQAACEIAABCAAAQhA4BQIlCLcKdzRTb+Hy+/fhm9fPg1fP38a9F2t7uOeYhUrF1fFPpP/onga60bhVL4790+/w/A9OtP7ITLmYo0bJB32KwU0G8S2RnOLAb+mqzPkEtYx7i2/nwqsYWcRX+U511Cegk6AdV4SZ7X+ajiTH9i6d++h/N0f7rq/8+Hu2T15CliU5qQ+h9kseyAQv6M9jGYkBCAAAQhAAAIQgAAEIAABCEAAAhA4CQKjFHcSt3MDb0JfEXB9dT38uPo+/Ph+KX/fhu/u78tw5X4IK3tVaUds9bLp+GoBr5eWfSq0+m9Trs4YVx9XONGKqwe2geCqjSq+eQEuXZ0hFx9weR/SawzKmoRUtfVfK7oW73eV7vjRWv/xvcl2hsTqj8Cf/5Q1pTffTQUEIAABCEAAAhCAAAQgAAEIQAACEIAABCDQJ1DKkVrXRppueciy/cRYWN3ibX1mtfi4J1plp+rJVq12tVlv8fSrni0KtfGcsTasbnGbqTV6cf8JwVVLRH40FcgYDK8AcKUaC3G3eNtVJJFVCztPuaYZOka7wqws7mMxHlet1yL9qJEcFyldyVVpX7Sr62bDN+va1ZmZAwEIQAACEIAABCAAAQhAAAIQgAAEIHBbCLTy4NI737xzdgc3Opufmb5XAyFY5KKTv2s1xrRD7CC8xlWzXnANdW7JxFontoac64+nl1iY5bNZTSwJ69aCq87xgqFcc2E12K3gqtVaq4te1AxPuTonxFzO264o9shaiLEad31+Ka+ak798jCtoAkZNOWn3nnGG3W/CRAhAAAIQgAAEIAABCEAAAhCAAAQgAAEIdAhE0bCT3nXY3K4KOlcvVVzPkkLJkFCodaExrsX+6Vbt83FfGcRVjbmwj+p498kF19AX425mKAvN4rkhKarGloKrjsjkz1wkdXqiFxX9KwJygVHsILbG1f2Alo7TTxRiY41TTLP+FC92V0eb9ZJ9aj+mevGYz1epXVK+pCYfiw0BCEAAAhCAAAQgAAEIQAACEIAABCAAgWMg0OqK7amTgNmm7EhvaB0XPwt5kTVMzEVRV+QLa7FVq90PZakRe9yaDZb+1KezUkpt7+RXHZUVeVcjF6//f0JNDAqiKSTGYEdw1S2SMCo1rjz2xJz4qUY1Tf+ftupnfJdr9u5Wn/LXNC7mtSmmUjLvmLG1Z5O+mbF5es/j862wIQABCEAAAhCAAAQgAAEIQAACEIAABCAwSyAJi7OVGxboBus3ScJq0RqfUK2PEoru+PwonOrO/r/UEYXWKLy6hIqtasQ5+aZim4JrXhOma+n2gqsOi6KrqIlOUIyqYvS1JKsJ+8tPinkriK7a5atif/Ddj1+NsdBULN7Ra/aO2BXiaTm99MbZlrWm1uonBgEIQAACEIAABCAAAQhAAAIQgAAEIACBYyJgCI3d44+1o9UtzhKh2i3ZO1a1Ig1KRugTX35sS/8bP95PkSiyBmHW14WOlNNo7JDVmXFqjOc1foq7avm04KplIiiammIejGKqlmu8zHlXYv7fmHdlKrqG+pAvRddqdvZErDT6TxML81w2t2NDvY41yUpGXYsPAQhAAAIQgAAEIAABCEAAAhCAAAQgAAEIzBII2mQuUY5C5lR33pHb0hNF0bxdYyHuq2NPJrbGkFNPRcDNfGfGS1zTfAmYs7XAFadKZ0jof5a43h+E6lt0AAAAAElFTkSuQmCC\"></em>\n            </p><p class=\"ql-align-right ql-direction-rtl\">في الدرس القادم، سنتحدث عن <strong>إدارة المعلمين وتوزيع الصلاحيات</strong> لضمان سير العمل بسلاسة.</p><p class=\"ql-align-right ql-direction-rtl\">\n        </p>','تعلم كيفية تنظيم مدرستك تقنياً عبر إضافة المراحل الدراسية والفصول لضمان سهولة إدارة الطلاب والأنشطة.','http://localhost/pe1/uploads/media/media_1773005528_9cf895da6f.png','الدروس','published','2026-03-08 16:35:19',NULL,'2026-03-08 14:35:19','2026-03-09 07:18:30',1,NULL,0),(3,NULL,'الدرس الثالث: إدارة المعلمين ومنح الصلاحيات في منصة PE Smart School','teacher-management-permissions','\n            <p>النجاح في إدارة القسم الرياضي يعتمد على العمل الجماعي. في منصة <strong>PE Smart School</strong>، يمكنك إضافة زملائك من المعلمين ومنحهم الصلاحيات اللازمة للقيام بمهامهم بكفاءة.</p>\n            \n            <h2>1. إضافة معلم جديد</h2>\n            <p>لإضافة حساب لمعلم جديد، اتبع الخطوات التالية:</p>\n            <ul>\n                <li>توجه إلى قسم <strong>\"إدارة المستخدمين\"</strong>.</li>\n                <li>اضغط على زر \"إضافة مستخدم جديد\".</li>\n                <li>أدخل البيانات الأساسية (الاسم، اسم المستخدم، كلمة المرور).</li>\n                <li>تأكد من اختيار الرتبة <strong>\"معلم\" (Teacher)</strong>.</li>\n            </ul>\n            <p><em>[اقتراح صورة: نموذج إضافة معلم جديد مع اختيار الرتبة]</em></p>\n\n            <h2>2. توزيع الصلاحيات والمهام</h2>\n            <p>المنصة تميز بين نوعين من الحسابات:</p>\n            <ul>\n                <li><strong>المدير (Admin):</strong> يملك تحكماً كاملاً في إعدادات المدرسة، حذف البيانات، وإدارة الحسابات.</li>\n                <li><strong>المعلم (Teacher):</strong> تتركز صلاحياته في رصد الغياب، تسجيل القياسات، وإدارة التدريبات للفصول المسندة إليه.</li>\n            </ul>\n            <p><em>[اقتراح صورة: جدول مقارنة الصلاحيات أو واجهة تعديل مستخدم]</em></p>\n\n            <h2>3. ربط المعلم بالفصول</h2>\n            <p>بعد إضافة المعلم، من الضروري ربطه بالفصول التي يدرسها. هذا يضمن أن المعلم يرى فقط بيانات طلابه، مما يقلل من تشتت البيانات ويزيد من الأمان.</p>\n            <p><em>[اقتراح صورة: واجهة ربط المعلمين بالفصول]</em></p>\n\n            <h2>نصيحة تقنية</h2>\n            <p>ننصح بتغيير كلمات المرور بشكل دوري وتذكير المعلمين بعدم مشاركة حساباتهم لضمان خصوصية بيانات الطلاب الصحية والبدنية.</p>\n\n            <p>في الدرس القادم، سننتقل إلى الجانب العملي: <strong>رصد الحضور والغياب وإدارة الحصص اليومية</strong>.</p>\n        ','اكتشف كيفية إضافة فريق العمل الرياضي وتوزيع المهام والصلاحيات لضمان إدارة احترافية وآمنة لمدرستك.','https://images.unsplash.com/photo-1524178232363-1fb28f74b0cd?auto=format&fit=crop&q=80&w=1000','الدروس','published','2026-03-08 16:38:16',NULL,'2026-03-08 14:38:16','2026-03-09 07:18:47',1,NULL,0);
/*!40000 ALTER TABLE `blog_posts` ENABLE KEYS */;
UNLOCK TABLES;

--
-- Table structure for table `class_points`
--

DROP TABLE IF EXISTS `class_points`;
/*!40101 SET @saved_cs_client     = @@character_set_client */;
/*!40101 SET character_set_client = utf8 */;
CREATE TABLE `class_points` (
  `id` int(10) unsigned NOT NULL AUTO_INCREMENT,
  `school_id` int(10) unsigned DEFAULT 1,
  `class_id` int(10) unsigned NOT NULL,
  `total_score` decimal(10,2) DEFAULT 0.00,
  `average_score` decimal(5,2) DEFAULT 0.00,
  `total_points` int(10) unsigned DEFAULT 0,
  `students_count` int(10) unsigned DEFAULT 0,
  `rank_position` int(10) unsigned DEFAULT 0,
  `last_calculated` timestamp NULL DEFAULT current_timestamp() ON UPDATE current_timestamp(),
  PRIMARY KEY (`id`),
  UNIQUE KEY `uk_class` (`school_id`,`class_id`),
  KEY `idx_class_points_school` (`school_id`),
  KEY `tmp_idx_migration` (`class_id`),
  CONSTRAINT `fk_points_class` FOREIGN KEY (`class_id`) REFERENCES `classes` (`id`) ON DELETE CASCADE ON UPDATE CASCADE
) ENGINE=InnoDB AUTO_INCREMENT=24 DEFAULT CHARSET=utf8mb4 COLLATE=utf8mb4_unicode_ci;
/*!40101 SET character_set_client = @saved_cs_client */;

--
-- Dumping data for table `class_points`
--

LOCK TABLES `class_points` WRITE;
/*!40000 ALTER TABLE `class_points` DISABLE KEYS */;
INSERT INTO `class_points` VALUES (1,1,1,55.00,6.88,69,21,3,'2026-03-06 12:12:26'),(2,1,2,134.00,6.09,61,30,4,'2026-03-06 12:12:26'),(4,1,3,167.00,5.39,79,8,2,'2026-03-06 12:12:26'),(5,1,4,193.00,6.03,60,39,5,'2026-03-06 12:12:26'),(6,1,5,87.00,4.83,48,34,8,'2026-03-06 12:12:26'),(7,1,6,101.00,5.61,56,5,7,'2026-03-06 12:12:26'),(8,1,7,177.00,5.90,59,7,6,'2026-03-06 12:12:26'),(16,1,8,0.00,0.00,0,0,9,'2026-03-06 12:12:26'),(17,1,9,9.00,9.00,90,22,1,'2026-03-06 12:12:26');
/*!40000 ALTER TABLE `class_points` ENABLE KEYS */;
UNLOCK TABLES;

--
-- Table structure for table `classes`
--

DROP TABLE IF EXISTS `classes`;
/*!40101 SET @saved_cs_client     = @@character_set_client */;
/*!40101 SET character_set_client = utf8 */;
CREATE TABLE `classes` (
  `id` int(10) unsigned NOT NULL AUTO_INCREMENT,
  `school_id` int(10) unsigned DEFAULT NULL,
  `grade_id` int(10) unsigned NOT NULL,
  `name` varchar(50) NOT NULL,
  `section` varchar(10) NOT NULL,
  `active` tinyint(1) NOT NULL DEFAULT 1,
  `created_by` int(10) unsigned DEFAULT NULL,
  `created_at` timestamp NULL DEFAULT current_timestamp(),
  PRIMARY KEY (`id`),
  KEY `idx_grade` (`grade_id`),
  KEY `idx_active` (`active`),
  KEY `fk_classes_created_by` (`created_by`),
  KEY `idx_classes_school` (`school_id`),
  CONSTRAINT `fk_classes_created_by` FOREIGN KEY (`created_by`) REFERENCES `users` (`id`) ON DELETE SET NULL,
  CONSTRAINT `fk_classes_grade` FOREIGN KEY (`grade_id`) REFERENCES `grades` (`id`) ON DELETE CASCADE ON UPDATE CASCADE
) ENGINE=InnoDB AUTO_INCREMENT=16 DEFAULT CHARSET=utf8mb4 COLLATE=utf8mb4_unicode_ci;
/*!40101 SET character_set_client = @saved_cs_client */;

--
-- Dumping data for table `classes`
--

LOCK TABLES `classes` WRITE;
/*!40000 ALTER TABLE `classes` DISABLE KEYS */;
INSERT INTO `classes` VALUES (1,1,1,'1/1','1',1,2,'2026-02-14 03:42:23'),(2,1,1,'1/2','2',1,2,'2026-02-14 03:42:23'),(3,1,1,'1/3','3',0,NULL,'2026-02-14 03:42:23'),(4,1,2,'2/1','1',1,2,'2026-02-14 03:42:23'),(5,1,2,'2/2','2',1,2,'2026-02-14 03:42:23'),(6,1,3,'3/1','1',1,2,'2026-02-14 03:42:23'),(7,1,3,'3/2','2',1,2,'2026-02-14 03:42:23'),(8,1,3,'3/3','3',1,2,'2026-02-15 10:22:05'),(9,1,2,'2/3','3',1,2,'2026-02-15 10:22:13'),(10,1,1,'1/4','4',0,1,'2026-02-20 23:58:53'),(11,2,4,'1/1','1',1,14,'2026-03-03 19:00:14'),(12,2,4,'1/2','2',1,14,'2026-03-03 19:00:21'),(13,2,5,'2/1','1',1,14,'2026-03-03 19:00:30'),(14,2,4,'1/2','2',0,14,'2026-03-03 19:00:38'),(15,2,5,'2/2','2',1,14,'2026-03-03 19:56:15');
/*!40000 ALTER TABLE `classes` ENABLE KEYS */;
UNLOCK TABLES;

--
-- Table structure for table `fitness_criteria`
--

DROP TABLE IF EXISTS `fitness_criteria`;
/*!40101 SET @saved_cs_client     = @@character_set_client */;
/*!40101 SET character_set_client = utf8 */;
CREATE TABLE `fitness_criteria` (
  `id` int(10) unsigned NOT NULL AUTO_INCREMENT,
  `school_id` int(10) unsigned DEFAULT 1,
  `test_id` int(10) unsigned NOT NULL,
  `min_value` decimal(10,2) NOT NULL,
  `max_value` decimal(10,2) NOT NULL,
  `score` int(11) NOT NULL,
  PRIMARY KEY (`id`),
  KEY `fk_criteria_test` (`test_id`),
  KEY `idx_fitness_criteria_school` (`school_id`),
  CONSTRAINT `fk_criteria_test` FOREIGN KEY (`test_id`) REFERENCES `fitness_tests` (`id`) ON DELETE CASCADE
) ENGINE=InnoDB AUTO_INCREMENT=7 DEFAULT CHARSET=utf8mb4 COLLATE=utf8mb4_unicode_ci;
/*!40101 SET character_set_client = @saved_cs_client */;

--
-- Dumping data for table `fitness_criteria`
--

LOCK TABLES `fitness_criteria` WRITE;
/*!40000 ALTER TABLE `fitness_criteria` DISABLE KEYS */;
INSERT INTO `fitness_criteria` VALUES (1,1,1,10.00,11.00,7),(2,1,1,11.01,12.00,6),(3,1,1,12.01,13.00,5),(4,1,1,8.00,9.00,9),(5,1,1,9.01,10.00,8),(6,1,1,3.00,7.59,10);
/*!40000 ALTER TABLE `fitness_criteria` ENABLE KEYS */;
UNLOCK TABLES;

--
-- Table structure for table `fitness_tests`
--

DROP TABLE IF EXISTS `fitness_tests`;
/*!40101 SET @saved_cs_client     = @@character_set_client */;
/*!40101 SET character_set_client = utf8 */;
CREATE TABLE `fitness_tests` (
  `id` int(10) unsigned NOT NULL AUTO_INCREMENT,
  `school_id` int(10) unsigned DEFAULT NULL,
  `name` varchar(100) NOT NULL,
  `unit` varchar(30) NOT NULL,
  `type` enum('higher_better','lower_better') NOT NULL DEFAULT 'higher_better',
  `max_score` int(10) unsigned NOT NULL DEFAULT 10,
  `description` text DEFAULT NULL,
  `active` tinyint(1) NOT NULL DEFAULT 1,
  `created_at` timestamp NULL DEFAULT current_timestamp(),
  PRIMARY KEY (`id`),
  KEY `idx_active` (`active`),
  KEY `idx_fitness_tests_school` (`school_id`)
) ENGINE=InnoDB AUTO_INCREMENT=6 DEFAULT CHARSET=utf8mb4 COLLATE=utf8mb4_unicode_ci;
/*!40101 SET character_set_client = @saved_cs_client */;

--
-- Dumping data for table `fitness_tests`
--

LOCK TABLES `fitness_tests` WRITE;
/*!40000 ALTER TABLE `fitness_tests` DISABLE KEYS */;
INSERT INTO `fitness_tests` VALUES (1,1,'جري 50 متر','ثانية','lower_better',10,NULL,1,'2026-02-14 03:42:23'),(2,1,'الضغط','عدة','higher_better',10,NULL,1,'2026-02-14 03:42:23'),(3,1,'الجلوس من الرقود','عدة','higher_better',10,NULL,1,'2026-02-14 03:42:23'),(4,1,'المرونة','سم','higher_better',10,NULL,1,'2026-02-14 03:42:23'),(5,1,'جري المكوك','ثانية','lower_better',10,NULL,1,'2026-02-14 03:42:23');
/*!40000 ALTER TABLE `fitness_tests` ENABLE KEYS */;
UNLOCK TABLES;

--
-- Table structure for table `grades`
--

DROP TABLE IF EXISTS `grades`;
/*!40101 SET @saved_cs_client     = @@character_set_client */;
/*!40101 SET character_set_client = utf8 */;
CREATE TABLE `grades` (
  `id` int(10) unsigned NOT NULL AUTO_INCREMENT,
  `school_id` int(10) unsigned DEFAULT NULL,
  `name` varchar(100) NOT NULL,
  `code` varchar(10) NOT NULL,
  `sort_order` int(10) unsigned DEFAULT 0,
  `active` tinyint(1) NOT NULL DEFAULT 1,
  `created_at` timestamp NULL DEFAULT current_timestamp(),
  PRIMARY KEY (`id`),
  KEY `idx_active` (`active`),
  KEY `idx_sort` (`sort_order`),
  KEY `idx_grades_school` (`school_id`)
) ENGINE=InnoDB AUTO_INCREMENT=6 DEFAULT CHARSET=utf8mb4 COLLATE=utf8mb4_unicode_ci;
/*!40101 SET character_set_client = @saved_cs_client */;

--
-- Dumping data for table `grades`
--

LOCK TABLES `grades` WRITE;
/*!40000 ALTER TABLE `grades` DISABLE KEYS */;
INSERT INTO `grades` VALUES (1,1,'الأول الثانوي','1',1,1,'2026-02-14 03:42:23'),(2,1,'الثاني الثانوي','2',2,1,'2026-02-14 03:42:23'),(3,1,'الثالث الثانوي','3',3,1,'2026-02-14 03:42:23'),(4,2,'الصف الأول','1',1,1,'2026-02-28 03:19:45'),(5,2,'الصف الثاني','2',2,1,'2026-02-28 03:19:45');
/*!40000 ALTER TABLE `grades` ENABLE KEYS */;
UNLOCK TABLES;

--
-- Table structure for table `login_attempts`
--

DROP TABLE IF EXISTS `login_attempts`;
/*!40101 SET @saved_cs_client     = @@character_set_client */;
/*!40101 SET character_set_client = utf8 */;
CREATE TABLE `login_attempts` (
  `id` int(10) unsigned NOT NULL AUTO_INCREMENT,
  `ip_address` varchar(45) NOT NULL,
  `username` varchar(100) NOT NULL,
  `attempted_at` timestamp NOT NULL DEFAULT current_timestamp(),
  PRIMARY KEY (`id`),
  KEY `idx_login_ip` (`ip_address`),
  KEY `idx_login_time` (`attempted_at`)
) ENGINE=InnoDB AUTO_INCREMENT=3 DEFAULT CHARSET=utf8mb4 COLLATE=utf8mb4_unicode_ci;
/*!40101 SET character_set_client = @saved_cs_client */;

--
-- Dumping data for table `login_attempts`
--

LOCK TABLES `login_attempts` WRITE;
/*!40000 ALTER TABLE `login_attempts` DISABLE KEYS */;
/*!40000 ALTER TABLE `login_attempts` ENABLE KEYS */;
UNLOCK TABLES;

--
-- Table structure for table `match_events`
--

DROP TABLE IF EXISTS `match_events`;
/*!40101 SET @saved_cs_client     = @@character_set_client */;
/*!40101 SET character_set_client = utf8 */;
CREATE TABLE `match_events` (
  `id` int(10) unsigned NOT NULL AUTO_INCREMENT,
  `school_id` int(10) unsigned DEFAULT 1,
  `match_id` int(10) unsigned NOT NULL COMMENT 'معرف المباراة',
  `team_id` int(10) unsigned NOT NULL COMMENT 'معرف الفريق',
  `student_id` int(10) unsigned DEFAULT NULL COMMENT 'معرف الطالب',
  `event_type` enum('goal','own_goal','penalty','yellow_card','red_card','substitution','injury','man_of_match') NOT NULL,
  `minute` int(10) unsigned DEFAULT NULL COMMENT 'الدقيقة',
  `notes` varchar(255) DEFAULT NULL COMMENT 'ملاحظات',
  `created_at` timestamp NULL DEFAULT current_timestamp(),
  PRIMARY KEY (`id`),
  KEY `idx_match` (`match_id`),
  KEY `idx_team` (`team_id`),
  KEY `idx_student` (`student_id`),
  KEY `idx_event_type` (`event_type`),
  KEY `idx_match_events_school` (`school_id`),
  CONSTRAINT `fk_me_match` FOREIGN KEY (`match_id`) REFERENCES `matches` (`id`) ON DELETE CASCADE ON UPDATE CASCADE,
  CONSTRAINT `fk_me_student` FOREIGN KEY (`student_id`) REFERENCES `students` (`id`) ON DELETE SET NULL ON UPDATE CASCADE,
  CONSTRAINT `fk_me_team` FOREIGN KEY (`team_id`) REFERENCES `tournament_teams` (`id`) ON DELETE CASCADE ON UPDATE CASCADE
) ENGINE=InnoDB AUTO_INCREMENT=36 DEFAULT CHARSET=utf8mb4 COLLATE=utf8mb4_unicode_ci COMMENT='أحداث المباريات';
/*!40101 SET character_set_client = @saved_cs_client */;

--
-- Dumping data for table `match_events`
--

LOCK TABLES `match_events` WRITE;
/*!40000 ALTER TABLE `match_events` DISABLE KEYS */;
INSERT INTO `match_events` VALUES (3,1,983,221,7,'goal',NULL,NULL,'2026-03-09 21:55:08'),(4,1,983,224,207,'goal',NULL,NULL,'2026-03-09 21:55:15'),(5,1,983,221,11,'goal',NULL,NULL,'2026-03-09 22:03:26'),(6,1,983,221,147,'yellow_card',NULL,NULL,'2026-03-09 22:03:57'),(7,1,983,224,96,'red_card',NULL,NULL,'2026-03-09 22:04:04'),(8,1,984,219,NULL,'goal',NULL,NULL,'2026-03-09 22:19:58'),(9,1,984,227,100,'goal',NULL,NULL,'2026-03-09 22:20:04'),(10,1,984,227,115,'goal',NULL,NULL,'2026-03-09 22:20:07'),(11,1,984,227,115,'yellow_card',NULL,NULL,'2026-03-09 22:20:09'),(12,1,984,227,121,'red_card',NULL,NULL,'2026-03-09 22:20:12'),(14,1,984,219,95,'man_of_match',NULL,'نجم المباراة','2026-03-09 22:33:23'),(15,1,1014,231,NULL,'goal',NULL,NULL,'2026-03-10 04:16:23'),(16,1,1014,229,330,'goal',NULL,NULL,'2026-03-10 04:16:26'),(17,1,1014,231,NULL,'yellow_card',NULL,NULL,'2026-03-10 04:17:01'),(18,1,1014,229,330,'yellow_card',NULL,NULL,'2026-03-10 04:17:04'),(19,2,1014,229,330,'man_of_match',NULL,'نجم المباراة','2026-03-10 04:17:49'),(20,1,1014,229,330,'goal',NULL,NULL,'2026-03-10 04:19:09'),(24,1,1015,230,NULL,'goal',NULL,NULL,'2026-03-10 04:20:41'),(25,1,1015,233,NULL,'yellow_card',NULL,NULL,'2026-03-10 04:20:45'),(26,1,1015,233,NULL,'red_card',NULL,NULL,'2026-03-10 04:20:57'),(27,1,1015,233,NULL,'goal',NULL,NULL,'2026-03-10 04:21:05'),(28,1,1015,233,NULL,'goal',NULL,NULL,'2026-03-10 04:21:10'),(29,1,1016,232,NULL,'goal',NULL,NULL,'2026-03-10 04:29:21'),(30,1,1016,232,NULL,'yellow_card',NULL,NULL,'2026-03-10 04:29:24'),(31,1,1016,232,NULL,'yellow_card',NULL,NULL,'2026-03-10 04:29:27'),(32,1,1016,228,331,'goal',NULL,NULL,'2026-03-10 04:29:54'),(33,1,1016,228,331,'goal',1,NULL,'2026-03-10 04:30:18'),(34,1,1016,228,331,'goal',2,NULL,'2026-03-10 04:31:42'),(35,2,1016,228,331,'man_of_match',NULL,'نجم المباراة','2026-03-10 04:32:59');
/*!40000 ALTER TABLE `match_events` ENABLE KEYS */;
UNLOCK TABLES;

--
-- Table structure for table `match_media`
--

DROP TABLE IF EXISTS `match_media`;
/*!40101 SET @saved_cs_client     = @@character_set_client */;
/*!40101 SET character_set_client = utf8 */;
CREATE TABLE `match_media` (
  `id` int(10) unsigned NOT NULL AUTO_INCREMENT,
  `school_id` int(10) unsigned DEFAULT 1,
  `match_id` int(10) unsigned NOT NULL,
  `media_type` enum('photo','video') NOT NULL DEFAULT 'photo',
  `media_url` varchar(255) NOT NULL,
  `description` varchar(255) DEFAULT NULL,
  `created_at` timestamp NOT NULL DEFAULT current_timestamp(),
  PRIMARY KEY (`id`),
  KEY `idx_mm_match` (`match_id`),
  KEY `idx_match_media_school` (`school_id`),
  CONSTRAINT `fk_mm_match` FOREIGN KEY (`match_id`) REFERENCES `matches` (`id`) ON DELETE CASCADE ON UPDATE CASCADE
) ENGINE=InnoDB AUTO_INCREMENT=3 DEFAULT CHARSET=utf8mb4 COLLATE=utf8mb4_unicode_ci;
/*!40101 SET character_set_client = @saved_cs_client */;

--
-- Dumping data for table `match_media`
--

LOCK TABLES `match_media` WRITE;
/*!40000 ALTER TABLE `match_media` DISABLE KEYS */;
/*!40000 ALTER TABLE `match_media` ENABLE KEYS */;
UNLOCK TABLES;

--
-- Table structure for table `matches`
--

DROP TABLE IF EXISTS `matches`;
/*!40101 SET @saved_cs_client     = @@character_set_client */;
/*!40101 SET character_set_client = utf8 */;
CREATE TABLE `matches` (
  `id` int(10) unsigned NOT NULL AUTO_INCREMENT,
  `tournament_id` int(10) unsigned NOT NULL COMMENT 'معرف البطولة',
  `school_id` int(10) unsigned DEFAULT NULL,
  `round_number` int(10) unsigned NOT NULL DEFAULT 1 COMMENT 'رقم الجولة',
  `match_number` int(10) unsigned NOT NULL COMMENT 'رقم المباراة',
  `bracket_type` enum('main','losers','final','third_place') NOT NULL DEFAULT 'main',
  `team1_id` int(10) unsigned DEFAULT NULL COMMENT 'الفريق الأول',
  `team2_id` int(10) unsigned DEFAULT NULL COMMENT 'الفريق الثاني',
  `team1_score` int(10) unsigned DEFAULT NULL COMMENT 'نتيجة الفريق الأول',
  `team2_score` int(10) unsigned DEFAULT NULL COMMENT 'نتيجة الفريق الثاني',
  `winner_team_id` int(10) unsigned DEFAULT NULL COMMENT 'الفريق الفائز',
  `loser_team_id` int(10) unsigned DEFAULT NULL COMMENT 'الفريق الخاسر',
  `is_bye` tinyint(1) DEFAULT 0 COMMENT 'مباراة BYE',
  `match_date` date DEFAULT NULL COMMENT 'تاريخ المباراة',
  `match_time` time DEFAULT NULL COMMENT 'وقت المباراة',
  `venue` varchar(100) DEFAULT NULL COMMENT 'مكان المباراة',
  `status` enum('scheduled','in_progress','completed','postponed','cancelled') NOT NULL DEFAULT 'scheduled' COMMENT 'حالة المباراة',
  `next_match_id` int(10) unsigned DEFAULT NULL COMMENT 'المباراة التالية للفائز',
  `next_match_slot` enum('team1','team2') DEFAULT NULL COMMENT 'موقع الفائز في المباراة التالية',
  `loser_next_match_id` int(10) unsigned DEFAULT NULL COMMENT 'المباراة التالية للخاسر (للخروج المزدوج)',
  `loser_next_match_slot` enum('team1','team2') DEFAULT NULL,
  `notes` text DEFAULT NULL COMMENT 'ملاحظات',
  `man_of_match_student_id` int(10) unsigned DEFAULT NULL,
  `man_of_match_name` varchar(100) DEFAULT NULL,
  `created_at` timestamp NULL DEFAULT current_timestamp(),
  `updated_at` timestamp NULL DEFAULT current_timestamp() ON UPDATE current_timestamp(),
  `group_name` varchar(10) DEFAULT NULL,
  PRIMARY KEY (`id`),
  KEY `idx_tournament` (`tournament_id`),
  KEY `idx_round` (`round_number`),
  KEY `idx_bracket` (`bracket_type`),
  KEY `idx_status` (`status`),
  KEY `idx_teams` (`team1_id`,`team2_id`),
  KEY `idx_winner` (`winner_team_id`),
  KEY `idx_next_match` (`next_match_id`),
  KEY `fk_m_team2` (`team2_id`),
  KEY `fk_m_loser` (`loser_team_id`),
  KEY `fk_m_loser_next` (`loser_next_match_id`),
  KEY `idx_saas_school` (`school_id`),
  CONSTRAINT `fk_m_loser` FOREIGN KEY (`loser_team_id`) REFERENCES `tournament_teams` (`id`) ON DELETE SET NULL ON UPDATE CASCADE,
  CONSTRAINT `fk_m_loser_next` FOREIGN KEY (`loser_next_match_id`) REFERENCES `matches` (`id`) ON DELETE SET NULL ON UPDATE CASCADE,
  CONSTRAINT `fk_m_next` FOREIGN KEY (`next_match_id`) REFERENCES `matches` (`id`) ON DELETE SET NULL ON UPDATE CASCADE,
  CONSTRAINT `fk_m_team1` FOREIGN KEY (`team1_id`) REFERENCES `tournament_teams` (`id`) ON DELETE SET NULL ON UPDATE CASCADE,
  CONSTRAINT `fk_m_team2` FOREIGN KEY (`team2_id`) REFERENCES `tournament_teams` (`id`) ON DELETE SET NULL ON UPDATE CASCADE,
  CONSTRAINT `fk_m_tournament` FOREIGN KEY (`tournament_id`) REFERENCES `tournaments` (`id`) ON DELETE CASCADE ON UPDATE CASCADE,
  CONSTRAINT `fk_m_winner` FOREIGN KEY (`winner_team_id`) REFERENCES `tournament_teams` (`id`) ON DELETE SET NULL ON UPDATE CASCADE
) ENGINE=InnoDB AUTO_INCREMENT=1021 DEFAULT CHARSET=utf8mb4 COLLATE=utf8mb4_unicode_ci COMMENT='مباريات البطولات';
/*!40101 SET character_set_client = @saved_cs_client */;

--
-- Dumping data for table `matches`
--

LOCK TABLES `matches` WRITE;
/*!40000 ALTER TABLE `matches` DISABLE KEYS */;
INSERT INTO `matches` VALUES (539,6,1,1,1,'main',46,42,1,2,42,46,0,NULL,NULL,NULL,'completed',543,'team1',NULL,NULL,NULL,NULL,NULL,'2026-02-15 07:55:14','2026-02-28 03:50:24',NULL),(540,6,1,1,2,'main',47,41,1,0,47,41,0,NULL,NULL,NULL,'completed',543,'team2',NULL,NULL,NULL,NULL,NULL,'2026-02-15 07:55:14','2026-02-28 03:50:24',NULL),(541,6,1,1,3,'main',43,45,1,0,43,45,0,NULL,NULL,NULL,'completed',544,'team1',NULL,NULL,NULL,NULL,NULL,'2026-02-15 07:55:14','2026-02-28 03:50:24',NULL),(542,6,1,1,4,'main',44,NULL,NULL,NULL,44,NULL,1,NULL,NULL,NULL,'completed',544,'team2',NULL,NULL,NULL,NULL,NULL,'2026-02-15 07:55:14','2026-02-28 03:50:24',NULL),(543,6,1,2,5,'main',42,47,1,0,42,47,0,NULL,NULL,NULL,'completed',545,'team1',NULL,NULL,NULL,NULL,NULL,'2026-02-15 07:55:14','2026-02-28 03:50:24',NULL),(544,6,1,2,6,'main',43,44,1,0,43,44,0,NULL,NULL,NULL,'completed',545,'team2',NULL,NULL,NULL,NULL,NULL,'2026-02-15 07:55:14','2026-02-28 03:50:24',NULL),(545,6,1,3,7,'final',42,43,1,0,42,43,0,NULL,NULL,NULL,'completed',NULL,NULL,NULL,NULL,NULL,NULL,NULL,'2026-02-15 07:55:14','2026-02-28 03:50:24',NULL),(546,6,1,1,8,'losers',NULL,NULL,NULL,NULL,NULL,NULL,0,NULL,NULL,NULL,'scheduled',NULL,NULL,NULL,NULL,NULL,NULL,NULL,'2026-02-15 07:55:14','2026-02-28 03:50:24',NULL),(547,6,1,1,9,'losers',NULL,NULL,NULL,NULL,NULL,NULL,0,NULL,NULL,NULL,'scheduled',NULL,NULL,NULL,NULL,NULL,NULL,NULL,'2026-02-15 07:55:14','2026-02-28 03:50:24',NULL),(548,6,1,2,10,'losers',NULL,NULL,NULL,NULL,NULL,NULL,0,NULL,NULL,NULL,'scheduled',NULL,NULL,NULL,NULL,NULL,NULL,NULL,'2026-02-15 07:55:14','2026-02-28 03:50:24',NULL),(549,6,1,2,11,'losers',NULL,NULL,NULL,NULL,NULL,NULL,0,NULL,NULL,NULL,'scheduled',NULL,NULL,NULL,NULL,NULL,NULL,NULL,'2026-02-15 07:55:14','2026-02-28 03:50:24',NULL),(550,6,1,3,12,'losers',NULL,NULL,NULL,NULL,NULL,NULL,0,NULL,NULL,NULL,'scheduled',NULL,NULL,NULL,NULL,NULL,NULL,NULL,'2026-02-15 07:55:14','2026-02-28 03:50:24',NULL),(551,6,1,4,13,'losers',NULL,NULL,NULL,NULL,NULL,NULL,0,NULL,NULL,NULL,'scheduled',NULL,NULL,NULL,NULL,NULL,NULL,NULL,'2026-02-15 07:55:14','2026-02-28 03:50:24',NULL),(552,6,1,4,14,'final',NULL,NULL,NULL,NULL,NULL,NULL,0,NULL,NULL,NULL,'scheduled',NULL,NULL,NULL,NULL,NULL,NULL,NULL,'2026-02-15 07:55:14','2026-02-28 03:50:24',NULL),(553,7,1,1,1,'main',52,54,1,0,52,54,0,NULL,NULL,NULL,'completed',557,'team1',NULL,NULL,NULL,NULL,NULL,'2026-02-15 08:40:23','2026-02-28 03:50:24',NULL),(554,7,1,1,2,'main',48,49,1,0,48,49,0,NULL,NULL,NULL,'completed',557,'team2',NULL,NULL,NULL,NULL,NULL,'2026-02-15 08:40:23','2026-02-28 03:50:24',NULL),(555,7,1,1,3,'main',50,51,2,0,50,51,0,NULL,NULL,NULL,'completed',558,'team1',NULL,NULL,NULL,NULL,NULL,'2026-02-15 08:40:23','2026-02-28 03:50:24',NULL),(556,7,1,1,4,'main',53,NULL,NULL,NULL,53,NULL,1,NULL,NULL,NULL,'completed',558,'team2',NULL,NULL,NULL,NULL,NULL,'2026-02-15 08:40:23','2026-02-28 03:50:24',NULL),(557,7,1,2,5,'main',52,48,1,0,52,48,0,NULL,NULL,NULL,'completed',559,'team1',NULL,NULL,NULL,NULL,NULL,'2026-02-15 08:40:23','2026-02-28 03:50:24',NULL),(558,7,1,2,6,'main',50,53,NULL,NULL,NULL,NULL,0,NULL,NULL,NULL,'scheduled',559,'team2',NULL,NULL,NULL,NULL,NULL,'2026-02-15 08:40:23','2026-02-28 03:50:24',NULL),(559,7,1,3,7,'final',NULL,NULL,NULL,NULL,NULL,NULL,0,NULL,NULL,NULL,'scheduled',NULL,NULL,NULL,NULL,NULL,NULL,NULL,'2026-02-15 08:40:23','2026-02-28 03:50:24',NULL),(560,7,1,1,8,'losers',NULL,NULL,NULL,NULL,NULL,NULL,0,NULL,NULL,NULL,'scheduled',NULL,NULL,NULL,NULL,NULL,NULL,NULL,'2026-02-15 08:40:23','2026-02-28 03:50:24',NULL),(561,7,1,1,9,'losers',NULL,NULL,NULL,NULL,NULL,NULL,0,NULL,NULL,NULL,'scheduled',NULL,NULL,NULL,NULL,NULL,NULL,NULL,'2026-02-15 08:40:23','2026-02-28 03:50:24',NULL),(562,7,1,2,10,'losers',NULL,NULL,NULL,NULL,NULL,NULL,0,NULL,NULL,NULL,'scheduled',NULL,NULL,NULL,NULL,NULL,NULL,NULL,'2026-02-15 08:40:23','2026-02-28 03:50:24',NULL),(563,7,1,2,11,'losers',NULL,NULL,NULL,NULL,NULL,NULL,0,NULL,NULL,NULL,'scheduled',NULL,NULL,NULL,NULL,NULL,NULL,NULL,'2026-02-15 08:40:23','2026-02-28 03:50:24',NULL),(564,7,1,3,12,'losers',NULL,NULL,NULL,NULL,NULL,NULL,0,NULL,NULL,NULL,'scheduled',NULL,NULL,NULL,NULL,NULL,NULL,NULL,'2026-02-15 08:40:23','2026-02-28 03:50:24',NULL),(565,7,1,4,13,'losers',NULL,NULL,NULL,NULL,NULL,NULL,0,NULL,NULL,NULL,'scheduled',NULL,NULL,NULL,NULL,NULL,NULL,NULL,'2026-02-15 08:40:23','2026-02-28 03:50:24',NULL),(566,7,1,4,14,'final',NULL,NULL,NULL,NULL,NULL,NULL,0,NULL,NULL,NULL,'scheduled',NULL,NULL,NULL,NULL,NULL,NULL,NULL,'2026-02-15 08:40:23','2026-02-28 03:50:24',NULL),(581,9,1,1,1,'main',65,63,1,0,65,63,0,NULL,NULL,NULL,'completed',583,'team1',584,NULL,NULL,NULL,NULL,'2026-02-20 21:01:03','2026-02-28 03:50:24',NULL),(582,9,1,1,2,'main',64,66,1,0,64,66,0,NULL,NULL,NULL,'completed',583,'team2',584,NULL,NULL,NULL,NULL,'2026-02-20 21:01:03','2026-02-28 03:50:24',NULL),(583,9,1,2,3,'main',65,64,1,0,65,64,0,NULL,NULL,NULL,'completed',586,'team1',585,NULL,NULL,NULL,NULL,'2026-02-20 21:01:03','2026-02-28 03:50:24',NULL),(584,9,1,1,4,'losers',63,66,1,0,63,66,0,NULL,NULL,NULL,'completed',585,'team1',NULL,NULL,NULL,NULL,NULL,'2026-02-20 21:01:03','2026-02-28 03:50:24',NULL),(585,9,1,2,5,'losers',63,64,0,1,64,63,0,NULL,NULL,NULL,'completed',586,'team2',NULL,NULL,NULL,NULL,NULL,'2026-02-20 21:01:03','2026-02-28 03:50:24',NULL),(586,9,1,3,6,'final',65,64,0,1,64,65,0,NULL,NULL,NULL,'completed',NULL,NULL,NULL,NULL,NULL,NULL,NULL,'2026-02-20 21:01:03','2026-02-28 03:50:24',NULL),(587,9,1,4,7,'final',64,65,0,1,65,64,0,NULL,NULL,NULL,'completed',NULL,NULL,NULL,NULL,NULL,NULL,NULL,'2026-02-20 21:04:00','2026-02-28 03:50:24',NULL),(602,17,1,1,1,'main',81,79,1,0,81,79,0,NULL,NULL,NULL,'completed',604,'team1',605,NULL,NULL,NULL,NULL,'2026-02-22 01:39:37','2026-02-28 03:50:24',NULL),(603,17,1,1,2,'main',82,80,1,0,82,80,0,NULL,NULL,NULL,'completed',604,'team2',605,NULL,NULL,NULL,NULL,'2026-02-22 01:39:37','2026-02-28 03:50:24',NULL),(604,17,1,2,3,'main',NULL,NULL,NULL,NULL,NULL,NULL,0,NULL,NULL,NULL,'scheduled',607,'team1',606,NULL,NULL,NULL,NULL,'2026-02-22 01:39:37','2026-02-28 03:50:24',NULL),(605,17,1,1,4,'losers',NULL,NULL,NULL,NULL,NULL,NULL,0,NULL,NULL,NULL,'scheduled',606,'team1',NULL,NULL,NULL,NULL,NULL,'2026-02-22 01:39:37','2026-02-28 03:50:24',NULL),(606,17,1,2,5,'losers',NULL,NULL,NULL,NULL,NULL,NULL,0,NULL,NULL,NULL,'scheduled',607,'team2',NULL,NULL,NULL,NULL,NULL,'2026-02-22 01:39:37','2026-02-28 03:50:24',NULL),(607,17,1,3,6,'final',NULL,NULL,NULL,NULL,NULL,NULL,0,NULL,NULL,NULL,'scheduled',NULL,NULL,NULL,NULL,NULL,NULL,NULL,'2026-02-22 01:39:37','2026-02-28 03:50:24',NULL),(714,20,1,1,1,'main',101,105,1,0,101,105,0,NULL,NULL,NULL,'completed',NULL,NULL,NULL,NULL,NULL,NULL,NULL,'2026-02-22 23:55:45','2026-02-28 03:50:24','A'),(715,20,1,1,2,'main',103,102,1,0,103,102,0,NULL,NULL,NULL,'completed',NULL,NULL,NULL,NULL,NULL,NULL,NULL,'2026-02-22 23:55:45','2026-02-28 03:50:24','A'),(716,20,1,2,3,'main',101,102,1,0,101,102,0,NULL,NULL,NULL,'completed',NULL,NULL,NULL,NULL,NULL,NULL,NULL,'2026-02-22 23:55:45','2026-02-28 03:50:24','A'),(717,20,1,2,4,'main',105,103,1,0,105,103,0,NULL,NULL,NULL,'completed',NULL,NULL,NULL,NULL,NULL,NULL,NULL,'2026-02-22 23:55:45','2026-02-28 03:50:24','A'),(718,20,1,3,5,'main',101,103,1,0,101,103,0,NULL,NULL,NULL,'completed',NULL,NULL,NULL,NULL,NULL,NULL,NULL,'2026-02-22 23:55:45','2026-02-28 03:50:24','A'),(719,20,1,3,6,'main',102,105,1,0,102,105,0,NULL,NULL,NULL,'completed',NULL,NULL,NULL,NULL,NULL,NULL,NULL,'2026-02-22 23:55:45','2026-02-28 03:50:24','A'),(720,20,1,1,7,'main',106,107,1,0,106,107,0,NULL,NULL,NULL,'completed',NULL,NULL,NULL,NULL,NULL,NULL,NULL,'2026-02-22 23:55:45','2026-02-28 03:50:24','B'),(721,20,1,1,8,'main',100,104,1,0,100,104,0,NULL,NULL,NULL,'completed',NULL,NULL,NULL,NULL,NULL,NULL,NULL,'2026-02-22 23:55:45','2026-02-28 03:50:24','B'),(722,20,1,2,9,'main',106,104,1,0,106,104,0,NULL,NULL,NULL,'completed',NULL,NULL,NULL,NULL,NULL,NULL,NULL,'2026-02-22 23:55:45','2026-02-28 03:50:24','B'),(723,20,1,2,10,'main',107,100,0,1,100,107,0,NULL,NULL,NULL,'completed',NULL,NULL,NULL,NULL,NULL,NULL,NULL,'2026-02-22 23:55:45','2026-02-28 03:50:24','B'),(724,20,1,3,11,'main',106,100,1,0,106,100,0,NULL,NULL,NULL,'completed',NULL,NULL,NULL,NULL,NULL,NULL,NULL,'2026-02-22 23:55:45','2026-02-28 03:50:24','B'),(725,20,1,3,12,'main',104,107,1,0,104,107,0,NULL,NULL,NULL,'completed',NULL,NULL,NULL,NULL,NULL,NULL,NULL,'2026-02-22 23:55:45','2026-02-28 03:50:24','B'),(726,20,1,4,13,'main',101,100,1,0,101,100,0,NULL,NULL,NULL,'completed',728,'team1',NULL,NULL,NULL,NULL,NULL,'2026-02-22 23:58:13','2026-02-28 03:50:24',NULL),(727,20,1,4,14,'main',106,105,1,0,106,105,0,NULL,NULL,NULL,'completed',728,'team2',NULL,NULL,NULL,NULL,NULL,'2026-02-22 23:58:13','2026-02-28 03:50:24',NULL),(728,20,1,5,15,'final',NULL,NULL,NULL,NULL,NULL,NULL,0,NULL,NULL,NULL,'scheduled',NULL,NULL,NULL,NULL,NULL,NULL,NULL,'2026-02-22 23:58:13','2026-02-28 03:50:24',NULL),(840,16,1,1,1,'main',145,149,NULL,NULL,NULL,NULL,0,'2026-03-03','08:00:00',NULL,'scheduled',844,'team1',NULL,NULL,NULL,NULL,NULL,'2026-02-23 03:09:19','2026-02-28 03:50:24',NULL),(841,16,1,1,2,'main',150,151,NULL,NULL,NULL,NULL,0,'2026-03-02','08:00:00',NULL,'scheduled',844,'team2',NULL,NULL,NULL,NULL,NULL,'2026-02-23 03:09:19','2026-02-28 03:50:24',NULL),(842,16,1,1,3,'main',148,146,NULL,NULL,NULL,NULL,0,'2026-03-01','08:00:00',NULL,'scheduled',845,'team1',NULL,NULL,NULL,NULL,NULL,'2026-02-23 03:09:19','2026-02-28 03:50:24',NULL),(843,16,1,1,4,'main',147,NULL,NULL,NULL,147,NULL,1,NULL,NULL,NULL,'completed',845,'team2',NULL,NULL,NULL,NULL,NULL,'2026-02-23 03:09:19','2026-02-28 03:50:24',NULL),(844,16,1,2,5,'main',NULL,NULL,NULL,NULL,NULL,NULL,0,NULL,NULL,NULL,'scheduled',846,'team1',847,'team1',NULL,NULL,NULL,'2026-02-23 03:09:19','2026-02-28 03:50:24',NULL),(845,16,1,2,6,'main',NULL,147,NULL,NULL,NULL,NULL,0,NULL,NULL,NULL,'scheduled',846,'team2',847,'team2',NULL,NULL,NULL,'2026-02-23 03:09:19','2026-02-28 03:50:24',NULL),(846,16,1,3,7,'final',NULL,NULL,NULL,NULL,NULL,NULL,0,NULL,NULL,NULL,'scheduled',NULL,NULL,NULL,NULL,NULL,NULL,NULL,'2026-02-23 03:09:19','2026-02-28 03:50:24',NULL),(847,16,1,3,8,'third_place',NULL,NULL,NULL,NULL,NULL,NULL,0,NULL,NULL,NULL,'scheduled',NULL,NULL,NULL,NULL,NULL,NULL,NULL,'2026-02-23 03:09:19','2026-02-28 03:50:24',NULL),(897,37,2,1,1,'main',185,188,1,0,185,188,0,NULL,NULL,NULL,'completed',899,'team1',900,'team1',NULL,NULL,NULL,'2026-03-03 20:57:32','2026-03-03 20:58:06',NULL),(898,37,2,1,2,'main',186,187,1,0,186,187,0,NULL,NULL,NULL,'completed',899,'team2',900,'team2',NULL,NULL,NULL,'2026-03-03 20:57:32','2026-03-03 20:58:12',NULL),(899,37,2,2,3,'main',185,186,1,0,185,186,0,NULL,NULL,NULL,'completed',902,'team1',901,'team2',NULL,NULL,NULL,'2026-03-03 20:57:32','2026-03-03 20:58:35',NULL),(900,37,2,1,4,'losers',188,187,1,0,188,187,0,NULL,NULL,NULL,'completed',901,'team1',NULL,NULL,NULL,NULL,NULL,'2026-03-03 20:57:32','2026-03-03 20:58:24',NULL),(901,37,2,2,5,'losers',188,186,1,0,188,186,0,NULL,NULL,NULL,'completed',902,'team2',NULL,NULL,NULL,NULL,NULL,'2026-03-03 20:57:32','2026-03-03 20:59:09',NULL),(902,37,2,3,6,'final',185,188,0,1,188,185,0,NULL,NULL,NULL,'completed',NULL,NULL,NULL,NULL,NULL,NULL,NULL,'2026-03-03 20:57:32','2026-03-03 20:59:36',NULL),(903,37,2,4,7,'final',188,185,0,1,185,188,0,NULL,NULL,NULL,'completed',NULL,NULL,NULL,NULL,NULL,NULL,NULL,'2026-03-03 20:59:36','2026-03-03 20:59:44',NULL),(904,38,2,1,1,'main',192,189,1,0,192,189,0,NULL,NULL,NULL,'completed',906,'team1',907,'team1',NULL,NULL,NULL,'2026-03-03 21:10:25','2026-03-03 21:10:33',NULL),(905,38,2,1,2,'main',191,190,1,0,191,190,0,NULL,NULL,NULL,'completed',906,'team2',907,'team2',NULL,NULL,NULL,'2026-03-03 21:10:25','2026-03-03 21:10:38',NULL),(906,38,2,2,3,'final',192,191,0,1,191,192,0,NULL,NULL,NULL,'completed',NULL,NULL,NULL,NULL,NULL,NULL,NULL,'2026-03-03 21:10:25','2026-03-03 21:11:15',NULL),(907,38,2,2,4,'third_place',189,190,1,0,189,190,0,NULL,NULL,NULL,'completed',NULL,NULL,NULL,NULL,NULL,NULL,NULL,'2026-03-03 21:10:25','2026-03-03 21:11:08',NULL),(955,43,2,1,1,'main',207,210,1,2,210,207,0,NULL,NULL,NULL,'completed',959,'team1',962,'team1',NULL,NULL,NULL,'2026-03-05 17:06:44','2026-03-05 17:07:34',NULL),(956,43,2,1,2,'main',206,208,2,1,206,208,0,NULL,NULL,NULL,'completed',959,'team2',962,'team2',NULL,NULL,NULL,'2026-03-05 17:06:44','2026-03-05 17:07:40',NULL),(957,43,2,1,3,'main',205,204,2,1,205,204,0,NULL,NULL,NULL,'completed',960,'team1',963,'team1',NULL,NULL,NULL,'2026-03-05 17:06:44','2026-03-05 17:07:52',NULL),(958,43,2,1,4,'main',209,NULL,NULL,NULL,209,NULL,1,NULL,NULL,NULL,'completed',960,'team2',963,'team2',NULL,NULL,NULL,'2026-03-05 17:06:44','2026-03-05 17:06:44',NULL),(959,43,2,2,5,'main',210,206,NULL,NULL,NULL,NULL,0,NULL,NULL,NULL,'scheduled',961,'team1',965,'team2',NULL,NULL,NULL,'2026-03-05 17:06:44','2026-03-05 17:07:40',NULL),(960,43,2,2,6,'main',205,209,NULL,NULL,NULL,NULL,0,NULL,NULL,NULL,'scheduled',961,'team2',964,'team2',NULL,NULL,NULL,'2026-03-05 17:06:44','2026-03-05 17:07:52',NULL),(961,43,2,3,7,'main',NULL,NULL,NULL,NULL,NULL,NULL,0,NULL,NULL,NULL,'scheduled',968,'team1',967,'team2',NULL,NULL,NULL,'2026-03-05 17:06:44','2026-03-05 17:06:44',NULL),(962,43,2,1,8,'losers',207,208,NULL,NULL,NULL,NULL,0,NULL,NULL,NULL,'scheduled',964,'team1',NULL,NULL,NULL,NULL,NULL,'2026-03-05 17:06:44','2026-03-05 17:07:40',NULL),(963,43,2,1,9,'losers',204,NULL,NULL,NULL,NULL,NULL,0,NULL,NULL,NULL,'scheduled',965,'team1',NULL,NULL,NULL,NULL,NULL,'2026-03-05 17:06:44','2026-03-05 17:07:52',NULL),(964,43,2,2,10,'losers',NULL,NULL,NULL,NULL,NULL,NULL,0,NULL,NULL,NULL,'scheduled',966,'team1',NULL,NULL,NULL,NULL,NULL,'2026-03-05 17:06:44','2026-03-05 17:06:44',NULL),(965,43,2,2,11,'losers',NULL,NULL,NULL,NULL,NULL,NULL,0,NULL,NULL,NULL,'scheduled',966,'team2',NULL,NULL,NULL,NULL,NULL,'2026-03-05 17:06:44','2026-03-05 17:06:44',NULL),(966,43,2,3,12,'losers',NULL,NULL,NULL,NULL,NULL,NULL,0,NULL,NULL,NULL,'scheduled',967,'team1',NULL,NULL,NULL,NULL,NULL,'2026-03-05 17:06:44','2026-03-05 17:06:44',NULL),(967,43,2,4,13,'losers',NULL,NULL,NULL,NULL,NULL,NULL,0,NULL,NULL,NULL,'scheduled',968,'team2',NULL,NULL,NULL,NULL,NULL,'2026-03-05 17:06:44','2026-03-05 17:06:44',NULL),(968,43,2,4,14,'final',NULL,NULL,NULL,NULL,NULL,NULL,0,NULL,NULL,NULL,'scheduled',NULL,NULL,NULL,NULL,NULL,NULL,NULL,'2026-03-05 17:06:44','2026-03-05 17:06:44',NULL),(969,44,2,1,1,'main',211,215,NULL,NULL,NULL,NULL,0,'2026-03-10','10:00:00',NULL,'scheduled',973,'team1',976,'team1',NULL,NULL,NULL,'2026-03-05 19:24:24','2026-03-05 19:24:47',NULL),(970,44,2,1,2,'main',217,213,NULL,NULL,NULL,NULL,0,'2026-03-08','10:00:00',NULL,'scheduled',973,'team2',976,'team2',NULL,NULL,NULL,'2026-03-05 19:24:24','2026-03-05 19:24:47',NULL),(971,44,2,1,3,'main',214,212,NULL,NULL,NULL,NULL,0,'2026-03-09','10:00:00',NULL,'scheduled',974,'team1',977,'team1',NULL,NULL,NULL,'2026-03-05 19:24:24','2026-03-05 19:24:47',NULL),(972,44,2,1,4,'main',216,NULL,NULL,NULL,216,NULL,1,NULL,NULL,NULL,'completed',974,'team2',977,'team2',NULL,NULL,NULL,'2026-03-05 19:24:24','2026-03-05 19:24:24',NULL),(973,44,2,2,5,'main',NULL,NULL,NULL,NULL,NULL,NULL,0,NULL,NULL,NULL,'scheduled',975,'team1',979,'team2',NULL,NULL,NULL,'2026-03-05 19:24:24','2026-03-05 19:24:24',NULL),(974,44,2,2,6,'main',NULL,216,NULL,NULL,NULL,NULL,0,NULL,NULL,NULL,'scheduled',975,'team2',978,'team2',NULL,NULL,NULL,'2026-03-05 19:24:24','2026-03-05 19:24:24',NULL),(975,44,2,3,7,'main',NULL,NULL,NULL,NULL,NULL,NULL,0,NULL,NULL,NULL,'scheduled',982,'team1',981,'team2',NULL,NULL,NULL,'2026-03-05 19:24:24','2026-03-05 19:24:24',NULL),(976,44,2,1,8,'losers',NULL,NULL,NULL,NULL,NULL,NULL,0,NULL,NULL,NULL,'scheduled',978,'team1',NULL,NULL,NULL,NULL,NULL,'2026-03-05 19:24:24','2026-03-05 19:24:24',NULL),(977,44,2,1,9,'losers',NULL,NULL,NULL,NULL,NULL,NULL,0,NULL,NULL,NULL,'scheduled',979,'team1',NULL,NULL,NULL,NULL,NULL,'2026-03-05 19:24:24','2026-03-05 19:24:24',NULL),(978,44,2,2,10,'losers',NULL,NULL,NULL,NULL,NULL,NULL,0,NULL,NULL,NULL,'scheduled',980,'team1',NULL,NULL,NULL,NULL,NULL,'2026-03-05 19:24:24','2026-03-05 19:24:24',NULL),(979,44,2,2,11,'losers',NULL,NULL,NULL,NULL,NULL,NULL,0,NULL,NULL,NULL,'scheduled',980,'team2',NULL,NULL,NULL,NULL,NULL,'2026-03-05 19:24:24','2026-03-05 19:24:24',NULL),(980,44,2,3,12,'losers',NULL,NULL,NULL,NULL,NULL,NULL,0,NULL,NULL,NULL,'scheduled',981,'team1',NULL,NULL,NULL,NULL,NULL,'2026-03-05 19:24:24','2026-03-05 19:24:24',NULL),(981,44,2,4,13,'losers',NULL,NULL,NULL,NULL,NULL,NULL,0,NULL,NULL,NULL,'scheduled',982,'team2',NULL,NULL,NULL,NULL,NULL,'2026-03-05 19:24:24','2026-03-05 19:24:24',NULL),(982,44,2,4,14,'final',NULL,NULL,NULL,NULL,NULL,NULL,0,NULL,NULL,NULL,'scheduled',NULL,NULL,NULL,NULL,NULL,NULL,NULL,'2026-03-05 19:24:24','2026-03-05 19:24:24',NULL),(983,45,1,1,1,'main',221,224,2,1,221,224,0,NULL,NULL,NULL,'completed',991,'team1',998,'team1',NULL,NULL,NULL,'2026-03-09 21:31:34','2026-03-09 22:07:58',NULL),(984,45,1,1,2,'main',219,227,1,2,227,219,0,NULL,NULL,NULL,'completed',991,'team2',998,'team2',NULL,95,'اسامه سعد سعد شلبى','2026-03-09 21:31:34','2026-03-09 22:33:23',NULL),(985,45,1,1,3,'main',223,220,NULL,NULL,NULL,NULL,0,NULL,NULL,NULL,'scheduled',992,'team1',999,'team1',NULL,NULL,NULL,'2026-03-09 21:31:34','2026-03-09 21:31:34',NULL),(986,45,1,1,4,'main',226,218,NULL,NULL,NULL,NULL,0,NULL,NULL,NULL,'scheduled',992,'team2',999,'team2',NULL,NULL,NULL,'2026-03-09 21:31:34','2026-03-09 21:31:34',NULL),(987,45,1,1,5,'main',222,225,NULL,NULL,NULL,NULL,0,NULL,NULL,NULL,'scheduled',993,'team1',1000,'team1',NULL,NULL,NULL,'2026-03-09 21:31:34','2026-03-09 21:31:34',NULL),(988,45,1,1,6,'main',NULL,NULL,NULL,NULL,NULL,NULL,1,NULL,NULL,NULL,'completed',993,'team2',1000,'team2',NULL,NULL,NULL,'2026-03-09 21:31:34','2026-03-09 21:31:34',NULL),(989,45,1,1,7,'main',NULL,NULL,NULL,NULL,NULL,NULL,1,NULL,NULL,NULL,'completed',994,'team1',1001,'team1',NULL,NULL,NULL,'2026-03-09 21:31:34','2026-03-09 21:31:34',NULL),(990,45,1,1,8,'main',NULL,NULL,NULL,NULL,NULL,NULL,1,NULL,NULL,NULL,'completed',994,'team2',1001,'team2',NULL,NULL,NULL,'2026-03-09 21:31:34','2026-03-09 21:31:34',NULL),(991,45,1,2,9,'main',221,227,NULL,NULL,NULL,NULL,0,NULL,NULL,NULL,'scheduled',995,'team1',1005,'team2',NULL,NULL,NULL,'2026-03-09 21:31:34','2026-03-09 22:20:26',NULL),(992,45,1,2,10,'main',NULL,NULL,NULL,NULL,NULL,NULL,0,NULL,NULL,NULL,'scheduled',995,'team2',1004,'team2',NULL,NULL,NULL,'2026-03-09 21:31:34','2026-03-09 21:31:34',NULL),(993,45,1,2,11,'main',NULL,NULL,NULL,NULL,NULL,NULL,0,NULL,NULL,NULL,'scheduled',996,'team1',1003,'team2',NULL,NULL,NULL,'2026-03-09 21:31:34','2026-03-09 21:31:34',NULL),(994,45,1,2,12,'main',NULL,NULL,NULL,NULL,NULL,NULL,0,NULL,NULL,NULL,'scheduled',996,'team2',1002,'team2',NULL,NULL,NULL,'2026-03-09 21:31:34','2026-03-09 21:31:34',NULL),(995,45,1,3,13,'main',NULL,NULL,NULL,NULL,NULL,NULL,0,NULL,NULL,NULL,'scheduled',997,'team1',1009,'team2',NULL,NULL,NULL,'2026-03-09 21:31:34','2026-03-09 21:31:34',NULL),(996,45,1,3,14,'main',NULL,NULL,NULL,NULL,NULL,NULL,0,NULL,NULL,NULL,'scheduled',997,'team2',1008,'team2',NULL,NULL,NULL,'2026-03-09 21:31:34','2026-03-09 21:31:34',NULL),(997,45,1,4,15,'main',NULL,NULL,NULL,NULL,NULL,NULL,0,NULL,NULL,NULL,'scheduled',1012,'team1',1011,'team2',NULL,NULL,NULL,'2026-03-09 21:31:34','2026-03-09 21:31:34',NULL),(998,45,1,1,16,'losers',224,NULL,NULL,NULL,NULL,NULL,0,NULL,NULL,NULL,'scheduled',1002,'team1',NULL,NULL,NULL,NULL,NULL,'2026-03-09 21:31:34','2026-03-09 22:07:58',NULL),(999,45,1,1,17,'losers',NULL,NULL,NULL,NULL,NULL,NULL,0,NULL,NULL,NULL,'scheduled',1003,'team1',NULL,NULL,NULL,NULL,NULL,'2026-03-09 21:31:34','2026-03-09 21:31:34',NULL),(1000,45,1,1,18,'losers',NULL,NULL,NULL,NULL,NULL,NULL,0,NULL,NULL,NULL,'scheduled',1004,'team1',NULL,NULL,NULL,NULL,NULL,'2026-03-09 21:31:34','2026-03-09 21:31:34',NULL),(1001,45,1,1,19,'losers',NULL,NULL,NULL,NULL,NULL,NULL,0,NULL,NULL,NULL,'scheduled',1005,'team1',NULL,NULL,NULL,NULL,NULL,'2026-03-09 21:31:34','2026-03-09 21:31:34',NULL),(1002,45,1,2,20,'losers',NULL,NULL,NULL,NULL,NULL,NULL,0,NULL,NULL,NULL,'scheduled',1006,'team1',NULL,NULL,NULL,NULL,NULL,'2026-03-09 21:31:34','2026-03-09 21:31:34',NULL),(1003,45,1,2,21,'losers',NULL,NULL,NULL,NULL,NULL,NULL,0,NULL,NULL,NULL,'scheduled',1006,'team2',NULL,NULL,NULL,NULL,NULL,'2026-03-09 21:31:34','2026-03-09 21:31:34',NULL),(1004,45,1,2,22,'losers',NULL,NULL,NULL,NULL,NULL,NULL,0,NULL,NULL,NULL,'scheduled',1007,'team1',NULL,NULL,NULL,NULL,NULL,'2026-03-09 21:31:34','2026-03-09 21:31:34',NULL),(1005,45,1,2,23,'losers',NULL,NULL,NULL,NULL,NULL,NULL,0,NULL,NULL,NULL,'scheduled',1007,'team2',NULL,NULL,NULL,NULL,NULL,'2026-03-09 21:31:34','2026-03-09 21:31:34',NULL),(1006,45,1,3,24,'losers',NULL,NULL,NULL,NULL,NULL,NULL,0,NULL,NULL,NULL,'scheduled',1008,'team1',NULL,NULL,NULL,NULL,NULL,'2026-03-09 21:31:34','2026-03-09 21:31:34',NULL),(1007,45,1,3,25,'losers',NULL,NULL,NULL,NULL,NULL,NULL,0,NULL,NULL,NULL,'scheduled',1009,'team1',NULL,NULL,NULL,NULL,NULL,'2026-03-09 21:31:34','2026-03-09 21:31:34',NULL),(1008,45,1,4,26,'losers',NULL,NULL,NULL,NULL,NULL,NULL,0,NULL,NULL,NULL,'scheduled',1010,'team1',NULL,NULL,NULL,NULL,NULL,'2026-03-09 21:31:34','2026-03-09 21:31:34',NULL),(1009,45,1,4,27,'losers',NULL,NULL,NULL,NULL,NULL,NULL,0,NULL,NULL,NULL,'scheduled',1010,'team2',NULL,NULL,NULL,NULL,NULL,'2026-03-09 21:31:34','2026-03-09 21:31:34',NULL),(1010,45,1,5,28,'losers',NULL,NULL,NULL,NULL,NULL,NULL,0,NULL,NULL,NULL,'scheduled',1011,'team1',NULL,NULL,NULL,NULL,NULL,'2026-03-09 21:31:34','2026-03-09 21:31:34',NULL),(1011,45,1,6,29,'losers',NULL,NULL,NULL,NULL,NULL,NULL,0,NULL,NULL,NULL,'scheduled',1012,'team2',NULL,NULL,NULL,NULL,NULL,'2026-03-09 21:31:34','2026-03-09 21:31:34',NULL),(1012,45,1,5,30,'final',NULL,NULL,NULL,NULL,NULL,NULL,0,NULL,NULL,NULL,'scheduled',NULL,NULL,NULL,NULL,NULL,NULL,NULL,'2026-03-09 21:31:34','2026-03-09 21:31:34',NULL),(1013,47,2,1,1,'main',234,NULL,NULL,NULL,234,NULL,1,NULL,NULL,NULL,'completed',1017,'team1',NULL,NULL,NULL,NULL,NULL,'2026-03-10 04:15:04','2026-03-10 04:15:04',NULL),(1014,47,2,1,2,'main',231,229,1,2,229,231,0,NULL,NULL,NULL,'completed',1017,'team2',NULL,NULL,NULL,330,'خالد سعد الشمري','2026-03-10 04:15:04','2026-03-10 04:19:15',NULL),(1015,47,2,1,3,'main',230,233,1,2,233,230,0,NULL,NULL,NULL,'completed',1018,'team1',NULL,NULL,NULL,NULL,NULL,'2026-03-10 04:15:04','2026-03-10 04:22:12',NULL),(1016,47,2,1,4,'main',228,232,3,1,228,232,0,NULL,NULL,NULL,'completed',1018,'team2',NULL,NULL,NULL,331,'عبدالله فهد القحطاني','2026-03-10 04:15:04','2026-03-10 04:33:47',NULL),(1017,47,2,2,5,'main',234,229,NULL,NULL,NULL,NULL,0,NULL,NULL,NULL,'scheduled',1019,'team1',1020,'team1',NULL,NULL,NULL,'2026-03-10 04:15:04','2026-03-10 04:19:15',NULL),(1018,47,2,2,6,'main',233,228,NULL,NULL,NULL,NULL,0,NULL,NULL,NULL,'scheduled',1019,'team2',1020,'team2',NULL,NULL,NULL,'2026-03-10 04:15:04','2026-03-10 04:33:47',NULL),(1019,47,2,3,7,'final',NULL,NULL,NULL,NULL,NULL,NULL,0,NULL,NULL,NULL,'scheduled',NULL,NULL,NULL,NULL,NULL,NULL,NULL,'2026-03-10 04:15:04','2026-03-10 04:15:04',NULL),(1020,47,2,3,8,'third_place',NULL,NULL,NULL,NULL,NULL,NULL,0,NULL,NULL,NULL,'scheduled',NULL,NULL,NULL,NULL,NULL,NULL,NULL,'2026-03-10 04:15:04','2026-03-10 04:15:04',NULL);
/*!40000 ALTER TABLE `matches` ENABLE KEYS */;
UNLOCK TABLES;

--
-- Table structure for table `media_library`
--

DROP TABLE IF EXISTS `media_library`;
/*!40101 SET @saved_cs_client     = @@character_set_client */;
/*!40101 SET character_set_client = utf8 */;
CREATE TABLE `media_library` (
  `id` int(10) unsigned NOT NULL AUTO_INCREMENT,
  `filename` varchar(255) NOT NULL,
  `original_name` varchar(255) NOT NULL,
  `file_path` varchar(500) NOT NULL,
  `file_size` int(10) unsigned NOT NULL,
  `mime_type` varchar(100) NOT NULL,
  `width` int(10) unsigned DEFAULT NULL,
  `height` int(10) unsigned DEFAULT NULL,
  `uploaded_by` varchar(100) DEFAULT 'admin',
  `created_at` timestamp NOT NULL DEFAULT current_timestamp(),
  PRIMARY KEY (`id`),
  KEY `idx_media_created` (`created_at`)
) ENGINE=InnoDB AUTO_INCREMENT=5 DEFAULT CHARSET=utf8mb4 COLLATE=utf8mb4_unicode_ci;
/*!40101 SET character_set_client = @saved_cs_client */;

--
-- Dumping data for table `media_library`
--

LOCK TABLES `media_library` WRITE;
/*!40000 ALTER TABLE `media_library` DISABLE KEYS */;
INSERT INTO `media_library` VALUES (1,'media_1773005528_9cf895da6f.png','Screenshot 2026-03-08 at 9.45.28 PM.png','uploads/media/media_1773005528_9cf895da6f.png',257181,'image/png',1482,1686,'admin','2026-03-08 21:32:08'),(2,'media_1773030043_86ae212107.png','Screenshot 2026-03-09 at 6.07.40 AM.png','uploads/media/media_1773030043_86ae212107.png',178309,'image/png',944,1280,'admin','2026-03-09 04:20:43'),(3,'media_1773030060_570a21f586.png','Screenshot 2026-03-09 at 6.09.20 AM.png','uploads/media/media_1773030060_570a21f586.png',587123,'image/png',2804,1512,'admin','2026-03-09 04:21:00'),(4,'media_1773030069_8feaebc16c.png','Screenshot 2026-03-09 at 6.11.30 AM.png','uploads/media/media_1773030069_8feaebc16c.png',230353,'image/png',1930,1536,'admin','2026-03-09 04:21:09');
/*!40000 ALTER TABLE `media_library` ENABLE KEYS */;
UNLOCK TABLES;

--
-- Table structure for table `notifications`
--

DROP TABLE IF EXISTS `notifications`;
/*!40101 SET @saved_cs_client     = @@character_set_client */;
/*!40101 SET character_set_client = utf8 */;
CREATE TABLE `notifications` (
  `id` int(10) unsigned NOT NULL AUTO_INCREMENT,
  `school_id` int(10) unsigned DEFAULT 1,
  `parent_id` int(10) unsigned NOT NULL,
  `student_id` int(10) unsigned DEFAULT NULL,
  `type` enum('attendance','fitness','health','general','tournament_started') NOT NULL DEFAULT 'general',
  `title` varchar(255) NOT NULL,
  `message` text NOT NULL,
  `is_read` tinyint(1) DEFAULT 0,
  `created_at` timestamp NOT NULL DEFAULT current_timestamp(),
  PRIMARY KEY (`id`),
  KEY `idx_notif_parent` (`parent_id`),
  KEY `idx_notif_read` (`parent_id`,`is_read`),
  KEY `fk_notif_student` (`student_id`),
  KEY `idx_notifications_school` (`school_id`),
  CONSTRAINT `fk_notif_parent` FOREIGN KEY (`parent_id`) REFERENCES `parents` (`id`) ON DELETE CASCADE,
  CONSTRAINT `fk_notif_student` FOREIGN KEY (`student_id`) REFERENCES `students` (`id`) ON DELETE SET NULL
) ENGINE=InnoDB AUTO_INCREMENT=33 DEFAULT CHARSET=utf8mb4 COLLATE=utf8mb4_unicode_ci;
/*!40101 SET character_set_client = @saved_cs_client */;

--
-- Dumping data for table `notifications`
--

LOCK TABLES `notifications` WRITE;
/*!40000 ALTER TABLE `notifications` DISABLE KEYS */;
INSERT INTO `notifications` VALUES (1,1,2,11,'health','تحديث الحالة الصحية: تركي العنزي','تم إضافة/تحديث حالة صحية للطالب (تركي العنزي): ارتفاع درجة الحرارة.',1,'2026-02-21 13:32:20'),(2,1,2,11,'attendance','إشعار حضور: تركي العنزي','نفيدكم بأن الطالب (تركي العنزي) تم رصده كـ (غائب) في حصة التربية البدنية بتاريخ 2026-02-21.',1,'2026-02-21 13:33:38'),(3,1,1,NULL,'health','قياسات جديدة: محمد أحمد العتيبي','تم تحديث القياسات البدنية للطالب (محمد أحمد العتيبي) بتاريخ (2026-02-21).',0,'2026-02-21 13:48:29'),(4,1,1,NULL,'general','تنبيه تجريبي','هذا تنبيه للتأكد من عمل الجرس',0,'2026-02-21 13:54:15'),(5,1,2,11,'general','🎉 وسام جديد!','حصل ابنكم على وسام: وحش اللياقة',1,'2026-02-22 00:37:53'),(6,1,2,NULL,'general','نتيجة مباراة: تجربة طريقة الخلط والمزج','انتهت المباراة بين فريق (الثاني الثانوي - 2/1) وفريق (الأول الثانوي - 1/2) بنتيجة (1 - 0).',1,'2026-02-22 15:42:44'),(7,1,1,NULL,'general','نتيجة مباراة: تجربة طريقة الخلط والمزج','انتهت المباراة بين فريق (الأول الثانوي - 1/1) وفريق (الثاني الثانوي - 2/1) بنتيجة (1 - 0).',0,'2026-02-22 15:44:01'),(8,1,2,NULL,'general','نتيجة مباراة: تجربة طريقة الخلط والمزج','انتهت المباراة بين فريق (الأول الثانوي - 1/2) وفريق (الثالث الثانوي - 3/3) بنتيجة (0 - 1).',1,'2026-02-22 15:44:06'),(9,1,1,NULL,'general','نتيجة مباراة: تجربة طريقة الخلط والمزج','انتهت المباراة بين فريق (الثالث الثانوي - 3/2) وفريق (الأول الثانوي - 1/1) بنتيجة (1 - 0).',0,'2026-02-22 15:44:13'),(10,1,2,NULL,'general','نتيجة مباراة: تجربة ٢ لطريقة المزيج','انتهت المباراة بين فريق (الأول الثانوي - 1/2) وفريق (الثالث الثانوي - 3/1) بنتيجة (1 - 0).',1,'2026-02-22 23:56:16'),(11,1,1,NULL,'general','نتيجة مباراة: تجربة ٢ لطريقة المزيج','انتهت المباراة بين فريق (الأول الثانوي - 1/1) وفريق (الثاني الثانوي - 2/3) بنتيجة (1 - 0).',0,'2026-02-22 23:56:29'),(12,1,2,NULL,'general','نتيجة مباراة: تجربة ٢ لطريقة المزيج','انتهت المباراة بين فريق (الأول الثانوي - 1/2) وفريق (الثاني الثانوي - 2/1) بنتيجة (1 - 0).',1,'2026-02-22 23:56:35'),(13,1,1,NULL,'general','نتيجة مباراة: تجربة ٢ لطريقة المزيج','انتهت المباراة بين فريق (الثالث الثانوي - 3/3) وفريق (الأول الثانوي - 1/1) بنتيجة (0 - 1).',0,'2026-02-22 23:56:50'),(14,1,2,NULL,'general','نتيجة مباراة: تجربة ٢ لطريقة المزيج','انتهت المباراة بين فريق (الأول الثانوي - 1/2) وفريق (الثاني الثانوي - 2/2) بنتيجة (1 - 0).',1,'2026-02-22 23:57:58'),(15,1,1,NULL,'general','نتيجة مباراة: تجربة ٢ لطريقة المزيج','انتهت المباراة بين فريق (الثالث الثانوي - 3/2) وفريق (الأول الثانوي - 1/1) بنتيجة (1 - 0).',0,'2026-02-22 23:58:08'),(16,1,2,NULL,'general','نتيجة مباراة: تجربة ٢ لطريقة المزيج','انتهت المباراة بين فريق (الأول الثانوي - 1/2) وفريق (الأول الثانوي - 1/1) بنتيجة (1 - 0).',1,'2026-02-22 23:59:46'),(17,1,1,NULL,'general','نتيجة مباراة: تجربة ٢ لطريقة المزيج','انتهت المباراة بين فريق (الأول الثانوي - 1/2) وفريق (الأول الثانوي - 1/1) بنتيجة (1 - 0).',0,'2026-02-22 23:59:46'),(18,1,1,NULL,'general','نتيجة مباراة: تجربة ٣','انتهت المباراة بين فريق (الأول الثانوي - 1/1) وفريق (الثاني الثانوي - 2/1) بنتيجة (1 - 0).',0,'2026-02-23 00:11:49'),(19,1,2,NULL,'general','نتيجة مباراة: تجربة ٣','انتهت المباراة بين فريق (الأول الثانوي - 1/2) وفريق (الثاني الثانوي - 2/3) بنتيجة (0 - 1).',1,'2026-02-23 00:11:58'),(20,1,1,NULL,'general','نتيجة مباراة: تجربة ٣','انتهت المباراة بين فريق (الثالث الثانوي - 3/2) وفريق (الأول الثانوي - 1/1) بنتيجة (1 - 0).',0,'2026-02-23 00:12:09'),(21,1,2,NULL,'general','نتيجة مباراة: تجربة ٣','انتهت المباراة بين فريق (الثالث الثانوي - 3/3) وفريق (الأول الثانوي - 1/2) بنتيجة (1 - 0).',1,'2026-02-23 00:12:18'),(22,1,1,NULL,'general','نتيجة مباراة: تجربة ٣','انتهت المباراة بين فريق (الثالث الثانوي - 3/1) وفريق (الأول الثانوي - 1/1) بنتيجة (1 - 0).',0,'2026-02-23 00:12:23'),(23,1,2,NULL,'general','نتيجة مباراة: تجربة ٣','انتهت المباراة بين فريق (الثاني الثانوي - 2/2) وفريق (الأول الثانوي - 1/2) بنتيجة (1 - 0).',1,'2026-02-23 00:12:34'),(24,1,2,11,'fitness','نتيجة اختبار لياقة: تركي العنزي','تم رصد نتيجة الطالب (تركي العنزي) في اختبار (جري 50 متر) بقيمة (12.9) ودرجة (4).',1,'2026-02-24 06:16:38'),(25,1,2,11,'fitness','نتيجة اختبار لياقة: تركي العنزي','تم رصد نتيجة الطالب (تركي العنزي) في اختبار (جري 50 متر) بقيمة (12.9) ودرجة (4).',1,'2026-02-24 06:16:38'),(26,1,1,NULL,'tournament_started','🏆 انطلقت البطولة تجربة بطولة إشعارات!','🔴 تابعوا النتائج والأهداف مباشرة من هنا.\nرابط: http://localhost/pe1/tournament.php?t=fd3b7c82a0160cba449ae02eb745202d',0,'2026-03-01 00:06:57'),(27,1,1,48,'tournament_started','🏆 انطلقت البطولة تجربة بطولة إشعارات!','🔴 تابعوا النتائج والأهداف مباشرة من هنا.\nرابط: http://localhost/pe1/tournament.php?t=fd3b7c82a0160cba449ae02eb745202d',0,'2026-03-01 00:06:57'),(28,1,2,11,'tournament_started','🏆 انطلقت البطولة تجربة بطولة إشعارات!','🔴 تابعوا النتائج والأهداف مباشرة من هنا.\nرابط: http://localhost/pe1/tournament.php?t=fd3b7c82a0160cba449ae02eb745202d',1,'2026-03-01 00:06:57'),(29,1,2,11,'fitness','نتيجة اختبار لياقة: تركي العنزي','تم رصد نتيجة الطالب (تركي العنزي) في اختبار (جري 50 متر) بقيمة (12.9) ودرجة (4).',0,'2026-03-03 02:45:38'),(30,1,2,11,'fitness','نتيجة اختبار لياقة: تركي العنزي','تم رصد نتيجة الطالب (تركي العنزي) في اختبار (جري 50 متر) بقيمة (12.9) ودرجة (4).',0,'2026-03-03 02:45:38'),(31,1,1,48,'tournament_started','🏆 انطلقت البطولة تجربة دوري!','🔴 تابعوا النتائج والأهداف مباشرة من هنا.\nرابط: http://localhost/pe1/tournament.php?t=dd283fec0384222c5b613ffa271ae938',0,'2026-03-09 21:34:08'),(32,1,2,11,'tournament_started','🏆 انطلقت البطولة تجربة دوري!','🔴 تابعوا النتائج والأهداف مباشرة من هنا.\nرابط: http://localhost/pe1/tournament.php?t=dd283fec0384222c5b613ffa271ae938',0,'2026-03-09 21:34:08');
/*!40000 ALTER TABLE `notifications` ENABLE KEYS */;
UNLOCK TABLES;

--
-- Table structure for table `parent_students`
--

DROP TABLE IF EXISTS `parent_students`;
/*!40101 SET @saved_cs_client     = @@character_set_client */;
/*!40101 SET character_set_client = utf8 */;
CREATE TABLE `parent_students` (
  `id` int(10) unsigned NOT NULL AUTO_INCREMENT,
  `school_id` int(10) unsigned DEFAULT 1,
  `parent_id` int(10) unsigned NOT NULL,
  `student_id` int(10) unsigned NOT NULL,
  `created_at` timestamp NOT NULL DEFAULT current_timestamp(),
  PRIMARY KEY (`id`),
  UNIQUE KEY `uk_parent_student` (`school_id`,`parent_id`,`student_id`),
  KEY `idx_ps_parent` (`parent_id`),
  KEY `idx_ps_student` (`student_id`),
  KEY `idx_parent_students_school` (`school_id`),
  CONSTRAINT `fk_ps_parent` FOREIGN KEY (`parent_id`) REFERENCES `parents` (`id`) ON DELETE CASCADE
) ENGINE=InnoDB AUTO_INCREMENT=6 DEFAULT CHARSET=utf8mb4 COLLATE=utf8mb4_unicode_ci;
/*!40101 SET character_set_client = @saved_cs_client */;

--
-- Dumping data for table `parent_students`
--

LOCK TABLES `parent_students` WRITE;
/*!40000 ALTER TABLE `parent_students` DISABLE KEYS */;
INSERT INTO `parent_students` VALUES (3,1,1,1,'2026-02-21 11:44:15'),(4,1,2,11,'2026-02-21 13:30:15'),(5,1,1,48,'2026-02-21 15:37:13');
/*!40000 ALTER TABLE `parent_students` ENABLE KEYS */;
UNLOCK TABLES;

--
-- Table structure for table `parents`
--

DROP TABLE IF EXISTS `parents`;
/*!40101 SET @saved_cs_client     = @@character_set_client */;
/*!40101 SET character_set_client = utf8 */;
CREATE TABLE `parents` (
  `id` int(10) unsigned NOT NULL AUTO_INCREMENT,
  `school_id` int(10) unsigned DEFAULT NULL,
  `username` varchar(50) NOT NULL,
  `password` varchar(255) NOT NULL,
  `name` varchar(100) NOT NULL,
  `photo_url` varchar(255) DEFAULT NULL,
  `email` varchar(100) DEFAULT NULL,
  `phone` varchar(20) DEFAULT NULL,
  `active` tinyint(1) NOT NULL DEFAULT 1,
  `last_login` timestamp NULL DEFAULT NULL,
  `created_at` timestamp NOT NULL DEFAULT current_timestamp(),
  `updated_at` timestamp NOT NULL DEFAULT current_timestamp() ON UPDATE current_timestamp(),
  `must_change_password` tinyint(1) NOT NULL DEFAULT 1,
  PRIMARY KEY (`id`),
  UNIQUE KEY `uk_school_parent_username` (`school_id`,`username`),
  KEY `idx_parents_school` (`school_id`)
) ENGINE=InnoDB AUTO_INCREMENT=3 DEFAULT CHARSET=utf8mb4 COLLATE=utf8mb4_unicode_ci;
/*!40101 SET character_set_client = @saved_cs_client */;

--
-- Dumping data for table `parents`
--

LOCK TABLES `parents` WRITE;
/*!40000 ALTER TABLE `parents` DISABLE KEYS */;
INSERT INTO `parents` VALUES (1,1,'parent_test','$2y$12$Mpu2A5aq/DSFqQXEz8Yr9.TavyM6GbZkuYREPG.DOvPyN7vauWHUS','Parent Test',NULL,'','0512345678',1,'2026-02-21 14:11:40','2026-02-21 11:44:15','2026-02-28 03:14:44',1),(2,1,'parent_test2','$2y$12$Q2xNvjXAltpVz3KiRQUCo.8dwhWRUJ5htGqs0ANJ2E.zdOuQ/Low.','محمد العنزي',NULL,'','0572623308',1,'2026-03-12 04:48:21','2026-02-21 13:29:54','2026-03-12 04:48:21',0);
/*!40000 ALTER TABLE `parents` ENABLE KEYS */;
UNLOCK TABLES;

--
-- Table structure for table `password_resets`
--

DROP TABLE IF EXISTS `password_resets`;
/*!40101 SET @saved_cs_client     = @@character_set_client */;
/*!40101 SET character_set_client = utf8 */;
CREATE TABLE `password_resets` (
  `id` int(10) unsigned NOT NULL AUTO_INCREMENT,
  `school_id` int(10) unsigned DEFAULT NULL,
  `email` varchar(150) NOT NULL,
  `user_type` varchar(50) NOT NULL,
  `user_id` int(10) unsigned NOT NULL,
  `otp` varchar(10) NOT NULL,
  `expires_at` datetime NOT NULL,
  `created_at` timestamp NOT NULL DEFAULT current_timestamp(),
  PRIMARY KEY (`id`),
  KEY `idx_pr_email` (`email`),
  KEY `idx_pr_otp` (`otp`)
) ENGINE=InnoDB AUTO_INCREMENT=2 DEFAULT CHARSET=utf8mb4 COLLATE=utf8mb4_unicode_ci;
/*!40101 SET character_set_client = @saved_cs_client */;

--
-- Dumping data for table `password_resets`
--

LOCK TABLES `password_resets` WRITE;
/*!40000 ALTER TABLE `password_resets` DISABLE KEYS */;
INSERT INTO `password_resets` VALUES (1,1,'esm1774@gmail.com','user',1,'443230','2026-03-01 03:54:17','2026-03-01 00:39:17');
/*!40000 ALTER TABLE `password_resets` ENABLE KEYS */;
UNLOCK TABLES;

--
-- Table structure for table `plans`
--

DROP TABLE IF EXISTS `plans`;
/*!40101 SET @saved_cs_client     = @@character_set_client */;
/*!40101 SET character_set_client = utf8 */;
CREATE TABLE `plans` (
  `id` int(10) unsigned NOT NULL AUTO_INCREMENT,
  `name` varchar(100) NOT NULL COMMENT 'اسم الخطة',
  `name_en` varchar(100) DEFAULT NULL COMMENT 'English name',
  `slug` varchar(50) NOT NULL COMMENT 'معرف فريد',
  `description` text DEFAULT NULL,
  `price_monthly` decimal(10,2) DEFAULT 0.00 COMMENT 'السعر الشهري',
  `price_yearly` decimal(10,2) DEFAULT 0.00 COMMENT 'السعر السنوي',
  `max_students` int(10) unsigned DEFAULT 100,
  `max_teachers` int(10) unsigned DEFAULT 5,
  `max_classes` int(10) unsigned DEFAULT 10,
  `features` longtext CHARACTER SET utf8mb4 COLLATE utf8mb4_bin DEFAULT NULL COMMENT '{"tournaments": true, "badges": true, ...}' CHECK (json_valid(`features`)),
  `features_list` text DEFAULT NULL,
  `is_default` tinyint(1) DEFAULT 0 COMMENT 'الخطة الافتراضية للتسجيل',
  `active` tinyint(1) DEFAULT 1,
  `sort_order` int(11) DEFAULT 0,
  `created_at` timestamp NOT NULL DEFAULT current_timestamp(),
  PRIMARY KEY (`id`),
  UNIQUE KEY `uk_plan_slug` (`slug`)
) ENGINE=InnoDB AUTO_INCREMENT=5 DEFAULT CHARSET=utf8mb4 COLLATE=utf8mb4_unicode_ci COMMENT='خطط الاشتراك';
/*!40101 SET character_set_client = @saved_cs_client */;

--
-- Dumping data for table `plans`
--

LOCK TABLES `plans` WRITE;
/*!40000 ALTER TABLE `plans` DISABLE KEYS */;
INSERT INTO `plans` VALUES (1,'مجاني','Free','free','',0.00,0.00,50,1,5,'{\"tournaments\":true,\"sports_teams\":true,\"badges\":true,\"certificates\":false,\"notifications\":true,\"reports\":false,\"analytics\":false,\"fitness_tests\":false,\"timetable\":true,\"weighted_grading\":false,\"monitoring_report\":false,\"assessments_bank\":false,\"behavior_analytics\":false,\"white_label\":false}','تحضير ذكي (Swipe) للهاتف\nإدارة الجداول الدراسية\nنظام الأوسمة والتحفيز الأساسي\nتنظيم البطولات',0,1,1,'2026-02-28 03:14:44'),(2,'أساسي','Basic','basic','',30.00,300.00,200,3,15,'{\"tournaments\":true,\"sports_teams\":true,\"badges\":true,\"certificates\":false,\"notifications\":true,\"reports\":false,\"analytics\":true,\"fitness_tests\":true,\"timetable\":true,\"display_items\":[\"إدارة الفرق الرياضية والمجموعات\",\"السجل الطبي المبسط للطلاب\",\"بنك اختبارات اللياقة البدنية\",\"دعم فني عبر البريد\"]}','إدارة الفرق الرياضية والمجموعات\nالسجل الطبي المبسط للطلاب\nبنك اختبارات اللياقة البدنية\nدعم فني عبر البريد',0,1,2,'2026-02-28 03:14:44'),(3,'متقدم','Advanced','advanced','',129.00,1399.00,600,5,30,'{\"tournaments\":true,\"sports_teams\":true,\"badges\":true,\"certificates\":true,\"notifications\":true,\"reports\":false,\"analytics\":false,\"fitness_tests\":true,\"timetable\":true,\"weighted_grading\":false,\"monitoring_report\":false,\"assessments_bank\":false,\"behavior_analytics\":true,\"white_label\":false}','حساب كتلة الجسم (BMI) تلقائياً\nمصمم الشهادات الاحترافي (Drag &amp;amp; Drop)\nتصدير تقارير PDF متقدمة\nإرسال التقارير آلياً لأولياء الأمور\nمحرك التقييم الموزون الذكي\nكشف المتابعة اليومي الشامل\nبنك المشاريع والأبحاث الرياضية\nتحليلات السلوك والمشاركة المتقدمة',1,1,3,'2026-02-28 03:14:44'),(4,'مؤسسي','Enterprise','enterprise','',499.00,4999.00,9999,999,999,'{\"tournaments\":true,\"sports_teams\":true,\"badges\":true,\"certificates\":true,\"notifications\":true,\"reports\":true,\"analytics\":true,\"fitness_tests\":true,\"timetable\":true}','سجلات الأمان والتدقيق (Audit Logs)\nإدارة مدارس متعددة بنظام واحد\nدعم فني VIP مباشر\nخوادم معزولة وفائقة السرعة\nتخصيص هوية التقارير والشعار (White Label)\nمحرك التقييم الموزون الذكي\nكشف المتابعة اليومي الشامل',0,1,4,'2026-02-28 03:14:44');
/*!40000 ALTER TABLE `plans` ENABLE KEYS */;
UNLOCK TABLES;

--
-- Table structure for table `platform_admins`
--

DROP TABLE IF EXISTS `platform_admins`;
/*!40101 SET @saved_cs_client     = @@character_set_client */;
/*!40101 SET character_set_client = utf8 */;
CREATE TABLE `platform_admins` (
  `id` int(10) unsigned NOT NULL AUTO_INCREMENT,
  `username` varchar(50) NOT NULL,
  `password` varchar(255) NOT NULL,
  `name` varchar(100) NOT NULL,
  `email` varchar(100) DEFAULT NULL,
  `role` enum('super_admin','support') DEFAULT 'super_admin',
  `active` tinyint(1) DEFAULT 1,
  `last_login` timestamp NULL DEFAULT NULL,
  `created_at` timestamp NOT NULL DEFAULT current_timestamp(),
  PRIMARY KEY (`id`),
  UNIQUE KEY `uk_platform_admin_username` (`username`)
) ENGINE=InnoDB AUTO_INCREMENT=2 DEFAULT CHARSET=utf8mb4 COLLATE=utf8mb4_unicode_ci COMMENT='مديرو المنصة';
/*!40101 SET character_set_client = @saved_cs_client */;

--
-- Dumping data for table `platform_admins`
--

LOCK TABLES `platform_admins` WRITE;
/*!40000 ALTER TABLE `platform_admins` DISABLE KEYS */;
INSERT INTO `platform_admins` VALUES (1,'superadmin','$2y$10$a5AbigjcpF8fba0ZGNSP1OYfN9MabbFTO3ZFunm9EEpYdpAhrS/2a','مدير المنصة','admin@pesmart.com','super_admin',1,'2026-03-12 09:15:21','2026-02-28 03:14:44');
/*!40000 ALTER TABLE `platform_admins` ENABLE KEYS */;
UNLOCK TABLES;

--
-- Table structure for table `platform_announcements`
--

DROP TABLE IF EXISTS `platform_announcements`;
/*!40101 SET @saved_cs_client     = @@character_set_client */;
/*!40101 SET character_set_client = utf8 */;
CREATE TABLE `platform_announcements` (
  `id` int(10) unsigned NOT NULL AUTO_INCREMENT,
  `title` varchar(255) NOT NULL,
  `message` text NOT NULL,
  `type` enum('info','warning','success','danger') NOT NULL DEFAULT 'info',
  `target_school_id` int(10) unsigned DEFAULT NULL,
  `is_active` tinyint(1) NOT NULL DEFAULT 1,
  `expires_at` date DEFAULT NULL,
  `created_at` timestamp NOT NULL DEFAULT current_timestamp(),
  PRIMARY KEY (`id`),
  KEY `idx_ann_school` (`target_school_id`),
  KEY `idx_ann_active` (`is_active`,`expires_at`)
) ENGINE=InnoDB AUTO_INCREMENT=2 DEFAULT CHARSET=utf8mb4 COLLATE=utf8mb4_unicode_ci;
/*!40101 SET character_set_client = @saved_cs_client */;

--
-- Dumping data for table `platform_announcements`
--

LOCK TABLES `platform_announcements` WRITE;
/*!40000 ALTER TABLE `platform_announcements` DISABLE KEYS */;
INSERT INTO `platform_announcements` VALUES (1,'تهنئة','كل عام وأنتم بخير بمناسبة شهر رمضان','success',NULL,1,NULL,'2026-03-04 00:55:08');
/*!40000 ALTER TABLE `platform_announcements` ENABLE KEYS */;
UNLOCK TABLES;

--
-- Table structure for table `platform_media`
--

DROP TABLE IF EXISTS `platform_media`;
/*!40101 SET @saved_cs_client     = @@character_set_client */;
/*!40101 SET character_set_client = utf8 */;
CREATE TABLE `platform_media` (
  `id` int(10) unsigned NOT NULL AUTO_INCREMENT,
  `filename` varchar(255) NOT NULL,
  `file_path` varchar(500) NOT NULL,
  `file_type` varchar(50) NOT NULL,
  `file_size` int(10) unsigned NOT NULL,
  `created_at` timestamp NOT NULL DEFAULT current_timestamp(),
  PRIMARY KEY (`id`),
  KEY `idx_media_created` (`created_at`)
) ENGINE=InnoDB DEFAULT CHARSET=utf8mb4 COLLATE=utf8mb4_unicode_ci;
/*!40101 SET character_set_client = @saved_cs_client */;

--
-- Dumping data for table `platform_media`
--

LOCK TABLES `platform_media` WRITE;
/*!40000 ALTER TABLE `platform_media` DISABLE KEYS */;
/*!40000 ALTER TABLE `platform_media` ENABLE KEYS */;
UNLOCK TABLES;

--
-- Table structure for table `platform_settings`
--

DROP TABLE IF EXISTS `platform_settings`;
/*!40101 SET @saved_cs_client     = @@character_set_client */;
/*!40101 SET character_set_client = utf8 */;
CREATE TABLE `platform_settings` (
  `setting_key` varchar(100) NOT NULL,
  `setting_value` text DEFAULT NULL,
  `updated_at` timestamp NOT NULL DEFAULT current_timestamp() ON UPDATE current_timestamp(),
  PRIMARY KEY (`setting_key`)
) ENGINE=InnoDB DEFAULT CHARSET=utf8mb4 COLLATE=utf8mb4_unicode_ci;
/*!40101 SET character_set_client = @saved_cs_client */;

--
-- Dumping data for table `platform_settings`
--

LOCK TABLES `platform_settings` WRITE;
/*!40000 ALTER TABLE `platform_settings` DISABLE KEYS */;
INSERT INTO `platform_settings` VALUES ('db_schema_version','2.1.8','2026-03-12 06:40:47'),('maintenance_message','المنصة في صيانة حالياً، سنعود قريباً.','2026-03-04 01:15:39'),('maintenance_mode','0','2026-03-05 10:51:23'),('maintenance_until','اليوم الساعة ١٠ صباحاً','2026-03-04 01:18:21');
/*!40000 ALTER TABLE `platform_settings` ENABLE KEYS */;
UNLOCK TABLES;

--
-- Table structure for table `school_grading_weights`
--

DROP TABLE IF EXISTS `school_grading_weights`;
/*!40101 SET @saved_cs_client     = @@character_set_client */;
/*!40101 SET character_set_client = utf8 */;
CREATE TABLE `school_grading_weights` (
  `school_id` int(10) unsigned NOT NULL,
  `attendance_pct` tinyint(4) DEFAULT 20,
  `uniform_pct` tinyint(4) DEFAULT 20,
  `behavior_skills_pct` tinyint(4) DEFAULT 20,
  `participation_pct` tinyint(3) unsigned DEFAULT 0,
  `fitness_pct` tinyint(4) DEFAULT 40,
  `quiz_pct` tinyint(3) unsigned DEFAULT 0,
  `project_pct` tinyint(3) unsigned DEFAULT 0,
  `final_exam_pct` tinyint(3) unsigned DEFAULT 0,
  `updated_at` timestamp NOT NULL DEFAULT current_timestamp() ON UPDATE current_timestamp(),
  `quiz_max` int(11) DEFAULT 10,
  `project_max` int(11) DEFAULT 10,
  `final_exam_max` int(11) DEFAULT 10,
  PRIMARY KEY (`school_id`),
  CONSTRAINT `school_grading_weights_ibfk_1` FOREIGN KEY (`school_id`) REFERENCES `schools` (`id`) ON DELETE CASCADE
) ENGINE=InnoDB DEFAULT CHARSET=utf8mb4 COLLATE=utf8mb4_general_ci;
/*!40101 SET character_set_client = @saved_cs_client */;

--
-- Dumping data for table `school_grading_weights`
--

LOCK TABLES `school_grading_weights` WRITE;
/*!40000 ALTER TABLE `school_grading_weights` DISABLE KEYS */;
INSERT INTO `school_grading_weights` VALUES (1,5,5,5,5,10,20,10,40,'2026-03-12 06:57:10',20,10,40);
/*!40000 ALTER TABLE `school_grading_weights` ENABLE KEYS */;
UNLOCK TABLES;

--
-- Table structure for table `school_period_times`
--

DROP TABLE IF EXISTS `school_period_times`;
/*!40101 SET @saved_cs_client     = @@character_set_client */;
/*!40101 SET character_set_client = utf8 */;
CREATE TABLE `school_period_times` (
  `id` int(10) unsigned NOT NULL AUTO_INCREMENT,
  `school_id` int(10) unsigned NOT NULL,
  `period_number` tinyint(4) NOT NULL,
  `start_time` time NOT NULL,
  `end_time` time NOT NULL,
  PRIMARY KEY (`id`),
  UNIQUE KEY `unique_school_period` (`school_id`,`period_number`),
  CONSTRAINT `school_period_times_ibfk_1` FOREIGN KEY (`school_id`) REFERENCES `schools` (`id`) ON DELETE CASCADE
) ENGINE=InnoDB AUTO_INCREMENT=4 DEFAULT CHARSET=utf8mb4 COLLATE=utf8mb4_unicode_ci;
/*!40101 SET character_set_client = @saved_cs_client */;

--
-- Dumping data for table `school_period_times`
--

LOCK TABLES `school_period_times` WRITE;
/*!40000 ALTER TABLE `school_period_times` DISABLE KEYS */;
INSERT INTO `school_period_times` VALUES (3,2,2,'10:29:00','11:29:00');
/*!40000 ALTER TABLE `school_period_times` ENABLE KEYS */;
UNLOCK TABLES;

--
-- Table structure for table `schools`
--

DROP TABLE IF EXISTS `schools`;
/*!40101 SET @saved_cs_client     = @@character_set_client */;
/*!40101 SET character_set_client = utf8 */;
CREATE TABLE `schools` (
  `id` int(10) unsigned NOT NULL AUTO_INCREMENT,
  `name` varchar(200) NOT NULL COMMENT 'اسم المدرسة',
  `slug` varchar(50) NOT NULL COMMENT 'المعرف الفريد (للنطاق الفرعي)',
  `logo_url` varchar(500) DEFAULT NULL,
  `logo_dark_url` varchar(255) DEFAULT NULL,
  `email` varchar(100) DEFAULT NULL,
  `phone` varchar(20) DEFAULT NULL,
  `address` text DEFAULT NULL,
  `city` varchar(100) DEFAULT NULL,
  `region` varchar(100) DEFAULT NULL,
  `timezone` varchar(50) DEFAULT 'Asia/Riyadh',
  `plan_id` int(10) unsigned DEFAULT NULL COMMENT 'خطة الاشتراك',
  `subscription_status` enum('trial','active','suspended','cancelled') DEFAULT 'trial',
  `trial_ends_at` date DEFAULT NULL,
  `subscription_starts_at` date DEFAULT NULL COMMENT 'تاريخ بداية الاشتراك',
  `subscription_ends_at` date DEFAULT NULL,
  `max_students` int(10) unsigned DEFAULT 100,
  `max_teachers` int(10) unsigned DEFAULT 5,
  `max_classes` int(10) unsigned DEFAULT 10,
  `features` longtext CHARACTER SET utf8mb4 COLLATE utf8mb4_bin DEFAULT NULL,
  `subscription_notes` text DEFAULT NULL,
  `settings` longtext CHARACTER SET utf8mb4 COLLATE utf8mb4_bin DEFAULT NULL COMMENT 'إعدادات خاصة بالمدرسة' CHECK (json_valid(`settings`)),
  `active` tinyint(1) DEFAULT 1,
  `created_at` timestamp NOT NULL DEFAULT current_timestamp(),
  `updated_at` timestamp NOT NULL DEFAULT current_timestamp() ON UPDATE current_timestamp(),
  `week_start_day` tinyint(4) DEFAULT 1,
  `total_periods` tinyint(4) DEFAULT 8,
  `school_start_time` time DEFAULT '07:30:00',
  `school_end_time` time DEFAULT '13:30:00',
  PRIMARY KEY (`id`),
  UNIQUE KEY `uk_school_slug` (`slug`),
  KEY `idx_school_status` (`subscription_status`),
  KEY `idx_school_active` (`active`),
  KEY `fk_school_plan` (`plan_id`),
  CONSTRAINT `fk_school_plan` FOREIGN KEY (`plan_id`) REFERENCES `plans` (`id`) ON DELETE SET NULL
) ENGINE=InnoDB AUTO_INCREMENT=3 DEFAULT CHARSET=utf8mb4 COLLATE=utf8mb4_unicode_ci COMMENT='المدارس (المستأجرين)';
/*!40101 SET character_set_client = @saved_cs_client */;

--
-- Dumping data for table `schools`
--

LOCK TABLES `schools` WRITE;
/*!40000 ALTER TABLE `schools` DISABLE KEYS */;
INSERT INTO `schools` VALUES (1,'مدرسة النخبة الأهلية','default','uploads/logos/school_1_1772348992.png',NULL,'','','',NULL,NULL,'Asia/Riyadh',3,'active','2026-03-30','2026-03-05','2026-04-05',9999,999,10,'{\"tournaments\":true,\"sports_teams\":true,\"badges\":true,\"certificates\":true,\"notifications\":true,\"reports\":true,\"analytics\":true,\"fitness_tests\":true,\"timetable\":true}','','{\"principal_name\":\"\\u0633\\u0639\\u062f \\u0639\\u0628\\u062f\\u0627\\u0644\\u0644\\u0647 \\u0627\\u0644\\u0642\\u0631\\u0646\\u064a\",\"teacher_name\":\"\\u0625\\u0633\\u0645\\u0627\\u0639\\u064a\\u0644 \\u0645\\u062d\\u0645\\u062f \\u0627\\u0644\\u0628\\u0633\\u0627\\u0648\\u064a\"}',1,'2026-02-28 03:14:44','2026-03-10 06:22:37',1,7,'07:00:00','13:30:00'),(2,'school_test1','sch_test1','uploads/logos/school_2_1772565639.png',NULL,'admin@sch.com',NULL,NULL,NULL,NULL,'Asia/Riyadh',1,'trial','2026-03-16','2026-03-02','2030-01-01',50,2,NULL,'{\"tournaments\":true,\"sports_teams\":true,\"badges\":false,\"certificates\":false,\"notifications\":true,\"reports\":false,\"analytics\":false,\"fitness_tests\":false,\"timetable\":false}','',NULL,1,'2026-02-28 03:19:45','2026-03-05 16:51:55',1,8,'07:30:00','13:30:00');
/*!40000 ALTER TABLE `schools` ENABLE KEYS */;
UNLOCK TABLES;

--
-- Table structure for table `sports_calendar`
--

DROP TABLE IF EXISTS `sports_calendar`;
/*!40101 SET @saved_cs_client     = @@character_set_client */;
/*!40101 SET character_set_client = utf8 */;
CREATE TABLE `sports_calendar` (
  `id` int(10) unsigned NOT NULL AUTO_INCREMENT,
  `school_id` int(10) unsigned DEFAULT NULL,
  `title` varchar(255) NOT NULL,
  `description` text DEFAULT NULL,
  `event_date` date NOT NULL,
  `end_date` date DEFAULT NULL,
  `start_time` time DEFAULT NULL,
  `end_time` time DEFAULT NULL,
  `event_type` enum('match','training','tournament','fitness','ceremony','meeting','holiday','other') NOT NULL DEFAULT 'other',
  `location` varchar(255) DEFAULT NULL,
  `color` varchar(20) DEFAULT '#10b981',
  `icon` varchar(50) DEFAULT '?',
  `is_recurring` tinyint(1) DEFAULT 0,
  `recurrence_pattern` varchar(50) DEFAULT NULL,
  `target_grades` varchar(255) DEFAULT NULL,
  `is_public` tinyint(1) DEFAULT 1,
  `created_by` int(10) unsigned DEFAULT NULL,
  `created_at` timestamp NOT NULL DEFAULT current_timestamp(),
  `updated_at` timestamp NOT NULL DEFAULT current_timestamp() ON UPDATE current_timestamp(),
  PRIMARY KEY (`id`),
  KEY `idx_cal_school` (`school_id`),
  KEY `idx_cal_date` (`event_date`),
  KEY `idx_cal_type` (`event_type`)
) ENGINE=InnoDB AUTO_INCREMENT=3 DEFAULT CHARSET=utf8mb4 COLLATE=utf8mb4_unicode_ci;
/*!40101 SET character_set_client = @saved_cs_client */;

--
-- Dumping data for table `sports_calendar`
--

LOCK TABLES `sports_calendar` WRITE;
/*!40000 ALTER TABLE `sports_calendar` DISABLE KEYS */;
INSERT INTO `sports_calendar` VALUES (1,1,'بطولة كرة القدم','','2026-02-03',NULL,NULL,NULL,'ceremony','الملعب','#3410b7','📅',0,'','',1,1,'2026-03-01 00:27:42','2026-03-01 00:27:42');
/*!40000 ALTER TABLE `sports_calendar` ENABLE KEYS */;
UNLOCK TABLES;

--
-- Table structure for table `sports_teams`
--

DROP TABLE IF EXISTS `sports_teams`;
/*!40101 SET @saved_cs_client     = @@character_set_client */;
/*!40101 SET character_set_client = utf8 */;
CREATE TABLE `sports_teams` (
  `id` int(10) unsigned NOT NULL AUTO_INCREMENT,
  `school_id` int(10) unsigned DEFAULT NULL,
  `name` varchar(100) NOT NULL,
  `sport_type` varchar(50) NOT NULL DEFAULT 'كرة قدم',
  `team_type` enum('class','school','mixed') NOT NULL DEFAULT 'mixed',
  `class_id` int(10) unsigned DEFAULT NULL,
  `coach_id` int(10) unsigned DEFAULT NULL,
  `color` varchar(20) NOT NULL DEFAULT '#10b981',
  `logo_emoji` varchar(10) DEFAULT '⚽',
  `description` text DEFAULT NULL,
  `is_active` tinyint(1) NOT NULL DEFAULT 1,
  `created_by` int(10) unsigned DEFAULT NULL,
  `created_at` timestamp NOT NULL DEFAULT current_timestamp(),
  `updated_at` timestamp NOT NULL DEFAULT current_timestamp() ON UPDATE current_timestamp(),
  PRIMARY KEY (`id`),
  KEY `idx_sport` (`sport_type`),
  KEY `idx_type` (`team_type`),
  KEY `idx_active` (`is_active`),
  KEY `idx_sports_teams_school` (`school_id`),
  KEY `idx_school` (`school_id`)
) ENGINE=InnoDB AUTO_INCREMENT=27 DEFAULT CHARSET=utf8mb4 COLLATE=utf8mb4_unicode_ci;
/*!40101 SET character_set_client = @saved_cs_client */;

--
-- Dumping data for table `sports_teams`
--

LOCK TABLES `sports_teams` WRITE;
/*!40000 ALTER TABLE `sports_teams` DISABLE KEYS */;
INSERT INTO `sports_teams` VALUES (1,1,'فصل ١ / ١','كرة قدم','class',1,NULL,'#1b10b7','⚽','',1,1,'2026-02-20 22:09:21','2026-02-28 03:14:44'),(2,1,'منتخب كرة القدم بالمدرسة','كرة قدم','school',NULL,NULL,'#10b981','⚽','',1,1,'2026-02-20 22:11:40','2026-02-28 03:14:44'),(6,1,'فريق النسور','كرة قدم','mixed',NULL,NULL,'#f59e0b','⚽',NULL,1,1,'2026-02-20 22:41:17','2026-02-28 03:14:44'),(11,1,'فريق فصل ١ / ٢','كرة قدم','class',2,NULL,'#b7107a','⚽','',1,1,'2026-02-23 00:50:54','2026-02-28 03:14:44'),(12,1,'فصل ٢ / ١','كرة قدم','class',4,NULL,'#102cb7','⚽','',1,1,'2026-02-23 01:03:02','2026-02-28 03:14:44'),(13,1,'فريق فصل ٢ / ٢','كرة قدم','class',5,NULL,'#8ab710','⚽','',1,1,'2026-02-23 01:03:38','2026-02-28 03:14:44'),(14,1,'فصل ٣ / ١','كرة قدم','mixed',NULL,NULL,'#b71058','⚽','',1,1,'2026-02-23 01:13:06','2026-02-28 03:14:44'),(15,1,'فصل ١ / ٢','تنس طاولة','class',2,NULL,'#10b981','🦈','',1,1,'2026-03-03 02:46:41','2026-03-03 02:46:58'),(16,1,'فريق الفيالق','كرة سلة','mixed',NULL,NULL,'#ef4444','⚽',NULL,1,1,'2026-03-03 02:50:26','2026-03-03 02:50:26'),(18,1,'فريق الأخضر','كرة سلة','mixed',NULL,NULL,'#10b981','⚽','',1,1,'2026-03-03 02:50:26','2026-03-03 02:50:52'),(19,1,'فريق الدراجون','كرة سلة','mixed',NULL,NULL,'#f59e0b','⚽',NULL,1,1,'2026-03-03 02:50:26','2026-03-03 02:50:26'),(20,2,'فريق6','تنس طاولة','class',11,NULL,'#f43431','🏓','',1,14,'2026-03-03 19:38:54','2026-03-03 21:32:27'),(21,2,'فريق ٤','كرة قدم','class',13,NULL,'#10b981','🏓','',1,14,'2026-03-03 20:20:32','2026-03-03 21:33:20'),(22,2,'فريق ٧','تنس طاولة','mixed',NULL,NULL,'#1023b7','🏓','',1,14,'2026-03-03 20:50:56','2026-03-03 21:32:54'),(23,2,'فريق ٥','كرة قدم','mixed',NULL,NULL,'#10b981','⚽','',1,14,'2026-03-03 21:27:11','2026-03-03 21:27:11'),(24,2,'فريق ١','كرة قدم','mixed',NULL,NULL,'#10b981','⚽','',1,14,'2026-03-03 21:27:26','2026-03-03 21:27:26'),(25,2,'فريق ٢','كرة قدم','mixed',NULL,NULL,'#10b981','⚽','',1,14,'2026-03-03 21:27:39','2026-03-03 21:27:39'),(26,2,'فريق ٣','كرة قدم','mixed',NULL,NULL,'#10b981','⚽','',1,14,'2026-03-03 21:27:47','2026-03-03 21:27:47');
/*!40000 ALTER TABLE `sports_teams` ENABLE KEYS */;
UNLOCK TABLES;

--
-- Table structure for table `standings`
--

DROP TABLE IF EXISTS `standings`;
/*!40101 SET @saved_cs_client     = @@character_set_client */;
/*!40101 SET character_set_client = utf8 */;
CREATE TABLE `standings` (
  `id` int(10) unsigned NOT NULL AUTO_INCREMENT,
  `tournament_id` int(10) unsigned NOT NULL COMMENT 'معرف البطولة',
  `school_id` int(10) unsigned DEFAULT NULL,
  `team_id` int(10) unsigned NOT NULL COMMENT 'معرف الفريق',
  `played` int(10) unsigned DEFAULT 0 COMMENT 'المباريات الملعوبة',
  `wins` int(10) unsigned DEFAULT 0 COMMENT 'الانتصارات',
  `draws` int(10) unsigned DEFAULT 0 COMMENT 'التعادلات',
  `losses` int(10) unsigned DEFAULT 0 COMMENT 'الخسائر',
  `goals_for` int(10) unsigned DEFAULT 0 COMMENT 'الأهداف المسجلة',
  `goals_against` int(10) unsigned DEFAULT 0 COMMENT 'الأهداف المستقبلة',
  `goal_difference` int(11) DEFAULT 0 COMMENT 'فارق الأهداف',
  `points` int(10) unsigned DEFAULT 0 COMMENT 'النقاط',
  `form` varchar(20) DEFAULT NULL COMMENT 'آخر 5 نتائج (WWLDW)',
  `last_updated` timestamp NULL DEFAULT current_timestamp() ON UPDATE current_timestamp(),
  `group_name` varchar(10) DEFAULT NULL,
  PRIMARY KEY (`id`),
  UNIQUE KEY `uk_tournament_team` (`school_id`,`tournament_id`,`team_id`),
  KEY `idx_points` (`points`,`goal_difference`,`goals_for`),
  KEY `fk_s_team` (`team_id`),
  KEY `idx_saas_school` (`school_id`),
  KEY `tmp_idx_migration` (`tournament_id`),
  CONSTRAINT `fk_s_team` FOREIGN KEY (`team_id`) REFERENCES `tournament_teams` (`id`) ON DELETE CASCADE ON UPDATE CASCADE,
  CONSTRAINT `fk_s_tournament` FOREIGN KEY (`tournament_id`) REFERENCES `tournaments` (`id`) ON DELETE CASCADE ON UPDATE CASCADE
) ENGINE=InnoDB AUTO_INCREMENT=98 DEFAULT CHARSET=utf8mb4 COLLATE=utf8mb4_unicode_ci COMMENT='جدول ترتيب الدوري';
/*!40101 SET character_set_client = @saved_cs_client */;

--
-- Dumping data for table `standings`
--

LOCK TABLES `standings` WRITE;
/*!40000 ALTER TABLE `standings` DISABLE KEYS */;
INSERT INTO `standings` VALUES (46,20,1,101,4,4,0,0,4,0,4,12,'WWWW','2026-02-28 03:50:24','A'),(47,20,1,105,4,1,0,3,1,3,-2,3,'LWLL','2026-02-28 03:50:24','A'),(48,20,1,103,3,1,0,2,1,2,-1,3,'WLL','2026-02-28 03:50:24','A'),(49,20,1,102,3,1,0,2,1,2,-1,3,'LLW','2026-02-28 03:50:24','A'),(50,20,1,106,4,4,0,0,4,0,4,12,'WWWW','2026-02-28 03:50:24','B'),(51,20,1,107,3,0,0,3,0,3,-3,0,'LLL','2026-02-28 03:50:24','B'),(52,20,1,100,4,2,0,2,2,2,0,6,'WWLL','2026-02-28 03:50:24','B'),(53,20,1,104,3,1,0,2,1,2,-1,3,'LLW','2026-02-28 03:50:24','B');
/*!40000 ALTER TABLE `standings` ENABLE KEYS */;
UNLOCK TABLES;

--
-- Table structure for table `student_assessments`
--

DROP TABLE IF EXISTS `student_assessments`;
/*!40101 SET @saved_cs_client     = @@character_set_client */;
/*!40101 SET character_set_client = utf8 */;
CREATE TABLE `student_assessments` (
  `id` int(10) unsigned NOT NULL AUTO_INCREMENT,
  `student_id` int(10) unsigned NOT NULL,
  `type` enum('quiz','project','final_exam') NOT NULL,
  `title` varchar(150) DEFAULT NULL,
  `score` decimal(5,2) NOT NULL DEFAULT 0.00,
  `max_score` decimal(5,2) NOT NULL DEFAULT 10.00,
  `assessment_date` date NOT NULL,
  `recorded_by` int(10) unsigned DEFAULT NULL,
  `created_at` timestamp NOT NULL DEFAULT current_timestamp(),
  `updated_at` timestamp NOT NULL DEFAULT current_timestamp() ON UPDATE current_timestamp(),
  PRIMARY KEY (`id`),
  UNIQUE KEY `idx_student_type` (`student_id`,`type`),
  KEY `idx_sa_student` (`student_id`),
  KEY `idx_sa_type` (`type`),
  KEY `idx_sa_date` (`assessment_date`),
  CONSTRAINT `fk_sa_student` FOREIGN KEY (`student_id`) REFERENCES `students` (`id`) ON DELETE CASCADE
) ENGINE=InnoDB AUTO_INCREMENT=313 DEFAULT CHARSET=utf8mb4 COLLATE=utf8mb4_unicode_ci;
/*!40101 SET character_set_client = @saved_cs_client */;

--
-- Dumping data for table `student_assessments`
--

LOCK TABLES `student_assessments` WRITE;
/*!40000 ALTER TABLE `student_assessments` DISABLE KEYS */;
INSERT INTO `student_assessments` VALUES (1,7,'quiz',NULL,0.00,20.00,'2026-03-12',1,'2026-03-12 06:45:45','2026-03-12 06:58:28'),(2,7,'project',NULL,0.00,10.00,'2026-03-12',1,'2026-03-12 06:45:45','2026-03-12 06:58:28'),(3,7,'final_exam',NULL,0.00,40.00,'2026-03-12',1,'2026-03-12 06:45:45','2026-03-12 06:58:28'),(4,8,'quiz',NULL,0.00,20.00,'2026-03-12',1,'2026-03-12 06:45:45','2026-03-12 06:58:28'),(5,8,'project',NULL,0.00,10.00,'2026-03-12',1,'2026-03-12 06:45:45','2026-03-12 06:58:28'),(6,8,'final_exam',NULL,0.00,40.00,'2026-03-12',1,'2026-03-12 06:45:45','2026-03-12 06:58:28'),(7,11,'quiz',NULL,0.00,20.00,'2026-03-12',1,'2026-03-12 06:45:45','2026-03-12 06:58:28'),(8,11,'project',NULL,0.00,10.00,'2026-03-12',1,'2026-03-12 06:45:45','2026-03-12 06:58:28'),(9,11,'final_exam',NULL,0.00,40.00,'2026-03-12',1,'2026-03-12 06:45:45','2026-03-12 06:58:28'),(10,12,'quiz',NULL,0.00,20.00,'2026-03-12',1,'2026-03-12 06:45:45','2026-03-12 06:58:28'),(11,12,'project',NULL,0.00,10.00,'2026-03-12',1,'2026-03-12 06:45:45','2026-03-12 06:58:28'),(12,12,'final_exam',NULL,0.00,40.00,'2026-03-12',1,'2026-03-12 06:45:45','2026-03-12 06:58:28'),(13,13,'quiz',NULL,0.00,20.00,'2026-03-12',1,'2026-03-12 06:45:45','2026-03-12 06:58:28'),(14,13,'project',NULL,0.00,10.00,'2026-03-12',1,'2026-03-12 06:45:45','2026-03-12 06:58:28'),(15,13,'final_exam',NULL,0.00,40.00,'2026-03-12',1,'2026-03-12 06:45:45','2026-03-12 06:58:28'),(16,147,'quiz',NULL,20.00,20.00,'2026-03-12',1,'2026-03-12 06:45:45','2026-03-12 06:58:28'),(17,147,'project',NULL,9.00,10.00,'2026-03-12',1,'2026-03-12 06:45:45','2026-03-12 06:58:28'),(18,147,'final_exam',NULL,38.00,40.00,'2026-03-12',1,'2026-03-12 06:45:45','2026-03-12 06:58:28'),(19,148,'quiz',NULL,0.00,20.00,'2026-03-12',1,'2026-03-12 06:45:45','2026-03-12 06:58:28'),(20,148,'project',NULL,0.00,10.00,'2026-03-12',1,'2026-03-12 06:45:45','2026-03-12 06:58:28'),(21,148,'final_exam',NULL,0.00,40.00,'2026-03-12',1,'2026-03-12 06:45:45','2026-03-12 06:58:28'),(22,149,'quiz',NULL,0.00,20.00,'2026-03-12',1,'2026-03-12 06:45:45','2026-03-12 06:58:28'),(23,149,'project',NULL,0.00,10.00,'2026-03-12',1,'2026-03-12 06:45:45','2026-03-12 06:58:28'),(24,149,'final_exam',NULL,0.00,40.00,'2026-03-12',1,'2026-03-12 06:45:45','2026-03-12 06:58:28'),(25,150,'quiz',NULL,0.00,20.00,'2026-03-12',1,'2026-03-12 06:45:45','2026-03-12 06:58:28'),(26,150,'project',NULL,0.00,10.00,'2026-03-12',1,'2026-03-12 06:45:45','2026-03-12 06:58:28'),(27,150,'final_exam',NULL,0.00,40.00,'2026-03-12',1,'2026-03-12 06:45:45','2026-03-12 06:58:28'),(28,151,'quiz',NULL,0.00,20.00,'2026-03-12',1,'2026-03-12 06:45:45','2026-03-12 06:58:28'),(29,151,'project',NULL,0.00,10.00,'2026-03-12',1,'2026-03-12 06:45:45','2026-03-12 06:58:28'),(30,151,'final_exam',NULL,0.00,40.00,'2026-03-12',1,'2026-03-12 06:45:45','2026-03-12 06:58:28'),(31,152,'quiz',NULL,0.00,20.00,'2026-03-12',1,'2026-03-12 06:45:45','2026-03-12 06:58:28'),(32,152,'project',NULL,0.00,10.00,'2026-03-12',1,'2026-03-12 06:45:45','2026-03-12 06:58:28'),(33,152,'final_exam',NULL,0.00,40.00,'2026-03-12',1,'2026-03-12 06:45:45','2026-03-12 06:58:28'),(34,153,'quiz',NULL,0.00,20.00,'2026-03-12',1,'2026-03-12 06:45:45','2026-03-12 06:58:28'),(35,153,'project',NULL,0.00,10.00,'2026-03-12',1,'2026-03-12 06:45:45','2026-03-12 06:58:28'),(36,153,'final_exam',NULL,0.00,40.00,'2026-03-12',1,'2026-03-12 06:45:45','2026-03-12 06:58:28'),(37,154,'quiz',NULL,0.00,20.00,'2026-03-12',1,'2026-03-12 06:45:45','2026-03-12 06:58:28'),(38,154,'project',NULL,0.00,10.00,'2026-03-12',1,'2026-03-12 06:45:45','2026-03-12 06:58:28'),(39,154,'final_exam',NULL,0.00,40.00,'2026-03-12',1,'2026-03-12 06:45:45','2026-03-12 06:58:28'),(40,155,'quiz',NULL,0.00,20.00,'2026-03-12',1,'2026-03-12 06:45:45','2026-03-12 06:58:28'),(41,155,'project',NULL,0.00,10.00,'2026-03-12',1,'2026-03-12 06:45:45','2026-03-12 06:58:28'),(42,155,'final_exam',NULL,0.00,40.00,'2026-03-12',1,'2026-03-12 06:45:45','2026-03-12 06:58:28'),(43,156,'quiz',NULL,0.00,20.00,'2026-03-12',1,'2026-03-12 06:45:45','2026-03-12 06:58:28'),(44,156,'project',NULL,0.00,10.00,'2026-03-12',1,'2026-03-12 06:45:45','2026-03-12 06:58:28'),(45,156,'final_exam',NULL,0.00,40.00,'2026-03-12',1,'2026-03-12 06:45:45','2026-03-12 06:58:28'),(46,157,'quiz',NULL,0.00,20.00,'2026-03-12',1,'2026-03-12 06:45:45','2026-03-12 06:58:28'),(47,157,'project',NULL,0.00,10.00,'2026-03-12',1,'2026-03-12 06:45:45','2026-03-12 06:58:28'),(48,157,'final_exam',NULL,0.00,40.00,'2026-03-12',1,'2026-03-12 06:45:45','2026-03-12 06:58:28'),(49,158,'quiz',NULL,0.00,20.00,'2026-03-12',1,'2026-03-12 06:45:45','2026-03-12 06:58:28'),(50,158,'project',NULL,0.00,10.00,'2026-03-12',1,'2026-03-12 06:45:45','2026-03-12 06:58:28'),(51,158,'final_exam',NULL,0.00,40.00,'2026-03-12',1,'2026-03-12 06:45:45','2026-03-12 06:58:28'),(52,159,'quiz',NULL,0.00,20.00,'2026-03-12',1,'2026-03-12 06:45:45','2026-03-12 06:58:28'),(53,159,'project',NULL,0.00,10.00,'2026-03-12',1,'2026-03-12 06:45:45','2026-03-12 06:58:28'),(54,159,'final_exam',NULL,0.00,40.00,'2026-03-12',1,'2026-03-12 06:45:45','2026-03-12 06:58:28'),(55,160,'quiz',NULL,0.00,20.00,'2026-03-12',1,'2026-03-12 06:45:45','2026-03-12 06:58:28'),(56,160,'project',NULL,0.00,10.00,'2026-03-12',1,'2026-03-12 06:45:45','2026-03-12 06:58:28'),(57,160,'final_exam',NULL,0.00,40.00,'2026-03-12',1,'2026-03-12 06:45:45','2026-03-12 06:58:28'),(58,161,'quiz',NULL,0.00,20.00,'2026-03-12',1,'2026-03-12 06:45:45','2026-03-12 06:58:28'),(59,161,'project',NULL,0.00,10.00,'2026-03-12',1,'2026-03-12 06:45:45','2026-03-12 06:58:28'),(60,161,'final_exam',NULL,0.00,40.00,'2026-03-12',1,'2026-03-12 06:45:45','2026-03-12 06:58:28'),(61,162,'quiz',NULL,0.00,20.00,'2026-03-12',1,'2026-03-12 06:45:45','2026-03-12 06:58:28'),(62,162,'project',NULL,0.00,10.00,'2026-03-12',1,'2026-03-12 06:45:45','2026-03-12 06:58:28'),(63,162,'final_exam',NULL,0.00,40.00,'2026-03-12',1,'2026-03-12 06:45:45','2026-03-12 06:58:28'),(64,163,'quiz',NULL,0.00,20.00,'2026-03-12',1,'2026-03-12 06:45:45','2026-03-12 06:58:28'),(65,163,'project',NULL,0.00,10.00,'2026-03-12',1,'2026-03-12 06:45:45','2026-03-12 06:58:28'),(66,163,'final_exam',NULL,0.00,40.00,'2026-03-12',1,'2026-03-12 06:45:45','2026-03-12 06:58:28'),(67,164,'quiz',NULL,0.00,20.00,'2026-03-12',1,'2026-03-12 06:45:45','2026-03-12 06:58:28'),(68,164,'project',NULL,0.00,10.00,'2026-03-12',1,'2026-03-12 06:45:45','2026-03-12 06:58:28'),(69,164,'final_exam',NULL,0.00,40.00,'2026-03-12',1,'2026-03-12 06:45:45','2026-03-12 06:58:28'),(70,165,'quiz',NULL,0.00,20.00,'2026-03-12',1,'2026-03-12 06:45:45','2026-03-12 06:58:28'),(71,165,'project',NULL,0.00,10.00,'2026-03-12',1,'2026-03-12 06:45:45','2026-03-12 06:58:28'),(72,165,'final_exam',NULL,0.00,40.00,'2026-03-12',1,'2026-03-12 06:45:45','2026-03-12 06:58:28'),(73,174,'quiz',NULL,0.00,20.00,'2026-03-12',1,'2026-03-12 06:45:45','2026-03-12 06:58:28'),(74,174,'project',NULL,0.00,10.00,'2026-03-12',1,'2026-03-12 06:45:45','2026-03-12 06:58:28'),(75,174,'final_exam',NULL,0.00,40.00,'2026-03-12',1,'2026-03-12 06:45:45','2026-03-12 06:58:28'),(76,206,'quiz',NULL,0.00,20.00,'2026-03-12',1,'2026-03-12 06:45:45','2026-03-12 06:58:28'),(77,206,'project',NULL,0.00,10.00,'2026-03-12',1,'2026-03-12 06:45:45','2026-03-12 06:58:28'),(78,206,'final_exam',NULL,0.00,40.00,'2026-03-12',1,'2026-03-12 06:45:45','2026-03-12 06:58:28'),(79,207,'quiz',NULL,0.00,20.00,'2026-03-12',1,'2026-03-12 06:45:45','2026-03-12 06:58:28'),(80,207,'project',NULL,0.00,10.00,'2026-03-12',1,'2026-03-12 06:45:45','2026-03-12 06:58:28'),(81,207,'final_exam',NULL,0.00,40.00,'2026-03-12',1,'2026-03-12 06:45:45','2026-03-12 06:58:28'),(82,208,'quiz',NULL,0.00,20.00,'2026-03-12',1,'2026-03-12 06:45:45','2026-03-12 06:58:28'),(83,208,'project',NULL,0.00,10.00,'2026-03-12',1,'2026-03-12 06:45:45','2026-03-12 06:58:28'),(84,208,'final_exam',NULL,0.00,40.00,'2026-03-12',1,'2026-03-12 06:45:45','2026-03-12 06:58:28'),(85,209,'quiz',NULL,0.00,20.00,'2026-03-12',1,'2026-03-12 06:45:45','2026-03-12 06:58:28'),(86,209,'project',NULL,0.00,10.00,'2026-03-12',1,'2026-03-12 06:45:45','2026-03-12 06:58:28'),(87,209,'final_exam',NULL,0.00,40.00,'2026-03-12',1,'2026-03-12 06:45:45','2026-03-12 06:58:28'),(88,210,'quiz',NULL,0.00,20.00,'2026-03-12',1,'2026-03-12 06:45:45','2026-03-12 06:58:28'),(89,210,'project',NULL,0.00,10.00,'2026-03-12',1,'2026-03-12 06:45:45','2026-03-12 06:58:28'),(90,210,'final_exam',NULL,0.00,40.00,'2026-03-12',1,'2026-03-12 06:45:45','2026-03-12 06:58:28'),(181,4,'quiz',NULL,0.00,20.00,'2026-03-12',1,'2026-03-12 07:18:48','2026-03-12 07:26:19'),(182,4,'project',NULL,0.00,10.00,'2026-03-12',1,'2026-03-12 07:18:48','2026-03-12 07:26:19'),(183,4,'final_exam',NULL,0.00,40.00,'2026-03-12',1,'2026-03-12 07:18:48','2026-03-12 07:26:19'),(184,5,'quiz',NULL,0.00,20.00,'2026-03-12',1,'2026-03-12 07:18:48','2026-03-12 07:26:19'),(185,5,'project',NULL,0.00,10.00,'2026-03-12',1,'2026-03-12 07:18:48','2026-03-12 07:26:19'),(186,5,'final_exam',NULL,0.00,40.00,'2026-03-12',1,'2026-03-12 07:18:48','2026-03-12 07:26:19'),(187,6,'quiz',NULL,0.00,20.00,'2026-03-12',1,'2026-03-12 07:18:48','2026-03-12 07:26:19'),(188,6,'project',NULL,0.00,10.00,'2026-03-12',1,'2026-03-12 07:18:48','2026-03-12 07:26:19'),(189,6,'final_exam',NULL,0.00,40.00,'2026-03-12',1,'2026-03-12 07:18:48','2026-03-12 07:26:19'),(190,18,'quiz',NULL,0.00,20.00,'2026-03-12',1,'2026-03-12 07:18:48','2026-03-12 07:26:19'),(191,18,'project',NULL,0.00,10.00,'2026-03-12',1,'2026-03-12 07:18:48','2026-03-12 07:26:19'),(192,18,'final_exam',NULL,0.00,40.00,'2026-03-12',1,'2026-03-12 07:18:48','2026-03-12 07:26:19'),(193,48,'quiz',NULL,0.00,20.00,'2026-03-12',1,'2026-03-12 07:18:48','2026-03-12 07:26:19'),(194,48,'project',NULL,0.00,10.00,'2026-03-12',1,'2026-03-12 07:18:48','2026-03-12 07:26:19'),(195,48,'final_exam',NULL,0.00,40.00,'2026-03-12',1,'2026-03-12 07:18:48','2026-03-12 07:26:19'),(196,49,'quiz',NULL,0.00,20.00,'2026-03-12',1,'2026-03-12 07:18:48','2026-03-12 07:26:19'),(197,49,'project',NULL,0.00,10.00,'2026-03-12',1,'2026-03-12 07:18:48','2026-03-12 07:26:19'),(198,49,'final_exam',NULL,0.00,40.00,'2026-03-12',1,'2026-03-12 07:18:48','2026-03-12 07:26:19'),(199,50,'quiz',NULL,0.00,20.00,'2026-03-12',1,'2026-03-12 07:18:48','2026-03-12 07:26:19'),(200,50,'project',NULL,0.00,10.00,'2026-03-12',1,'2026-03-12 07:18:48','2026-03-12 07:26:19'),(201,50,'final_exam',NULL,0.00,40.00,'2026-03-12',1,'2026-03-12 07:18:48','2026-03-12 07:26:19'),(202,51,'quiz',NULL,0.00,20.00,'2026-03-12',1,'2026-03-12 07:18:48','2026-03-12 07:26:19'),(203,51,'project',NULL,0.00,10.00,'2026-03-12',1,'2026-03-12 07:18:48','2026-03-12 07:26:19'),(204,51,'final_exam',NULL,0.00,40.00,'2026-03-12',1,'2026-03-12 07:18:48','2026-03-12 07:26:19'),(205,52,'quiz',NULL,0.00,20.00,'2026-03-12',1,'2026-03-12 07:18:48','2026-03-12 07:26:19'),(206,52,'project',NULL,0.00,10.00,'2026-03-12',1,'2026-03-12 07:18:48','2026-03-12 07:26:19'),(207,52,'final_exam',NULL,0.00,40.00,'2026-03-12',1,'2026-03-12 07:18:48','2026-03-12 07:26:19'),(208,53,'quiz',NULL,10.00,20.00,'2026-03-12',1,'2026-03-12 07:18:48','2026-03-12 07:26:19'),(209,53,'project',NULL,10.00,10.00,'2026-03-12',1,'2026-03-12 07:18:48','2026-03-12 07:26:19'),(210,53,'final_exam',NULL,39.00,40.00,'2026-03-12',1,'2026-03-12 07:18:48','2026-03-12 07:26:19'),(211,54,'quiz',NULL,0.00,20.00,'2026-03-12',1,'2026-03-12 07:18:48','2026-03-12 07:26:19'),(212,54,'project',NULL,0.00,10.00,'2026-03-12',1,'2026-03-12 07:18:48','2026-03-12 07:26:19'),(213,54,'final_exam',NULL,0.00,40.00,'2026-03-12',1,'2026-03-12 07:18:48','2026-03-12 07:26:19'),(214,55,'quiz',NULL,0.00,20.00,'2026-03-12',1,'2026-03-12 07:18:48','2026-03-12 07:26:19'),(215,55,'project',NULL,0.00,10.00,'2026-03-12',1,'2026-03-12 07:18:48','2026-03-12 07:26:19'),(216,55,'final_exam',NULL,0.00,40.00,'2026-03-12',1,'2026-03-12 07:18:48','2026-03-12 07:26:19'),(217,56,'quiz',NULL,0.00,20.00,'2026-03-12',1,'2026-03-12 07:18:48','2026-03-12 07:26:19'),(218,56,'project',NULL,0.00,10.00,'2026-03-12',1,'2026-03-12 07:18:48','2026-03-12 07:26:19'),(219,56,'final_exam',NULL,0.00,40.00,'2026-03-12',1,'2026-03-12 07:18:48','2026-03-12 07:26:19'),(220,57,'quiz',NULL,0.00,20.00,'2026-03-12',1,'2026-03-12 07:18:48','2026-03-12 07:26:19'),(221,57,'project',NULL,0.00,10.00,'2026-03-12',1,'2026-03-12 07:18:48','2026-03-12 07:26:19'),(222,57,'final_exam',NULL,0.00,40.00,'2026-03-12',1,'2026-03-12 07:18:48','2026-03-12 07:26:19'),(223,58,'quiz',NULL,0.00,20.00,'2026-03-12',1,'2026-03-12 07:18:48','2026-03-12 07:26:19'),(224,58,'project',NULL,0.00,10.00,'2026-03-12',1,'2026-03-12 07:18:48','2026-03-12 07:26:19'),(225,58,'final_exam',NULL,0.00,40.00,'2026-03-12',1,'2026-03-12 07:18:48','2026-03-12 07:26:19'),(226,59,'quiz',NULL,0.00,20.00,'2026-03-12',1,'2026-03-12 07:18:48','2026-03-12 07:26:19'),(227,59,'project',NULL,0.00,10.00,'2026-03-12',1,'2026-03-12 07:18:48','2026-03-12 07:26:19'),(228,59,'final_exam',NULL,0.00,40.00,'2026-03-12',1,'2026-03-12 07:18:48','2026-03-12 07:26:19'),(229,60,'quiz',NULL,0.00,20.00,'2026-03-12',1,'2026-03-12 07:18:48','2026-03-12 07:26:19'),(230,60,'project',NULL,0.00,10.00,'2026-03-12',1,'2026-03-12 07:18:48','2026-03-12 07:26:19'),(231,60,'final_exam',NULL,0.00,40.00,'2026-03-12',1,'2026-03-12 07:18:48','2026-03-12 07:26:19'),(232,61,'quiz',NULL,0.00,20.00,'2026-03-12',1,'2026-03-12 07:18:48','2026-03-12 07:26:19'),(233,61,'project',NULL,0.00,10.00,'2026-03-12',1,'2026-03-12 07:18:48','2026-03-12 07:26:19'),(234,61,'final_exam',NULL,0.00,40.00,'2026-03-12',1,'2026-03-12 07:18:48','2026-03-12 07:26:19'),(235,62,'quiz',NULL,0.00,20.00,'2026-03-12',1,'2026-03-12 07:18:48','2026-03-12 07:26:19'),(236,62,'project',NULL,0.00,10.00,'2026-03-12',1,'2026-03-12 07:18:48','2026-03-12 07:26:19'),(237,62,'final_exam',NULL,0.00,40.00,'2026-03-12',1,'2026-03-12 07:18:48','2026-03-12 07:26:19'),(238,63,'quiz',NULL,0.00,20.00,'2026-03-12',1,'2026-03-12 07:18:48','2026-03-12 07:26:19'),(239,63,'project',NULL,0.00,10.00,'2026-03-12',1,'2026-03-12 07:18:48','2026-03-12 07:26:19'),(240,63,'final_exam',NULL,0.00,40.00,'2026-03-12',1,'2026-03-12 07:18:48','2026-03-12 07:26:19'),(241,64,'quiz',NULL,0.00,20.00,'2026-03-12',1,'2026-03-12 07:18:48','2026-03-12 07:26:19'),(242,64,'project',NULL,0.00,10.00,'2026-03-12',1,'2026-03-12 07:18:48','2026-03-12 07:26:19'),(243,64,'final_exam',NULL,0.00,40.00,'2026-03-12',1,'2026-03-12 07:18:48','2026-03-12 07:26:19'),(244,173,'quiz',NULL,0.00,20.00,'2026-03-12',1,'2026-03-12 07:18:48','2026-03-12 07:26:19'),(245,173,'project',NULL,0.00,10.00,'2026-03-12',1,'2026-03-12 07:18:48','2026-03-12 07:26:19'),(246,173,'final_exam',NULL,0.00,40.00,'2026-03-12',1,'2026-03-12 07:18:48','2026-03-12 07:26:19');
/*!40000 ALTER TABLE `student_assessments` ENABLE KEYS */;
UNLOCK TABLES;

--
-- Table structure for table `student_badges`
--

DROP TABLE IF EXISTS `student_badges`;
/*!40101 SET @saved_cs_client     = @@character_set_client */;
/*!40101 SET character_set_client = utf8 */;
CREATE TABLE `student_badges` (
  `id` int(11) NOT NULL AUTO_INCREMENT,
  `school_id` int(10) unsigned DEFAULT 1,
  `student_id` int(11) NOT NULL,
  `badge_id` int(11) NOT NULL,
  `awarded_by` int(11) DEFAULT NULL,
  `awarded_at` timestamp NOT NULL DEFAULT current_timestamp(),
  `notes` text DEFAULT NULL,
  PRIMARY KEY (`id`),
  KEY `idx_student_badges_school` (`school_id`)
) ENGINE=InnoDB AUTO_INCREMENT=19 DEFAULT CHARSET=utf8mb4 COLLATE=utf8mb4_unicode_ci;
/*!40101 SET character_set_client = @saved_cs_client */;

--
-- Dumping data for table `student_badges`
--

LOCK TABLES `student_badges` WRITE;
/*!40000 ALTER TABLE `student_badges` DISABLE KEYS */;
INSERT INTO `student_badges` VALUES (1,1,97,5,1,'2026-02-22 00:36:09',''),(2,1,11,6,1,'2026-02-22 00:37:53',''),(3,1,27,1,NULL,'2026-02-24 06:41:27','تلقائي: نسبة حضور متميزة (100%) خلال آخر 30 يوم'),(4,1,23,1,NULL,'2026-02-24 06:41:27','تلقائي: نسبة حضور متميزة (100%) خلال آخر 30 يوم'),(5,1,6,1,NULL,'2026-02-24 06:48:44','تلقائي: نسبة حضور متميزة (100%) خلال آخر 30 يوم'),(6,1,21,1,NULL,'2026-02-24 06:48:44','تلقائي: نسبة حضور متميزة (100%) خلال آخر 30 يوم'),(7,1,25,1,NULL,'2026-02-24 06:48:44','تلقائي: نسبة حضور متميزة (100%) خلال آخر 30 يوم'),(8,1,32,1,NULL,'2026-02-24 06:48:44','تلقائي: نسبة حضور متميزة (100%) خلال آخر 30 يوم'),(9,1,34,1,NULL,'2026-02-24 06:48:44','تلقائي: نسبة حضور متميزة (100%) خلال آخر 30 يوم'),(10,1,35,1,NULL,'2026-02-24 06:48:44','تلقائي: نسبة حضور متميزة (100%) خلال آخر 30 يوم'),(11,1,37,1,NULL,'2026-02-24 06:48:44','تلقائي: نسبة حضور متميزة (100%) خلال آخر 30 يوم'),(12,1,38,1,NULL,'2026-02-24 06:48:44','تلقائي: نسبة حضور متميزة (100%) خلال آخر 30 يوم'),(13,1,45,1,NULL,'2026-02-24 06:48:44','تلقائي: نسبة حضور متميزة (100%) خلال آخر 30 يوم'),(14,1,46,1,NULL,'2026-02-24 06:48:44','تلقائي: نسبة حضور متميزة (100%) خلال آخر 30 يوم'),(15,1,147,2,NULL,'2026-03-03 02:45:38','تلقائي: مستوى لياقة متفوق (معدل 9)'),(16,1,65,2,NULL,'2026-03-06 12:11:39','تلقائي: مستوى لياقة متفوق (معدل 9)'),(17,1,67,2,NULL,'2026-03-06 12:11:39','تلقائي: مستوى لياقة متفوق (معدل 9)'),(18,1,125,2,NULL,'2026-03-06 12:12:26','تلقائي: مستوى لياقة متفوق (معدل 9)');
/*!40000 ALTER TABLE `student_badges` ENABLE KEYS */;
UNLOCK TABLES;

--
-- Table structure for table `student_fitness`
--

DROP TABLE IF EXISTS `student_fitness`;
/*!40101 SET @saved_cs_client     = @@character_set_client */;
/*!40101 SET character_set_client = utf8 */;
CREATE TABLE `student_fitness` (
  `id` int(10) unsigned NOT NULL AUTO_INCREMENT,
  `school_id` int(10) unsigned DEFAULT 1,
  `student_id` int(10) unsigned NOT NULL,
  `test_id` int(10) unsigned NOT NULL,
  `value` decimal(10,2) NOT NULL,
  `score` int(10) unsigned NOT NULL DEFAULT 0,
  `test_date` date NOT NULL,
  `recorded_by` int(10) unsigned DEFAULT NULL,
  `created_at` timestamp NULL DEFAULT current_timestamp(),
  `updated_at` timestamp NULL DEFAULT current_timestamp() ON UPDATE current_timestamp(),
  PRIMARY KEY (`id`),
  UNIQUE KEY `uk_student_test` (`school_id`,`student_id`,`test_id`),
  KEY `idx_test` (`test_id`),
  KEY `idx_score` (`score`),
  KEY `fk_fitness_user` (`recorded_by`),
  KEY `idx_student_fitness_school` (`school_id`),
  KEY `tmp_idx_migration` (`student_id`),
  CONSTRAINT `fk_fitness_student` FOREIGN KEY (`student_id`) REFERENCES `students` (`id`) ON DELETE CASCADE ON UPDATE CASCADE,
  CONSTRAINT `fk_fitness_test` FOREIGN KEY (`test_id`) REFERENCES `fitness_tests` (`id`) ON DELETE CASCADE ON UPDATE CASCADE,
  CONSTRAINT `fk_fitness_user` FOREIGN KEY (`recorded_by`) REFERENCES `users` (`id`) ON DELETE SET NULL ON UPDATE CASCADE
) ENGINE=InnoDB AUTO_INCREMENT=233 DEFAULT CHARSET=utf8mb4 COLLATE=utf8mb4_unicode_ci;
/*!40101 SET character_set_client = @saved_cs_client */;

--
-- Dumping data for table `student_fitness`
--

LOCK TABLES `student_fitness` WRITE;
/*!40000 ALTER TABLE `student_fitness` DISABLE KEYS */;
INSERT INTO `student_fitness` VALUES (8,1,3,3,5.00,1,'2025-01-15',NULL,'2026-02-14 03:42:23','2026-02-14 03:42:23'),(9,1,3,4,8.00,2,'2025-01-15',NULL,'2026-02-14 03:42:23','2026-02-14 03:42:23'),(10,1,4,3,31.00,9,'2025-01-15',NULL,'2026-02-14 03:42:23','2026-02-14 03:42:23'),(11,1,4,5,7.70,8,'2025-01-15',NULL,'2026-02-14 03:42:23','2026-02-14 03:42:23'),(12,1,5,1,6.10,9,'2026-02-15',1,'2026-02-14 03:42:23','2026-02-15 04:43:29'),(13,1,5,2,18.00,5,'2025-01-15',NULL,'2026-02-14 03:42:23','2026-02-14 03:42:23'),(14,1,5,3,29.00,8,'2025-01-15',NULL,'2026-02-14 03:42:23','2026-02-14 03:42:23'),(15,1,6,2,12.00,3,'2025-01-15',NULL,'2026-02-14 03:42:23','2026-02-14 03:42:23'),(16,1,6,3,19.00,5,'2025-01-15',NULL,'2026-02-14 03:42:23','2026-02-14 03:42:23'),(17,1,6,4,29.00,8,'2025-01-15',NULL,'2026-02-14 03:42:23','2026-02-14 03:42:23'),(18,1,7,1,14.50,2,'2026-03-03',1,'2026-02-14 03:42:23','2026-03-03 02:45:38'),(19,1,7,2,22.00,6,'2025-01-15',NULL,'2026-02-14 03:42:23','2026-02-14 03:42:23'),(20,1,7,3,13.00,4,'2025-01-15',NULL,'2026-02-14 03:42:23','2026-02-14 03:42:23'),(21,1,7,4,6.00,2,'2025-01-15',NULL,'2026-02-14 03:42:23','2026-02-14 03:42:23'),(22,1,7,5,14.70,2,'2025-01-15',NULL,'2026-02-14 03:42:23','2026-02-14 03:42:23'),(23,1,8,1,6.60,9,'2026-03-03',1,'2026-02-14 03:42:23','2026-03-03 02:45:38'),(24,1,8,3,17.00,5,'2025-01-15',NULL,'2026-02-14 03:42:23','2026-02-14 03:42:23'),(25,1,8,4,29.00,8,'2025-01-15',NULL,'2026-02-14 03:42:23','2026-02-14 03:42:23'),(26,1,8,5,6.80,9,'2025-01-15',NULL,'2026-02-14 03:42:23','2026-02-14 03:42:23'),(27,1,9,1,5.90,9,'2025-01-15',NULL,'2026-02-14 03:42:23','2026-02-14 03:42:23'),(28,1,9,2,14.00,4,'2025-01-15',NULL,'2026-02-14 03:42:23','2026-02-14 03:42:23'),(29,1,9,3,27.00,8,'2025-01-15',NULL,'2026-02-14 03:42:23','2026-02-14 03:42:23'),(30,1,9,4,28.00,8,'2025-01-15',NULL,'2026-02-14 03:42:23','2026-02-14 03:42:23'),(31,1,10,1,12.50,4,'2025-01-15',NULL,'2026-02-14 03:42:23','2026-02-14 03:42:23'),(32,1,10,2,26.00,7,'2025-01-15',NULL,'2026-02-14 03:42:23','2026-02-14 03:42:23'),(33,1,10,3,34.00,10,'2025-01-15',NULL,'2026-02-14 03:42:23','2026-02-14 03:42:23'),(34,1,10,4,6.00,2,'2025-01-15',NULL,'2026-02-14 03:42:23','2026-02-14 03:42:23'),(35,1,10,5,5.60,10,'2025-01-15',NULL,'2026-02-14 03:42:23','2026-02-14 03:42:23'),(36,1,11,1,12.90,4,'2026-03-03',1,'2026-02-14 03:42:23','2026-03-03 02:45:38'),(37,1,11,2,29.00,8,'2025-01-15',NULL,'2026-02-14 03:42:23','2026-02-14 03:42:23'),(38,1,11,3,23.00,7,'2025-01-15',NULL,'2026-02-14 03:42:23','2026-02-14 03:42:23'),(39,1,11,4,27.00,8,'2025-01-15',NULL,'2026-02-14 03:42:23','2026-02-14 03:42:23'),(40,1,11,5,8.80,7,'2025-01-15',NULL,'2026-02-14 03:42:23','2026-02-14 03:42:23'),(41,1,12,3,11.00,3,'2025-01-15',NULL,'2026-02-14 03:42:23','2026-02-14 03:42:23'),(42,1,12,4,21.00,6,'2025-01-15',NULL,'2026-02-14 03:42:23','2026-02-14 03:42:23'),(43,1,12,5,6.60,9,'2025-01-15',NULL,'2026-02-14 03:42:23','2026-02-14 03:42:23'),(44,1,13,1,8.10,8,'2026-03-03',1,'2026-02-14 03:42:23','2026-03-03 02:45:38'),(45,1,13,2,33.00,9,'2025-01-15',NULL,'2026-02-14 03:42:23','2026-02-14 03:42:23'),(46,1,13,4,10.00,3,'2025-01-15',NULL,'2026-02-14 03:42:23','2026-02-14 03:42:23'),(47,1,13,5,10.50,6,'2025-01-15',NULL,'2026-02-14 03:42:23','2026-02-14 03:42:23'),(48,1,14,2,29.00,8,'2025-01-15',NULL,'2026-02-14 03:42:23','2026-02-14 03:42:23'),(49,1,14,3,18.00,5,'2025-01-15',NULL,'2026-02-14 03:42:23','2026-02-14 03:42:23'),(50,1,14,5,8.90,7,'2025-01-15',NULL,'2026-02-14 03:42:23','2026-02-14 03:42:23'),(51,1,15,1,7.10,8,'2025-01-15',NULL,'2026-02-14 03:42:23','2026-02-14 03:42:23'),(52,1,15,2,10.00,3,'2025-01-15',NULL,'2026-02-14 03:42:23','2026-02-14 03:42:23'),(53,1,15,3,10.00,3,'2025-01-15',NULL,'2026-02-14 03:42:23','2026-02-14 03:42:23'),(54,1,15,4,33.00,9,'2025-01-15',NULL,'2026-02-14 03:42:23','2026-02-14 03:42:23'),(55,1,15,5,13.70,3,'2025-01-15',NULL,'2026-02-14 03:42:23','2026-02-14 03:42:23'),(56,1,16,1,13.20,3,'2025-01-15',NULL,'2026-02-14 03:42:23','2026-02-14 03:42:23'),(57,1,16,3,31.00,9,'2025-01-15',NULL,'2026-02-14 03:42:23','2026-02-14 03:42:23'),(58,1,16,4,12.00,3,'2025-01-15',NULL,'2026-02-14 03:42:23','2026-02-14 03:42:23'),(59,1,16,5,9.00,7,'2025-01-15',NULL,'2026-02-14 03:42:23','2026-02-14 03:42:23'),(60,1,17,4,10.00,3,'2025-01-15',NULL,'2026-02-14 03:42:23','2026-02-14 03:42:23'),(61,1,17,5,7.50,8,'2025-01-15',NULL,'2026-02-14 03:42:23','2026-02-14 03:42:23'),(62,1,18,1,14.70,2,'2025-01-15',NULL,'2026-02-14 03:42:23','2026-02-14 03:42:23'),(63,1,18,2,22.00,6,'2025-01-15',NULL,'2026-02-14 03:42:23','2026-02-14 03:42:23'),(64,1,18,3,35.00,10,'2025-01-15',NULL,'2026-02-14 03:42:23','2026-02-14 03:42:23'),(65,1,18,5,7.30,8,'2025-01-15',NULL,'2026-02-14 03:42:23','2026-02-14 03:42:23'),(66,1,19,1,14.70,2,'2025-01-15',NULL,'2026-02-14 03:42:23','2026-02-14 03:42:23'),(67,1,19,2,32.00,9,'2025-01-15',NULL,'2026-02-14 03:42:23','2026-02-14 03:42:23'),(68,1,19,3,24.00,7,'2025-01-15',NULL,'2026-02-14 03:42:23','2026-02-14 03:42:23'),(69,1,19,4,11.00,3,'2025-01-15',NULL,'2026-02-14 03:42:23','2026-02-14 03:42:23'),(70,1,19,5,6.80,9,'2025-01-15',NULL,'2026-02-14 03:42:23','2026-02-14 03:42:23'),(71,1,20,1,14.10,3,'2025-01-15',NULL,'2026-02-14 03:42:23','2026-02-14 03:42:23'),(72,1,20,2,19.00,5,'2025-01-15',NULL,'2026-02-14 03:42:23','2026-02-14 03:42:23'),(73,1,20,3,13.00,4,'2025-01-15',NULL,'2026-02-14 03:42:23','2026-02-14 03:42:23'),(74,1,20,4,14.00,4,'2025-01-15',NULL,'2026-02-14 03:42:23','2026-02-14 03:42:23'),(75,1,20,5,6.10,9,'2025-01-15',NULL,'2026-02-14 03:42:23','2026-02-14 03:42:23'),(76,1,21,1,12.80,4,'2025-01-15',NULL,'2026-02-14 03:42:23','2026-02-14 03:42:23'),(77,1,21,2,8.00,2,'2025-01-15',NULL,'2026-02-14 03:42:23','2026-02-14 03:42:23'),(78,1,21,3,5.00,1,'2025-01-15',NULL,'2026-02-14 03:42:23','2026-02-14 03:42:23'),(79,1,22,2,25.00,7,'2025-01-15',NULL,'2026-02-14 03:42:23','2026-02-14 03:42:23'),(80,1,22,3,13.00,4,'2025-01-15',NULL,'2026-02-14 03:42:23','2026-02-14 03:42:23'),(81,1,22,5,7.00,8,'2025-01-15',NULL,'2026-02-14 03:42:23','2026-02-14 03:42:23'),(82,1,23,1,9.40,6,'2026-03-06',1,'2026-02-14 03:42:23','2026-03-06 12:11:39'),(83,1,23,4,15.00,4,'2025-01-15',NULL,'2026-02-14 03:42:23','2026-02-14 03:42:23'),(84,1,23,5,12.90,4,'2025-01-15',NULL,'2026-02-14 03:42:23','2026-02-14 03:42:23'),(85,1,24,1,12.40,4,'2026-03-06',1,'2026-02-14 03:42:23','2026-03-06 12:11:39'),(86,1,24,4,27.00,8,'2025-01-15',NULL,'2026-02-14 03:42:23','2026-02-14 03:42:23'),(87,1,24,5,10.20,6,'2025-01-15',NULL,'2026-02-14 03:42:23','2026-02-14 03:42:23'),(88,1,25,3,22.00,6,'2025-01-15',NULL,'2026-02-14 03:42:23','2026-02-14 03:42:23'),(89,1,25,4,13.00,4,'2025-01-15',NULL,'2026-02-14 03:42:23','2026-02-14 03:42:23'),(90,1,25,5,8.10,8,'2025-01-15',NULL,'2026-02-14 03:42:23','2026-02-14 03:42:23'),(91,1,26,2,23.00,7,'2025-01-15',NULL,'2026-02-14 03:42:23','2026-02-14 03:42:23'),(92,1,26,3,13.00,4,'2025-01-15',NULL,'2026-02-14 03:42:23','2026-02-14 03:42:23'),(93,1,26,4,21.00,6,'2025-01-15',NULL,'2026-02-14 03:42:23','2026-02-14 03:42:23'),(94,1,27,1,7.40,8,'2026-03-06',1,'2026-02-14 03:42:23','2026-03-06 12:11:39'),(95,1,27,2,35.00,10,'2025-01-15',NULL,'2026-02-14 03:42:23','2026-02-14 03:42:23'),(96,1,27,3,26.00,7,'2025-01-15',NULL,'2026-02-14 03:42:23','2026-02-14 03:42:23'),(97,1,27,5,10.40,6,'2025-01-15',NULL,'2026-02-14 03:42:23','2026-02-14 03:42:23'),(98,1,28,3,9.00,3,'2025-01-15',NULL,'2026-02-14 03:42:23','2026-02-14 03:42:23'),(99,1,28,4,34.00,10,'2025-01-15',NULL,'2026-02-14 03:42:23','2026-02-14 03:42:23'),(100,1,29,1,11.40,5,'2026-03-06',1,'2026-02-14 03:42:23','2026-03-06 12:11:39'),(101,1,29,3,7.00,2,'2025-01-15',NULL,'2026-02-14 03:42:23','2026-02-14 03:42:23'),(102,1,29,4,9.00,3,'2025-01-15',NULL,'2026-02-14 03:42:23','2026-02-14 03:42:23'),(103,1,29,5,9.20,7,'2025-01-15',NULL,'2026-02-14 03:42:23','2026-02-14 03:42:23'),(104,1,30,1,11.40,5,'2025-01-15',NULL,'2026-02-14 03:42:23','2026-02-14 03:42:23'),(105,1,30,3,19.00,5,'2025-01-15',NULL,'2026-02-14 03:42:23','2026-02-14 03:42:23'),(106,1,30,4,6.00,2,'2025-01-15',NULL,'2026-02-14 03:42:23','2026-02-14 03:42:23'),(107,1,30,5,5.40,10,'2025-01-15',NULL,'2026-02-14 03:42:23','2026-02-14 03:42:23'),(108,1,31,1,13.10,4,'2025-01-15',NULL,'2026-02-14 03:42:23','2026-02-14 03:42:23'),(109,1,31,2,13.00,4,'2025-01-15',NULL,'2026-02-14 03:42:23','2026-02-14 03:42:23'),(110,1,31,3,28.00,8,'2025-01-15',NULL,'2026-02-14 03:42:23','2026-02-14 03:42:23'),(111,1,31,5,10.10,6,'2025-01-15',NULL,'2026-02-14 03:42:23','2026-02-14 03:42:23'),(112,1,32,1,8.90,7,'2025-01-15',NULL,'2026-02-14 03:42:23','2026-02-14 03:42:23'),(113,1,32,2,7.00,2,'2025-01-15',NULL,'2026-02-14 03:42:23','2026-02-14 03:42:23'),(114,1,32,3,19.00,5,'2025-01-15',NULL,'2026-02-14 03:42:23','2026-02-14 03:42:23'),(115,1,32,4,22.00,6,'2025-01-15',NULL,'2026-02-14 03:42:23','2026-02-14 03:42:23'),(116,1,32,5,14.70,2,'2025-01-15',NULL,'2026-02-14 03:42:23','2026-02-14 03:42:23'),(117,1,33,1,8.70,7,'2025-01-15',NULL,'2026-02-14 03:42:23','2026-02-14 03:42:23'),(118,1,33,2,13.00,4,'2025-01-15',NULL,'2026-02-14 03:42:23','2026-02-14 03:42:23'),(119,1,33,3,6.00,2,'2025-01-15',NULL,'2026-02-14 03:42:23','2026-02-14 03:42:23'),(120,1,33,4,17.00,5,'2025-01-15',NULL,'2026-02-14 03:42:23','2026-02-14 03:42:23'),(121,1,33,5,12.80,4,'2025-01-15',NULL,'2026-02-14 03:42:23','2026-02-14 03:42:23'),(122,1,34,1,10.20,6,'2025-01-15',NULL,'2026-02-14 03:42:23','2026-02-14 03:42:23'),(123,1,34,2,6.00,2,'2025-01-15',NULL,'2026-02-14 03:42:23','2026-02-14 03:42:23'),(124,1,34,4,21.00,6,'2025-01-15',NULL,'2026-02-14 03:42:23','2026-02-14 03:42:23'),(125,1,34,5,8.30,7,'2025-01-15',NULL,'2026-02-14 03:42:23','2026-02-14 03:42:23'),(126,1,35,2,22.00,6,'2025-01-15',NULL,'2026-02-14 03:42:23','2026-02-14 03:42:23'),(127,1,35,4,35.00,10,'2025-01-15',NULL,'2026-02-14 03:42:23','2026-02-14 03:42:23'),(128,1,36,1,11.80,5,'2025-01-15',NULL,'2026-02-14 03:42:23','2026-02-14 03:42:23'),(129,1,36,2,23.00,7,'2025-01-15',NULL,'2026-02-14 03:42:23','2026-02-14 03:42:23'),(130,1,36,3,15.00,4,'2025-01-15',NULL,'2026-02-14 03:42:23','2026-02-14 03:42:23'),(131,1,36,4,10.00,3,'2025-01-15',NULL,'2026-02-14 03:42:23','2026-02-14 03:42:23'),(132,1,37,1,11.60,5,'2025-01-15',NULL,'2026-02-14 03:42:23','2026-02-14 03:42:23'),(133,1,37,2,19.00,5,'2025-01-15',NULL,'2026-02-14 03:42:23','2026-02-14 03:42:23'),(134,1,37,3,31.00,9,'2025-01-15',NULL,'2026-02-14 03:42:23','2026-02-14 03:42:23'),(135,1,37,4,5.00,1,'2025-01-15',NULL,'2026-02-14 03:42:23','2026-02-14 03:42:23'),(136,1,37,5,7.80,8,'2025-01-15',NULL,'2026-02-14 03:42:23','2026-02-14 03:42:23'),(137,1,38,2,21.00,6,'2025-01-15',NULL,'2026-02-14 03:42:23','2026-02-14 03:42:23'),(138,1,38,3,9.00,3,'2025-01-15',NULL,'2026-02-14 03:42:23','2026-02-14 03:42:23'),(139,1,38,4,33.00,9,'2025-01-15',NULL,'2026-02-14 03:42:23','2026-02-14 03:42:23'),(140,1,38,5,6.90,8,'2025-01-15',NULL,'2026-02-14 03:42:23','2026-02-14 03:42:23'),(141,1,39,2,5.00,1,'2025-01-15',NULL,'2026-02-14 03:42:23','2026-02-14 03:42:23'),(142,1,39,3,27.00,8,'2025-01-15',NULL,'2026-02-14 03:42:23','2026-02-14 03:42:23'),(143,1,39,5,13.90,3,'2025-01-15',NULL,'2026-02-14 03:42:23','2026-02-14 03:42:23'),(144,1,40,1,8.80,7,'2025-01-15',NULL,'2026-02-14 03:42:23','2026-02-14 03:42:23'),(145,1,40,5,13.60,3,'2025-01-15',NULL,'2026-02-14 03:42:23','2026-02-14 03:42:23'),(146,1,41,2,5.00,1,'2025-01-15',NULL,'2026-02-14 03:42:23','2026-02-14 03:42:23'),(147,1,41,3,13.00,4,'2025-01-15',NULL,'2026-02-14 03:42:23','2026-02-14 03:42:23'),(148,1,41,4,20.00,6,'2025-01-15',NULL,'2026-02-14 03:42:23','2026-02-14 03:42:23'),(149,1,41,5,13.90,3,'2025-01-15',NULL,'2026-02-14 03:42:23','2026-02-14 03:42:23'),(150,1,42,1,6.50,9,'2025-01-15',NULL,'2026-02-14 03:42:23','2026-02-14 03:42:23'),(151,1,42,2,9.00,3,'2025-01-15',NULL,'2026-02-14 03:42:23','2026-02-14 03:42:23'),(152,1,42,3,25.00,7,'2025-01-15',NULL,'2026-02-14 03:42:23','2026-02-14 03:42:23'),(153,1,42,4,14.00,4,'2025-01-15',NULL,'2026-02-14 03:42:23','2026-02-14 03:42:23'),(154,1,43,1,14.20,3,'2025-01-15',NULL,'2026-02-14 03:42:23','2026-02-14 03:42:23'),(155,1,43,3,22.00,6,'2025-01-15',NULL,'2026-02-14 03:42:23','2026-02-14 03:42:23'),(156,1,43,4,27.00,8,'2025-01-15',NULL,'2026-02-14 03:42:23','2026-02-14 03:42:23'),(157,1,43,5,5.60,10,'2025-01-15',NULL,'2026-02-14 03:42:23','2026-02-14 03:42:23'),(158,1,44,2,20.00,6,'2025-01-15',NULL,'2026-02-14 03:42:23','2026-02-14 03:42:23'),(159,1,44,3,34.00,10,'2025-01-15',NULL,'2026-02-14 03:42:23','2026-02-14 03:42:23'),(160,1,44,4,15.00,4,'2025-01-15',NULL,'2026-02-14 03:42:23','2026-02-14 03:42:23'),(161,1,44,5,7.60,8,'2025-01-15',NULL,'2026-02-14 03:42:23','2026-02-14 03:42:23'),(162,1,45,1,6.10,9,'2025-01-15',NULL,'2026-02-14 03:42:23','2026-02-14 03:42:23'),(163,1,45,3,12.00,3,'2025-01-15',NULL,'2026-02-14 03:42:23','2026-02-14 03:42:23'),(164,1,45,4,25.00,7,'2025-01-15',NULL,'2026-02-14 03:42:23','2026-02-14 03:42:23'),(165,1,45,5,10.10,6,'2025-01-15',NULL,'2026-02-14 03:42:23','2026-02-14 03:42:23'),(166,1,46,1,5.20,10,'2025-01-15',NULL,'2026-02-14 03:42:23','2026-02-14 03:42:23'),(167,1,46,2,32.00,9,'2025-01-15',NULL,'2026-02-14 03:42:23','2026-02-14 03:42:23'),(168,1,46,3,23.00,7,'2025-01-15',NULL,'2026-02-14 03:42:23','2026-02-14 03:42:23'),(169,1,46,4,22.00,6,'2025-01-15',NULL,'2026-02-14 03:42:23','2026-02-14 03:42:23'),(170,1,46,5,5.30,10,'2025-01-15',NULL,'2026-02-14 03:42:23','2026-02-14 03:42:23'),(171,1,47,1,14.50,2,'2025-01-15',NULL,'2026-02-14 03:42:23','2026-02-14 03:42:23'),(172,1,47,2,26.00,7,'2025-01-15',NULL,'2026-02-14 03:42:23','2026-02-14 03:42:23'),(173,1,47,3,9.00,3,'2025-01-15',NULL,'2026-02-14 03:42:23','2026-02-14 03:42:23'),(174,1,47,4,11.00,3,'2025-01-15',NULL,'2026-02-14 03:42:23','2026-02-14 03:42:23'),(175,1,47,5,14.00,3,'2025-01-15',NULL,'2026-02-14 03:42:23','2026-02-14 03:42:23'),(197,1,147,1,8.00,9,'2026-03-03',1,'2026-03-03 02:45:38','2026-03-03 02:45:38'),(206,1,65,1,8.00,9,'2026-03-06',1,'2026-03-06 12:11:39','2026-03-06 12:11:39'),(207,1,66,1,9.25,8,'2026-03-06',1,'2026-03-06 12:11:39','2026-03-06 12:11:39'),(208,1,67,1,8.70,9,'2026-03-06',1,'2026-03-06 12:11:39','2026-03-06 12:11:39'),(209,1,68,1,10.00,8,'2026-03-06',1,'2026-03-06 12:11:39','2026-03-06 12:11:39'),(210,1,22,1,8.00,9,'2026-03-06',1,'2026-03-06 12:11:39','2026-03-06 12:11:39'),(232,1,125,1,8.56,9,'2026-03-06',1,'2026-03-06 12:12:26','2026-03-06 12:12:26');
/*!40000 ALTER TABLE `student_fitness` ENABLE KEYS */;
UNLOCK TABLES;

--
-- Table structure for table `student_health`
--

DROP TABLE IF EXISTS `student_health`;
/*!40101 SET @saved_cs_client     = @@character_set_client */;
/*!40101 SET character_set_client = utf8 */;
CREATE TABLE `student_health` (
  `id` int(10) unsigned NOT NULL AUTO_INCREMENT,
  `school_id` int(10) unsigned DEFAULT 1,
  `student_id` int(10) unsigned NOT NULL,
  `condition_type` enum('asthma','diabetes','heart','allergy','bones','vision','exemption','other') NOT NULL,
  `condition_name` varchar(150) NOT NULL,
  `severity` enum('mild','moderate','severe') NOT NULL DEFAULT 'mild',
  `notes` text DEFAULT NULL,
  `is_active` tinyint(1) NOT NULL DEFAULT 1,
  `start_date` date DEFAULT NULL,
  `end_date` date DEFAULT NULL,
  `recorded_by` int(10) unsigned DEFAULT NULL,
  `created_at` timestamp NULL DEFAULT current_timestamp(),
  `updated_at` timestamp NULL DEFAULT current_timestamp() ON UPDATE current_timestamp(),
  PRIMARY KEY (`id`),
  KEY `idx_student` (`student_id`),
  KEY `idx_type` (`condition_type`),
  KEY `idx_active` (`is_active`),
  KEY `idx_severity` (`severity`),
  KEY `fk_health_user` (`recorded_by`),
  KEY `idx_student_health_school` (`school_id`),
  CONSTRAINT `fk_health_student` FOREIGN KEY (`student_id`) REFERENCES `students` (`id`) ON DELETE CASCADE ON UPDATE CASCADE,
  CONSTRAINT `fk_health_user` FOREIGN KEY (`recorded_by`) REFERENCES `users` (`id`) ON DELETE SET NULL ON UPDATE CASCADE
) ENGINE=InnoDB AUTO_INCREMENT=15 DEFAULT CHARSET=utf8mb4 COLLATE=utf8mb4_unicode_ci;
/*!40101 SET character_set_client = @saved_cs_client */;

--
-- Dumping data for table `student_health`
--

LOCK TABLES `student_health` WRITE;
/*!40000 ALTER TABLE `student_health` DISABLE KEYS */;
INSERT INTO `student_health` VALUES (1,1,46,'asthma','ربو','mild','يحتاج بخاخ قبل الجري الطويل',1,'2024-09-01',NULL,1,'2026-02-14 03:42:23','2026-02-14 03:42:23'),(2,1,39,'asthma','ربو شديد','severe','يحتاج بخاخ دائم - تجنب الجري المطول',1,'2024-09-01',NULL,1,'2026-02-14 03:42:23','2026-02-14 03:42:23'),(3,1,18,'diabetes','سكري نوع 1','moderate','يحتاج متابعة مستوى السكر قبل التمارين',1,'2024-09-01',NULL,1,'2026-02-14 03:42:23','2026-02-14 03:42:23'),(4,1,24,'heart','عيب خلقي بالقلب','severe','تجنب التمارين العنيفة - حسب تقرير الطبيب',1,'2024-09-01',NULL,1,'2026-02-14 03:42:23','2026-02-14 03:42:23'),(5,1,21,'allergy','حساسية صدرية','mild','تظهر مع الغبار والأتربة',1,'2024-09-01',NULL,1,'2026-02-14 03:42:23','2026-02-14 03:42:23'),(6,1,36,'bones','كسر سابق بالذراع','mild','تعافى - يحتاج حذر في تمارين الذراعين',1,'2024-09-01',NULL,1,'2026-02-14 03:42:23','2026-02-14 03:42:23'),(7,1,22,'bones','خشونة بالركبة','moderate','تجنب القفز والجري الطويل',1,'2024-09-01',NULL,1,'2026-02-14 03:42:23','2026-02-14 03:42:23'),(8,1,19,'vision','ضعف نظر شديد','moderate','يرتدي نظارة - حذر في الرياضات الجماعية',1,'2024-09-01',NULL,1,'2026-02-14 03:42:23','2026-02-14 03:42:23'),(9,1,34,'exemption','إعفاء طبي جزئي','moderate','معفى من اختبارات الجري فقط',1,'2024-09-01',NULL,1,'2026-02-14 03:42:23','2026-02-14 03:42:23'),(10,1,25,'exemption','إعفاء طبي كامل','severe','معفى من جميع الاختبارات البدنية',1,'2024-09-01',NULL,1,'2026-02-14 03:42:23','2026-02-14 03:42:23'),(11,1,16,'other','صداع نصفي متكرر','mild','يحتاج راحة عند الإحساس بالصداع',1,'2024-09-01',NULL,1,'2026-02-14 03:42:23','2026-02-14 03:42:23'),(12,1,4,'allergy','حساسية من الشمس','mild','تجنب التمارين في الشمس المباشرة',1,'2024-09-01',NULL,1,'2026-02-14 03:42:23','2026-02-14 03:42:23'),(13,1,11,'other','ارتفاع درجة الحرارة','mild',NULL,1,NULL,NULL,1,'2026-02-21 13:32:20','2026-02-21 13:32:20'),(14,1,147,'other','دوخه وارتفاع درجة الحرارة','mild',NULL,1,NULL,NULL,1,'2026-03-03 02:54:37','2026-03-03 02:54:37');
/*!40000 ALTER TABLE `student_health` ENABLE KEYS */;
UNLOCK TABLES;

--
-- Table structure for table `student_measurements`
--

DROP TABLE IF EXISTS `student_measurements`;
/*!40101 SET @saved_cs_client     = @@character_set_client */;
/*!40101 SET character_set_client = utf8 */;
CREATE TABLE `student_measurements` (
  `id` int(10) unsigned NOT NULL AUTO_INCREMENT,
  `school_id` int(10) unsigned DEFAULT 1,
  `student_id` int(10) unsigned NOT NULL,
  `measurement_date` date NOT NULL,
  `height_cm` decimal(5,1) DEFAULT NULL,
  `weight_kg` decimal(5,1) DEFAULT NULL,
  `bmi` decimal(4,1) DEFAULT NULL,
  `bmi_category` enum('underweight','normal','overweight','obese') DEFAULT NULL,
  `waist_cm` decimal(5,1) DEFAULT NULL,
  `resting_heart_rate` int(10) unsigned DEFAULT NULL,
  `notes` text DEFAULT NULL,
  `recorded_by` int(10) unsigned DEFAULT NULL,
  `created_at` timestamp NULL DEFAULT current_timestamp(),
  `updated_at` timestamp NULL DEFAULT current_timestamp() ON UPDATE current_timestamp(),
  PRIMARY KEY (`id`),
  KEY `idx_student` (`student_id`),
  KEY `idx_date` (`measurement_date`),
  KEY `idx_bmi` (`bmi_category`),
  KEY `fk_measurements_user` (`recorded_by`),
  KEY `idx_student_measurements_school` (`school_id`),
  CONSTRAINT `fk_measurements_student` FOREIGN KEY (`student_id`) REFERENCES `students` (`id`) ON DELETE CASCADE ON UPDATE CASCADE,
  CONSTRAINT `fk_measurements_user` FOREIGN KEY (`recorded_by`) REFERENCES `users` (`id`) ON DELETE SET NULL ON UPDATE CASCADE
) ENGINE=InnoDB AUTO_INCREMENT=98 DEFAULT CHARSET=utf8mb4 COLLATE=utf8mb4_unicode_ci;
/*!40101 SET character_set_client = @saved_cs_client */;

--
-- Dumping data for table `student_measurements`
--

LOCK TABLES `student_measurements` WRITE;
/*!40000 ALTER TABLE `student_measurements` DISABLE KEYS */;
INSERT INTO `student_measurements` VALUES (5,1,3,'2024-09-15',170.0,65.0,22.5,'normal',71.0,73,NULL,1,'2026-02-14 03:42:23','2026-02-14 03:42:23'),(6,1,3,'2025-01-15',172.0,65.0,22.0,'normal',67.0,70,NULL,1,'2026-02-14 03:42:23','2026-02-14 03:42:23'),(7,1,4,'2024-09-15',181.0,45.0,13.7,'underweight',99.0,93,NULL,1,'2026-02-14 03:42:23','2026-02-14 03:42:23'),(8,1,4,'2025-01-15',182.0,43.0,13.0,'underweight',74.0,83,NULL,1,'2026-02-14 03:42:23','2026-02-14 03:42:23'),(9,1,5,'2024-09-15',183.0,88.0,26.3,'overweight',100.0,70,NULL,1,'2026-02-14 03:42:23','2026-02-14 03:42:23'),(10,1,5,'2025-01-15',183.0,91.0,27.2,'overweight',86.0,83,NULL,1,'2026-02-14 03:42:23','2026-02-14 03:42:23'),(11,1,6,'2024-09-15',172.0,77.0,26.0,'overweight',90.0,66,NULL,1,'2026-02-14 03:42:23','2026-02-14 03:42:23'),(12,1,6,'2025-01-15',172.0,77.0,26.0,'overweight',69.0,70,NULL,1,'2026-02-14 03:42:23','2026-02-14 03:42:23'),(13,1,7,'2024-09-15',163.0,56.0,21.1,'normal',69.0,68,NULL,1,'2026-02-14 03:42:23','2026-02-14 03:42:23'),(14,1,7,'2025-01-15',164.0,56.0,20.8,'normal',69.0,93,NULL,1,'2026-02-14 03:42:23','2026-02-14 03:42:23'),(15,1,8,'2024-09-15',168.0,47.0,16.7,'underweight',70.0,88,NULL,1,'2026-02-14 03:42:23','2026-02-14 03:42:23'),(16,1,8,'2025-01-15',169.0,48.0,16.8,'underweight',72.0,72,NULL,1,'2026-02-14 03:42:23','2026-02-14 03:42:23'),(17,1,9,'2024-09-15',167.0,84.0,30.1,'obese',60.0,75,NULL,1,'2026-02-14 03:42:23','2026-02-14 03:42:23'),(18,1,9,'2025-01-15',169.0,85.0,29.8,'overweight',72.0,80,NULL,1,'2026-02-14 03:42:23','2026-02-14 03:42:23'),(19,1,10,'2024-09-15',185.0,86.0,25.1,'overweight',98.0,86,NULL,1,'2026-02-14 03:42:23','2026-02-14 03:42:23'),(20,1,10,'2025-01-15',188.0,89.0,25.2,'overweight',96.0,84,NULL,1,'2026-02-14 03:42:23','2026-02-14 03:42:23'),(21,1,11,'2024-09-15',164.0,91.0,33.8,'obese',81.0,80,NULL,1,'2026-02-14 03:42:23','2026-02-14 03:42:23'),(22,1,11,'2025-01-15',165.0,94.0,34.5,'obese',71.0,89,NULL,1,'2026-02-14 03:42:23','2026-02-14 03:42:23'),(23,1,12,'2024-09-15',171.0,73.0,25.0,'overweight',99.0,71,NULL,1,'2026-02-14 03:42:23','2026-02-14 03:42:23'),(24,1,12,'2025-01-15',173.0,75.0,25.1,'overweight',84.0,84,NULL,1,'2026-02-14 03:42:23','2026-02-14 03:42:23'),(25,1,13,'2024-09-15',165.0,72.0,26.4,'overweight',99.0,68,NULL,1,'2026-02-14 03:42:23','2026-02-14 03:42:23'),(26,1,13,'2025-01-15',168.0,72.0,25.5,'overweight',78.0,81,NULL,1,'2026-02-14 03:42:23','2026-02-14 03:42:23'),(27,1,14,'2024-09-15',159.0,84.0,33.2,'obese',95.0,72,NULL,1,'2026-02-14 03:42:23','2026-02-14 03:42:23'),(28,1,14,'2025-01-15',160.0,86.0,33.6,'obese',73.0,61,NULL,1,'2026-02-14 03:42:23','2026-02-14 03:42:23'),(29,1,15,'2024-09-15',157.0,95.0,38.5,'obese',81.0,69,NULL,1,'2026-02-14 03:42:23','2026-02-14 03:42:23'),(30,1,15,'2025-01-15',157.0,94.0,38.1,'obese',100.0,93,NULL,1,'2026-02-14 03:42:23','2026-02-14 03:42:23'),(31,1,16,'2024-09-15',164.0,61.0,22.7,'normal',90.0,82,NULL,1,'2026-02-14 03:42:23','2026-02-14 03:42:23'),(32,1,16,'2025-01-15',166.0,62.0,22.5,'normal',85.0,91,NULL,1,'2026-02-14 03:42:23','2026-02-14 03:42:23'),(33,1,17,'2024-09-15',171.0,88.0,30.1,'obese',78.0,81,NULL,1,'2026-02-14 03:42:23','2026-02-14 03:42:23'),(34,1,17,'2025-01-15',173.0,88.0,29.4,'overweight',83.0,77,NULL,1,'2026-02-14 03:42:23','2026-02-14 03:42:23'),(35,1,18,'2024-09-15',159.0,81.0,32.0,'obese',88.0,89,NULL,1,'2026-02-14 03:42:23','2026-02-14 03:42:23'),(36,1,18,'2025-01-15',162.0,82.0,31.2,'obese',89.0,85,NULL,1,'2026-02-14 03:42:23','2026-02-14 03:42:23'),(37,1,19,'2024-09-15',185.0,57.0,16.7,'underweight',74.0,78,NULL,1,'2026-02-14 03:42:23','2026-02-14 03:42:23'),(38,1,19,'2025-01-15',186.0,59.0,17.1,'underweight',97.0,89,NULL,1,'2026-02-14 03:42:23','2026-02-14 03:42:23'),(39,1,20,'2024-09-15',180.0,55.0,17.0,'underweight',83.0,88,NULL,1,'2026-02-14 03:42:23','2026-02-14 03:42:23'),(40,1,20,'2025-01-15',182.0,53.0,16.0,'underweight',73.0,92,NULL,1,'2026-02-14 03:42:23','2026-02-14 03:42:23'),(41,1,21,'2024-09-15',173.0,81.0,27.1,'overweight',73.0,90,NULL,1,'2026-02-14 03:42:23','2026-02-14 03:42:23'),(42,1,21,'2025-01-15',173.0,80.0,26.7,'overweight',94.0,65,NULL,1,'2026-02-14 03:42:23','2026-02-14 03:42:23'),(43,1,22,'2024-09-15',176.0,48.0,15.5,'underweight',84.0,86,NULL,1,'2026-02-14 03:42:23','2026-02-14 03:42:23'),(44,1,22,'2025-01-15',178.0,51.0,16.1,'underweight',75.0,68,NULL,1,'2026-02-14 03:42:23','2026-02-14 03:42:23'),(45,1,23,'2024-09-15',163.0,85.0,32.0,'obese',97.0,74,NULL,1,'2026-02-14 03:42:23','2026-02-14 03:42:23'),(46,1,23,'2025-01-15',166.0,86.0,31.2,'obese',78.0,68,NULL,1,'2026-02-14 03:42:23','2026-02-14 03:42:23'),(47,1,24,'2024-09-15',182.0,91.0,27.5,'overweight',66.0,62,NULL,1,'2026-02-14 03:42:23','2026-02-14 03:42:23'),(48,1,24,'2025-01-15',182.0,92.0,27.8,'overweight',100.0,69,NULL,1,'2026-02-14 03:42:23','2026-02-14 03:42:23'),(49,1,25,'2024-09-15',160.0,82.0,32.0,'obese',74.0,86,NULL,1,'2026-02-14 03:42:23','2026-02-14 03:42:23'),(50,1,25,'2025-01-15',163.0,83.0,31.2,'obese',62.0,86,NULL,1,'2026-02-14 03:42:23','2026-02-14 03:42:23'),(51,1,26,'2024-09-15',163.0,62.0,23.3,'normal',64.0,92,NULL,1,'2026-02-14 03:42:23','2026-02-14 03:42:23'),(52,1,26,'2025-01-15',165.0,63.0,23.1,'normal',61.0,83,NULL,1,'2026-02-14 03:42:23','2026-02-14 03:42:23'),(53,1,27,'2024-09-15',176.0,95.0,30.7,'obese',90.0,84,NULL,1,'2026-02-14 03:42:23','2026-02-14 03:42:23'),(54,1,27,'2025-01-15',179.0,94.0,29.3,'overweight',91.0,85,NULL,1,'2026-02-14 03:42:23','2026-02-14 03:42:23'),(55,1,28,'2024-09-15',160.0,52.0,20.3,'normal',92.0,92,NULL,1,'2026-02-14 03:42:23','2026-02-14 03:42:23'),(56,1,28,'2025-01-15',162.0,51.0,19.4,'normal',76.0,69,NULL,1,'2026-02-14 03:42:23','2026-02-14 03:42:23'),(57,1,29,'2024-09-15',168.0,58.0,20.5,'normal',60.0,79,NULL,1,'2026-02-14 03:42:23','2026-02-14 03:42:23'),(58,1,29,'2025-01-15',169.0,60.0,21.0,'normal',89.0,81,NULL,1,'2026-02-14 03:42:23','2026-02-14 03:42:23'),(59,1,30,'2024-09-15',167.0,60.0,21.5,'normal',91.0,75,NULL,1,'2026-02-14 03:42:23','2026-02-14 03:42:23'),(60,1,30,'2025-01-15',167.0,58.0,20.8,'normal',95.0,88,NULL,1,'2026-02-14 03:42:23','2026-02-14 03:42:23'),(61,1,31,'2024-09-15',157.0,75.0,30.4,'obese',91.0,63,NULL,1,'2026-02-14 03:42:23','2026-02-14 03:42:23'),(62,1,31,'2025-01-15',157.0,77.0,31.2,'obese',82.0,80,NULL,1,'2026-02-14 03:42:23','2026-02-14 03:42:23'),(63,1,32,'2024-09-15',171.0,80.0,27.4,'overweight',81.0,72,NULL,1,'2026-02-14 03:42:23','2026-02-14 03:42:23'),(64,1,32,'2025-01-15',171.0,81.0,27.7,'overweight',86.0,94,NULL,1,'2026-02-14 03:42:23','2026-02-14 03:42:23'),(65,1,33,'2024-09-15',182.0,62.0,18.7,'normal',81.0,91,NULL,1,'2026-02-14 03:42:23','2026-02-14 03:42:23'),(66,1,33,'2025-01-15',184.0,61.0,18.0,'underweight',84.0,85,NULL,1,'2026-02-14 03:42:23','2026-02-14 03:42:23'),(67,1,34,'2024-09-15',185.0,87.0,25.4,'overweight',70.0,63,NULL,1,'2026-02-14 03:42:23','2026-02-14 03:42:23'),(68,1,34,'2025-01-15',186.0,87.0,25.1,'overweight',96.0,75,NULL,1,'2026-02-14 03:42:23','2026-02-14 03:42:23'),(69,1,35,'2024-09-15',168.0,75.0,26.6,'overweight',93.0,90,NULL,1,'2026-02-14 03:42:23','2026-02-14 03:42:23'),(70,1,35,'2025-01-15',171.0,78.0,26.7,'overweight',100.0,83,NULL,1,'2026-02-14 03:42:23','2026-02-14 03:42:23'),(71,1,36,'2024-09-15',184.0,72.0,21.3,'normal',78.0,82,NULL,1,'2026-02-14 03:42:23','2026-02-14 03:42:23'),(72,1,36,'2025-01-15',185.0,73.0,21.3,'normal',79.0,95,NULL,1,'2026-02-14 03:42:23','2026-02-14 03:42:23'),(73,1,37,'2024-09-15',159.0,74.0,29.3,'overweight',97.0,60,NULL,1,'2026-02-14 03:42:23','2026-02-14 03:42:23'),(74,1,37,'2025-01-15',161.0,74.0,28.5,'overweight',92.0,73,NULL,1,'2026-02-14 03:42:23','2026-02-14 03:42:23'),(75,1,38,'2024-09-15',185.0,52.0,15.2,'underweight',79.0,81,NULL,1,'2026-02-14 03:42:23','2026-02-14 03:42:23'),(76,1,38,'2025-01-15',185.0,53.0,15.5,'underweight',100.0,86,NULL,1,'2026-02-14 03:42:23','2026-02-14 03:42:23'),(77,1,39,'2024-09-15',159.0,86.0,34.0,'obese',83.0,93,NULL,1,'2026-02-14 03:42:23','2026-02-14 03:42:23'),(78,1,39,'2025-01-15',159.0,85.0,33.6,'obese',98.0,65,NULL,1,'2026-02-14 03:42:23','2026-02-14 03:42:23'),(79,1,40,'2024-09-15',179.0,51.0,15.9,'underweight',68.0,64,NULL,1,'2026-02-14 03:42:23','2026-02-14 03:42:23'),(80,1,40,'2025-01-15',179.0,53.0,16.5,'underweight',83.0,91,NULL,1,'2026-02-14 03:42:23','2026-02-14 03:42:23'),(81,1,41,'2024-09-15',157.0,48.0,19.5,'normal',71.0,74,NULL,1,'2026-02-14 03:42:23','2026-02-14 03:42:23'),(82,1,41,'2025-01-15',158.0,51.0,20.4,'normal',81.0,90,NULL,1,'2026-02-14 03:42:23','2026-02-14 03:42:23'),(83,1,42,'2024-09-15',171.0,61.0,20.9,'normal',77.0,86,NULL,1,'2026-02-14 03:42:23','2026-02-14 03:42:23'),(84,1,42,'2025-01-15',174.0,60.0,19.8,'normal',91.0,68,NULL,1,'2026-02-14 03:42:23','2026-02-14 03:42:23'),(85,1,43,'2024-09-15',185.0,83.0,24.3,'normal',79.0,61,NULL,1,'2026-02-14 03:42:23','2026-02-14 03:42:23'),(86,1,43,'2025-01-15',185.0,86.0,25.1,'overweight',74.0,79,NULL,1,'2026-02-14 03:42:23','2026-02-14 03:42:23'),(87,1,44,'2024-09-15',180.0,66.0,20.4,'normal',93.0,88,NULL,1,'2026-02-14 03:42:23','2026-02-14 03:42:23'),(88,1,44,'2025-01-15',180.0,66.0,20.4,'normal',63.0,69,NULL,1,'2026-02-14 03:42:23','2026-02-14 03:42:23'),(89,1,45,'2024-09-15',176.0,93.0,30.0,'obese',97.0,85,NULL,1,'2026-02-14 03:42:23','2026-02-14 03:42:23'),(90,1,45,'2025-01-15',179.0,94.0,29.3,'overweight',61.0,71,NULL,1,'2026-02-14 03:42:23','2026-02-14 03:42:23'),(91,1,46,'2024-09-15',179.0,77.0,24.0,'normal',89.0,74,NULL,1,'2026-02-14 03:42:23','2026-02-14 03:42:23'),(92,1,46,'2025-01-15',179.0,80.0,25.0,'overweight',65.0,88,NULL,1,'2026-02-14 03:42:23','2026-02-14 03:42:23'),(93,1,47,'2024-09-15',163.0,93.0,35.0,'obese',98.0,82,NULL,1,'2026-02-14 03:42:23','2026-02-14 03:42:23'),(94,1,47,'2025-01-15',164.0,93.0,34.6,'obese',63.0,76,NULL,1,'2026-02-14 03:42:23','2026-02-14 03:42:23'),(96,1,147,'2026-03-03',170.0,80.0,27.7,'overweight',80.0,78,NULL,1,'2026-03-03 02:53:49','2026-03-03 02:53:49'),(97,1,125,'2026-03-06',165.0,65.0,23.9,'normal',80.0,70,NULL,1,'2026-03-06 12:06:20','2026-03-06 12:06:20');
/*!40000 ALTER TABLE `student_measurements` ENABLE KEYS */;
UNLOCK TABLES;

--
-- Table structure for table `student_team_members`
--

DROP TABLE IF EXISTS `student_team_members`;
/*!40101 SET @saved_cs_client     = @@character_set_client */;
/*!40101 SET character_set_client = utf8 */;
CREATE TABLE `student_team_members` (
  `id` int(10) unsigned NOT NULL AUTO_INCREMENT,
  `school_id` int(10) unsigned DEFAULT 1,
  `student_team_id` int(10) unsigned NOT NULL COMMENT 'معرف فريق الطلاب',
  `student_id` int(10) unsigned NOT NULL COMMENT 'معرف الطالب',
  `position` varchar(50) DEFAULT NULL COMMENT 'المركز',
  `jersey_number` int(10) unsigned DEFAULT NULL COMMENT 'رقم القميص',
  `is_substitute` tinyint(1) DEFAULT 0 COMMENT 'احتياطي',
  `created_at` timestamp NULL DEFAULT current_timestamp(),
  PRIMARY KEY (`id`),
  UNIQUE KEY `uk_team_student` (`school_id`,`student_team_id`,`student_id`),
  KEY `idx_student` (`student_id`),
  KEY `idx_student_team_members_school` (`school_id`),
  KEY `tmp_idx_migration` (`student_team_id`),
  CONSTRAINT `fk_stm_student` FOREIGN KEY (`student_id`) REFERENCES `students` (`id`) ON DELETE CASCADE ON UPDATE CASCADE,
  CONSTRAINT `fk_stm_team` FOREIGN KEY (`student_team_id`) REFERENCES `student_teams` (`id`) ON DELETE CASCADE ON UPDATE CASCADE
) ENGINE=InnoDB AUTO_INCREMENT=30 DEFAULT CHARSET=utf8mb4 COLLATE=utf8mb4_unicode_ci COMMENT='أعضاء فرق الطلاب';
/*!40101 SET character_set_client = @saved_cs_client */;

--
-- Dumping data for table `student_team_members`
--

LOCK TABLES `student_team_members` WRITE;
/*!40000 ALTER TABLE `student_team_members` DISABLE KEYS */;
INSERT INTO `student_team_members` VALUES (1,1,1,4,NULL,NULL,0,'2026-02-22 01:38:42'),(2,1,1,63,NULL,NULL,0,'2026-02-22 01:38:42'),(3,1,1,48,NULL,NULL,0,'2026-02-22 01:38:42'),(4,1,1,54,NULL,NULL,0,'2026-02-22 01:38:42'),(5,1,1,55,NULL,NULL,0,'2026-02-22 01:38:42'),(6,1,2,5,NULL,NULL,0,'2026-02-22 01:38:42'),(7,1,2,62,NULL,NULL,0,'2026-02-22 01:38:42'),(8,1,2,64,NULL,NULL,0,'2026-02-22 01:38:42'),(9,1,2,53,NULL,NULL,0,'2026-02-22 01:38:42'),(10,1,2,56,NULL,NULL,0,'2026-02-22 01:38:42'),(12,1,3,61,NULL,NULL,0,'2026-02-22 01:38:42'),(13,1,3,49,NULL,NULL,0,'2026-02-22 01:38:42'),(14,1,3,52,NULL,NULL,0,'2026-02-22 01:38:42'),(15,1,3,57,NULL,NULL,0,'2026-02-22 01:38:42'),(16,1,4,6,NULL,NULL,0,'2026-02-22 01:38:42'),(17,1,4,60,NULL,NULL,0,'2026-02-22 01:38:42'),(18,1,4,50,NULL,NULL,0,'2026-02-22 01:38:42'),(19,1,4,51,NULL,NULL,0,'2026-02-22 01:38:42'),(20,1,4,58,NULL,NULL,0,'2026-02-22 01:38:42'),(21,1,4,59,NULL,NULL,0,'2026-02-22 01:38:42');
/*!40000 ALTER TABLE `student_team_members` ENABLE KEYS */;
UNLOCK TABLES;

--
-- Table structure for table `student_teams`
--

DROP TABLE IF EXISTS `student_teams`;
/*!40101 SET @saved_cs_client     = @@character_set_client */;
/*!40101 SET character_set_client = utf8 */;
CREATE TABLE `student_teams` (
  `id` int(10) unsigned NOT NULL AUTO_INCREMENT,
  `school_id` int(10) unsigned DEFAULT 1,
  `tournament_team_id` int(10) unsigned NOT NULL COMMENT 'معرف فريق البطولة',
  `team_name` varchar(100) NOT NULL COMMENT 'اسم الفريق',
  `captain_student_id` int(10) unsigned DEFAULT NULL COMMENT 'قائد الفريق',
  `created_at` timestamp NULL DEFAULT current_timestamp(),
  PRIMARY KEY (`id`),
  KEY `idx_tournament_team` (`tournament_team_id`),
  KEY `idx_captain` (`captain_student_id`),
  KEY `idx_student_teams_school` (`school_id`),
  CONSTRAINT `fk_st_captain` FOREIGN KEY (`captain_student_id`) REFERENCES `students` (`id`) ON DELETE SET NULL ON UPDATE CASCADE,
  CONSTRAINT `fk_st_tournament_team` FOREIGN KEY (`tournament_team_id`) REFERENCES `tournament_teams` (`id`) ON DELETE CASCADE ON UPDATE CASCADE
) ENGINE=InnoDB AUTO_INCREMENT=7 DEFAULT CHARSET=utf8mb4 COLLATE=utf8mb4_unicode_ci COMMENT='فرق الطلاب';
/*!40101 SET character_set_client = @saved_cs_client */;

--
-- Dumping data for table `student_teams`
--

LOCK TABLES `student_teams` WRITE;
/*!40000 ALTER TABLE `student_teams` DISABLE KEYS */;
INSERT INTO `student_teams` VALUES (1,1,79,'الأسود',4,'2026-02-22 01:38:42'),(2,1,80,'النمور',5,'2026-02-22 01:38:42'),(3,1,81,'الصقور',NULL,'2026-02-22 01:38:42'),(4,1,82,'الفهود',6,'2026-02-22 01:38:42');
/*!40000 ALTER TABLE `student_teams` ENABLE KEYS */;
UNLOCK TABLES;

--
-- Table structure for table `students`
--

DROP TABLE IF EXISTS `students`;
/*!40101 SET @saved_cs_client     = @@character_set_client */;
/*!40101 SET character_set_client = utf8 */;
CREATE TABLE `students` (
  `id` int(10) unsigned NOT NULL AUTO_INCREMENT,
  `school_id` int(10) unsigned DEFAULT NULL,
  `class_id` int(10) unsigned NOT NULL,
  `name` varchar(150) NOT NULL,
  `photo_url` varchar(255) DEFAULT NULL,
  `email` varchar(150) DEFAULT NULL,
  `phone` varchar(20) DEFAULT NULL,
  `student_number` varchar(20) NOT NULL,
  `password` varchar(255) DEFAULT NULL,
  `date_of_birth` date DEFAULT NULL,
  `blood_type` enum('A+','A-','B+','B-','O+','O-','AB+','AB-') DEFAULT NULL,
  `guardian_phone` varchar(20) DEFAULT NULL,
  `medical_notes` text DEFAULT NULL,
  `active` tinyint(1) NOT NULL DEFAULT 1,
  `last_login` datetime DEFAULT NULL,
  `created_at` timestamp NULL DEFAULT current_timestamp(),
  `updated_at` timestamp NULL DEFAULT current_timestamp() ON UPDATE current_timestamp(),
  `must_change_password` tinyint(1) NOT NULL DEFAULT 1,
  PRIMARY KEY (`id`),
  UNIQUE KEY `uk_school_student_number` (`school_id`,`student_number`),
  KEY `idx_class` (`class_id`),
  KEY `idx_active` (`active`),
  KEY `idx_name` (`name`),
  KEY `idx_dob` (`date_of_birth`),
  KEY `idx_students_school` (`school_id`),
  CONSTRAINT `fk_students_class` FOREIGN KEY (`class_id`) REFERENCES `classes` (`id`) ON DELETE CASCADE ON UPDATE CASCADE
) ENGINE=InnoDB AUTO_INCREMENT=332 DEFAULT CHARSET=utf8mb4 COLLATE=utf8mb4_unicode_ci;
/*!40101 SET character_set_client = @saved_cs_client */;

--
-- Dumping data for table `students`
--

LOCK TABLES `students` WRITE;
/*!40000 ALTER TABLE `students` DISABLE KEYS */;
INSERT INTO `students` VALUES (3,1,4,'عبدالله فهد القحطاني',NULL,NULL,NULL,'1003','$2y$10$jLtC6Gh1amMA9Hfzvkr8r.1NkncwJ5IonpEeeQXQBwxHYZrwyvsX6','2008-03-10','O+','556789012',NULL,1,NULL,'2026-02-14 03:42:23','2026-03-02 09:32:50',1),(4,1,1,'عمر المطيري',NULL,NULL,NULL,'1004','$2y$10$oWMG8ud5dC4JSyLgWlI1AOjHQx/h4eXgpEdJiaWiJUR9UrGWvTd6C','2007-07-06','B+','0510255673',NULL,1,NULL,'2026-02-14 03:42:23','2026-02-28 03:14:44',1),(5,1,1,'عبدالرحمن الشهري',NULL,NULL,NULL,'1005','$2y$10$rnxslwbvvRmqypEWzpIri.pPgPEr3DMAY1Ygez0q3/JhuNEMhJASu','2008-07-14','AB-','0564426422',NULL,1,NULL,'2026-02-14 03:42:23','2026-02-28 03:14:44',1),(6,1,1,'فيصل الدوسري',NULL,NULL,NULL,'1006','$2y$10$0ZvLX7syx3Fr.z30lNjueesnpLCf1KUaRoxGvSxhSgbva71caGASW','2008-12-11','AB-','0575591835',NULL,1,NULL,'2026-02-14 03:42:23','2026-02-28 03:14:44',1),(7,1,2,'حسن الزهراني',NULL,NULL,NULL,'1007','$2y$10$XY1ego9jMcZ8tVbNuVoQg.sMXHD92RJUuUA.lG6VLgUr3h0V086Om','2009-09-07','A-','0542836412',NULL,1,NULL,'2026-02-14 03:42:23','2026-02-28 03:14:44',1),(8,1,2,'ماجد البقمي',NULL,NULL,NULL,'1008','$2y$10$LBElHtLnUDClrX03RasSx.IBsPTbu.cpLFZX.EaDpjpybqpyaJBEW','2009-09-18','A+','0569943805',NULL,1,NULL,'2026-02-14 03:42:23','2026-02-28 03:14:44',1),(9,1,2,'إبراهيم الجهني',NULL,NULL,NULL,'1009','$2y$10$3TCnHKNHA36.Uaf2MQhB6.w5R2C9BklqJukNZtN8XRyz.sk49ieG.','2010-02-09','A-','0560736079',NULL,0,NULL,'2026-02-14 03:42:23','2026-02-28 03:14:44',1),(10,1,2,'أحمد العتيبي',NULL,NULL,NULL,'1010','$2y$10$25CPOOwBseK.lhPx38nsYuP7mdfk492c5BAnt.L/ImdIu60gJfa72','2009-11-06','A+','0552661715',NULL,0,NULL,'2026-02-14 03:42:23','2026-02-28 03:14:44',1),(11,1,2,'تركي العنزي',NULL,NULL,NULL,'1011','$2y$10$tqxwwwnb1ay2R3sMXCJVAufT3xo6gdwv6Th3Ki6ylAONLAxv.LOAu','2009-11-22','AB+','0572623308',NULL,1,'2026-02-21 10:43:57','2026-02-14 03:42:23','2026-02-28 03:14:44',1),(12,1,2,'طلال الشمري',NULL,NULL,NULL,'1012','$2y$10$INbAL6TIvplOEyw2tdsgO.clCXIm4wMnDz0OPdhuKz1NBOhaKoG5G','2008-07-12','O-','0517431510',NULL,1,NULL,'2026-02-14 03:42:23','2026-02-28 03:14:44',1),(13,1,2,'فيصل العتيبي',NULL,NULL,NULL,'1013','$2y$10$GJr4YRSYSJ6hocY4541hHu2gzYy2njzXE6H7Dfd/FAtG7jw1L/JnG','2009-01-09','O+','0565013596',NULL,1,NULL,'2026-02-14 03:42:23','2026-02-28 03:14:44',1),(14,1,3,'محمد العنزي',NULL,NULL,NULL,'1014','$2y$10$PDfb2BRR0hySWiojLq7rReJPDWgOVhsV4Ah9Sa1Q8z6Bzyn7j2V6.','2010-06-24','AB+','0524365431',NULL,1,NULL,'2026-02-14 03:42:23','2026-02-28 03:14:44',1),(15,1,3,'وليد البقمي',NULL,NULL,NULL,'1015','$2y$10$6r2g76qTWXd06h9X98FfyeONU4KRKr.oXhoFyz1y8KBIsbkOmXata','2007-03-27','O+','0581758197',NULL,1,NULL,'2026-02-14 03:42:23','2026-02-28 03:14:44',1),(16,1,3,'فيصل الزهراني',NULL,NULL,NULL,'1016','$2y$10$LdsQ2vJ2wj0zp1T2MVx20euo/emE9ghuuBqS7FmV/1s3nSyGg0lg2','2007-02-19','B-','0583178330',NULL,1,NULL,'2026-02-14 03:42:23','2026-02-28 03:14:44',1),(17,1,3,'تركي الرشيدي',NULL,NULL,NULL,'1017','$2y$10$wVmORCdO5chbefD/7w9P4eYJuyBLqRDiWZmRTQzFbtOgJiwohGdHS','2009-01-12','AB-','0573471372',NULL,0,NULL,'2026-02-14 03:42:23','2026-02-28 03:14:44',1),(18,1,1,'تركي الشمري',NULL,NULL,NULL,'1018','$2y$10$XQMAyzsMGXidhyIwf9fZd..TMimBjYZ2ju/f3hJJFG1sdrO0AVOxq','2009-05-22','AB+','0572378669',NULL,1,'2026-03-12 06:16:26','2026-02-14 03:42:23','2026-03-12 04:16:26',0),(19,1,3,'مشاري الجهني',NULL,NULL,NULL,'1019','$2y$10$9NJolTgOuXQ2vq0Mmvk9HeAL9m5BqaCYmb/0geVx0YgRQsv0PxGb.','2007-10-06','O+','0576008212',NULL,1,NULL,'2026-02-14 03:42:23','2026-02-28 03:14:44',1),(20,1,3,'علي البقمي',NULL,NULL,NULL,'1020','$2y$10$4LUWW9vT.9Hjst1GCpMXK.i2QEOBgipOdVEoiuqY1JWauvvymp4Gm','2010-07-12','A-','0544087144',NULL,1,NULL,'2026-02-14 03:42:23','2026-02-28 03:14:44',1),(21,1,3,'مشاري العتيبي',NULL,NULL,NULL,'1021','$2y$10$c2iBMMJkuyWewBUHPttsAuhB/11Lq93Ayzu7/9mFSDJQnnz/CUqMm','2008-03-04','B-','0536819685',NULL,1,NULL,'2026-02-14 03:42:23','2026-02-28 03:14:44',1),(22,1,4,'حسن البقمي',NULL,NULL,NULL,'1022','$2y$10$ZVXWzB03Am/vE4dbtjC3quO3o0LIxffJLZrBN3tVPoNR8HfrHCko.','2009-09-07','AB-','0573777890',NULL,1,NULL,'2026-02-14 03:42:23','2026-02-28 03:14:44',1),(23,1,4,'طلال الشمري',NULL,NULL,NULL,'1023','$2y$10$/zVdVQ2vdmTcWl5b.cE7SOiAD1Qmrhgrs3UiKq7s7rAuqpJgIHBjG','2010-04-18','B-','0555373251',NULL,1,NULL,'2026-02-14 03:42:23','2026-02-28 03:14:44',1),(24,1,4,'عبدالله السبيعي',NULL,NULL,NULL,'1024','$2y$10$IPCtaItXky2y8g45cwIsI.jCINhGrNTwFipKNQos2D8a2B9bi6NfW','2010-10-14','AB-','0585166162',NULL,1,NULL,'2026-02-14 03:42:23','2026-02-28 03:14:44',1),(25,1,4,'سلطان المطيري',NULL,NULL,NULL,'1025','$2y$10$esUZN/vumLwIHKZ0TaN1Duo97PDPqhWn9vF5O2y6P1Tra1Xd.e9zS','2008-05-12','O+','0512629312',NULL,1,NULL,'2026-02-14 03:42:23','2026-02-28 03:14:44',1),(26,1,4,'عمر الدوسري',NULL,NULL,NULL,'1026','$2y$10$tij.uNz6wT0ZOG6y6tdJmerfWVmznoDulC/4otTOqqsuRFNrV9Ora','2009-12-21','A+','0564452035',NULL,1,NULL,'2026-02-14 03:42:23','2026-02-28 03:14:44',1),(27,1,4,'حسن الحربي',NULL,NULL,NULL,'1027','$2y$10$XkHT2MG7jX7/casd5QxR3.uCeNh1cUVDUNpe2RZV2tUWX0Vp2H9ne','2009-08-23','AB-','0536084740',NULL,1,NULL,'2026-02-14 03:42:23','2026-02-28 03:14:44',1),(28,1,4,'طلال القحطاني',NULL,NULL,NULL,'1028','$2y$10$InjMvSUZfvFG3uscZBeMuePcyecUioXzpjJ8zNYrz6gWP5Cm1BEsO','2010-05-12','A+','0565885342',NULL,1,NULL,'2026-02-14 03:42:23','2026-02-28 03:14:44',1),(29,1,4,'علي العنزي',NULL,NULL,NULL,'1029','$2y$10$ugjN6mHqbLyQFBxLO8F7mOHO2X4TMbXHo8ULgUpcbPGlxJI7XNvJu','2010-12-07','AB+','0553139658',NULL,1,NULL,'2026-02-14 03:42:23','2026-02-28 03:14:44',1),(30,1,5,'علي الحربي',NULL,NULL,NULL,'1030','$2y$10$t0rtXbM2shh6SraUavVt.usP8OyVhxtUErhgaiIzFJj.vySUR537e','2008-06-09','B-','0542555951',NULL,1,NULL,'2026-02-14 03:42:23','2026-02-28 03:14:44',1),(31,1,5,'بندر القحطاني',NULL,NULL,NULL,'1031','$2y$10$JfZHKBzgRRHJxzYht/6TY.0a9cX75PAF7yH.KsSzmjNdsLnrC12AW','2008-06-08','B+','0554086461',NULL,0,NULL,'2026-02-14 03:42:23','2026-02-28 03:14:44',1),(32,1,5,'يوسف الزهراني',NULL,NULL,NULL,'1032','$2y$10$CUbglZjgyRmdaHVec1Eaeuo63wp2EID5AOTguL4CUb90NxfE0oxHu','2007-12-05','O+','0515790480',NULL,1,NULL,'2026-02-14 03:42:23','2026-02-28 03:14:44',1),(33,1,5,'وليد العمري',NULL,NULL,NULL,'1033','$2y$10$J5uOCJO5N9UKLtNHVE3jlOAbFHJOD/KTgP3mK84LdOMTjL1qCf7Jq','2010-09-02','O-','0537372194',NULL,1,NULL,'2026-02-14 03:42:23','2026-02-28 03:14:44',1),(34,1,5,'عبدالرحمن الغامدي',NULL,NULL,NULL,'1034','$2y$10$HQhgO68KDLc12FAy5yP83uMjHxIdBeOgUv1GSUXfNJzRzVl4Ad6R2','2007-10-20','O+','0523819798',NULL,1,NULL,'2026-02-14 03:42:23','2026-02-28 03:14:44',1),(35,1,6,'خالد الجهني',NULL,NULL,NULL,'1035','$2y$10$WvSujFfy6UZAq.R/8WGmEukldAR0wUiWWq4jybYwJFkony4mCTgwu','2010-07-17','A+','0568564623',NULL,1,NULL,'2026-02-14 03:42:23','2026-02-28 03:14:44',1),(36,1,6,'عادل الشمري',NULL,NULL,NULL,'1036','$2y$10$epEA2hTlPYhg45zz.E3fhOtfGl5ivaHQhpMJOy3JYdk25Wk8d1Pvi','2008-01-15','O-','0599346890',NULL,1,NULL,'2026-02-14 03:42:23','2026-02-28 03:14:44',1),(37,1,6,'عادل الجهني',NULL,NULL,NULL,'1037','$2y$10$V4P3zJrdvfPi4s7LsF8EGObf5yjYk0lmx/H0TBIZKtidG0.XiuQOq','2008-09-26','B+','0533199892',NULL,1,NULL,'2026-02-14 03:42:23','2026-02-28 03:14:44',1),(38,1,6,'محمد البقمي',NULL,NULL,NULL,'1038','$2y$10$ys/g19Il5J6Y1R4Q8mhPkuwc2U1yv4ypiSK7yoQqqn3ZkihlUWYxO','2009-12-24','A-','0587104856',NULL,1,NULL,'2026-02-14 03:42:23','2026-02-28 03:14:44',1),(39,1,6,'علي العمري',NULL,NULL,NULL,'1039','$2y$10$OHN9Vb2F/TVqnEUAAZQ1Ruez9ndRe8cBRSvObWzXp8gEQ8nOtoB9i','2009-01-04','B-','0557439122',NULL,1,NULL,'2026-02-14 03:42:23','2026-02-28 03:14:44',1),(40,1,7,'بندر العتيبي',NULL,NULL,NULL,'1040','$2y$10$5Xgbal31tqw.v5uzuKOc6OQuz0GergXFNy.rAn.Ouf.CBFEXn5qaO','2007-01-03','O-','0547336271',NULL,0,NULL,'2026-02-14 03:42:23','2026-02-28 03:14:44',1),(41,1,7,'حسن المطيري',NULL,NULL,NULL,'1041','$2y$10$w2casIo/acf3u1KGrfeeZeavwX9bSiSlROnE/ZTEqecmEvZg52kEa','2009-11-17','A-','0553093809',NULL,1,NULL,'2026-02-14 03:42:23','2026-02-28 03:14:44',1),(42,1,7,'خالد العنزي',NULL,NULL,NULL,'1042','$2y$10$R.ghnKKowGyMxJbM/q2AGuHRokaC9panbwqA8Sfkbbqfe72PkD35C','2009-07-13','A-','0593738264',NULL,1,NULL,'2026-02-14 03:42:23','2026-02-28 03:14:44',1),(43,1,7,'عمر الحربي',NULL,NULL,NULL,'1043','$2y$10$e5/roGvNYJ./GcuOYrwtxeFy/TjAx7wIuLBFHinxW6g65Y/tek5cO','2007-09-15','A-','0512910247',NULL,1,NULL,'2026-02-14 03:42:23','2026-02-28 03:14:44',1),(44,1,7,'سلطان الرشيدي',NULL,NULL,NULL,'1044','$2y$10$krGLin1e85Zw0VunSCYsjO4L6BdxMgfNTArvA3sZfMcJkiIqI7xre','2007-02-13','A-','0534079978',NULL,1,NULL,'2026-02-14 03:42:23','2026-02-28 03:14:44',1),(45,1,7,'راشد القحطاني',NULL,NULL,NULL,'1045','$2y$10$Ob82HS7BzBSmVQivthWwZefb2F5NCB5U9zNkrdac8fP4ljalk38gC','2009-08-06','A+','0529925640',NULL,1,NULL,'2026-02-14 03:42:23','2026-02-28 03:14:44',1),(46,1,7,'فيصل البقمي',NULL,NULL,NULL,'1046','$2y$10$6F.9G1q5Lbn8WK2tYPapAeHXYOWhyObadZLaGAuk1rgwj3vurohXq','2009-04-18','A-','0515947117',NULL,1,NULL,'2026-02-14 03:42:23','2026-02-28 03:14:44',1),(47,1,7,'راشد العمري',NULL,NULL,NULL,'1047','$2y$10$3tySYTe0/X4uNb2cZMHmLeEgsNmew4aOXlvxGuoF3Gq4P1swfMAG6','2008-07-24','A+','0594622865',NULL,1,NULL,'2026-02-14 03:42:23','2026-02-28 03:14:44',1),(48,1,1,'ابراهيم عبدالعزيز ابراهيم الرويس',NULL,NULL,NULL,'1151387352','$2y$10$9oEE/KM0kHgr0vhjswbfo.1Y9yG7Hmnchf20zNYUBtEWLBbRdRlXa','2008-05-15','A+','0512345678',NULL,1,'2026-03-03 17:40:03','2026-02-15 17:34:00','2026-03-03 14:40:03',1),(49,1,1,'الوليد خالد بن حرشان الدوسري',NULL,NULL,NULL,'1151587043','$2y$10$Ov/74P2iMUmUx0eZclDLLuY6h8Z.4yqiG6guK5QTz0dDOfyN4N906','2007-11-20','B+','0587654321','حساسية صدرية',1,NULL,'2026-02-15 17:34:00','2026-02-28 03:14:44',1),(50,1,1,'تركي ماجد معتق المطيري',NULL,NULL,NULL,'1152248124','$2y$10$7jdsEkpnGPuqtkpKQlWT9uCN0NJ8My3F.lmDr9LCKCz92OE/KZ3im','2008-03-10','O+','0556789012',NULL,1,NULL,'2026-02-15 17:34:00','2026-02-28 03:14:44',1),(51,1,1,'خالد حمود حشر القحطاني',NULL,NULL,NULL,'1152546519','$2y$10$dYUgVHtsJemQJWTn8s0ll.oq4f7q9kVGJMzRvswL4sZd0bxIVpMKC',NULL,NULL,NULL,NULL,1,NULL,'2026-02-15 17:34:00','2026-02-28 03:14:44',1),(52,1,1,'زياد احمد بن علي الشمراني',NULL,NULL,NULL,'1152699987','$2y$10$KROexs0.QgY5jq.iNIQRJ.3NdAq/Wta6F1apOZNDTJCAYMRT.ndYa',NULL,NULL,NULL,NULL,1,NULL,'2026-02-15 17:34:00','2026-02-28 03:14:44',1),(53,1,1,'سلمان حسن عبدالله البيشي',NULL,NULL,NULL,'1147847360','$2y$10$7Xj78xL8.Ul0kn36JWLSCulk3Lgp97U1hEzEFP1r3fJti3UMDbDs2',NULL,NULL,NULL,NULL,1,NULL,'2026-02-15 17:34:00','2026-02-28 03:14:44',1),(54,1,1,'صقر قبلان صقر العتيبي',NULL,NULL,NULL,'1150165734','$2y$10$p.50c1CpgnlB16UTXehRYuZldigslyqNkrmjjAcwDalQZiGl22rUS',NULL,NULL,NULL,NULL,1,NULL,'2026-02-15 17:34:00','2026-02-28 03:14:44',1),(55,1,1,'عبدالرحمن سعيد عبدالرحمن العتيبي',NULL,NULL,NULL,'1148909789','$2y$10$F6lXQFWJAwGOzoVsE/hkieU.nib0sDe9c0lPR/upVVdwoa7oKfCfy',NULL,NULL,NULL,NULL,1,NULL,'2026-02-15 17:34:00','2026-02-28 03:14:44',1),(56,1,1,'عبدالعزيز محمد بن عبدالعزيز التميمي',NULL,NULL,NULL,'1150741153','$2y$10$7kpLMFwDoz7xjxHg7oi8L.JxjJuOSKknQA7zfigS4lTHfnZ0mhqQS',NULL,NULL,NULL,NULL,1,NULL,'2026-02-15 17:34:00','2026-02-28 03:14:44',1),(57,1,1,'عبدالله دواس بن مشلح الدوسري',NULL,NULL,NULL,'1148295395','$2y$10$bAlIR2xWo/D5WDW/2oHiqOJwZOAHBiQVwtn/mugRSZXrQwpZcXudG',NULL,NULL,NULL,NULL,1,NULL,'2026-02-15 17:34:00','2026-02-28 03:14:44',1),(58,1,1,'عبدالله سعد عبدالله القرني',NULL,NULL,NULL,'1152082457','$2y$10$wvTmhh3XjMOwaJGn4jVvv.fbi6ucADP/NMqllGNkreUeohQkNL4p2',NULL,NULL,NULL,NULL,1,NULL,'2026-02-15 17:34:00','2026-02-28 03:14:44',1),(59,1,1,'فهد عبدالحميد فهد بن طلحه',NULL,NULL,NULL,'1152001374','$2y$10$OFHRLfl22StUg1zMgay5O.fteLaq9KNu3tEnkgGBYOocarL/bimem',NULL,NULL,NULL,NULL,1,NULL,'2026-02-15 17:34:00','2026-02-28 03:14:44',1),(60,1,1,'مازن فهد بن سلمان المطيري',NULL,NULL,NULL,'1159708989','$2y$10$vEKHquqGQHdNaHwQLTf39OBdIz/WL3kKMTQ6nrq9KzHG6D1SBTYNm',NULL,NULL,NULL,NULL,1,NULL,'2026-02-15 17:34:00','2026-02-28 03:14:44',1),(61,1,1,'مسفر شبيب بن مقعد الدوسري',NULL,NULL,NULL,'1150825923','$2y$10$g6jhuL4wJxBQXfaxt3krgOw5K5LWylni0j.bV2uglcVHft53O.yoi',NULL,NULL,NULL,NULL,1,NULL,'2026-02-15 17:34:00','2026-02-28 03:14:44',1),(62,1,1,'ناجي برغش ناجي الدوسري',NULL,NULL,NULL,'1146932494','$2y$10$tT4rdXx94BU7AZYJBzNfFud4I7aXpCvfNbt0I27sySH6Sv03UBolG',NULL,NULL,NULL,NULL,1,NULL,'2026-02-15 17:34:00','2026-02-28 03:14:44',1),(63,1,1,'نايف حمد بن محمد العمر',NULL,NULL,NULL,'1152319412','$2y$10$S0kudKPB4GqseZdN/RhZjuyDL1qRYrs0SR5OpoJr4wwdDNMliGE3y',NULL,NULL,NULL,NULL,1,NULL,'2026-02-15 17:34:00','2026-02-28 03:14:44',1),(64,1,1,'يزن حاكم بن ابراهيم الدوسري',NULL,NULL,NULL,'1148551813','$2y$10$ygmqEwEOZ5RroYAdS2pIkeVznkzJnrK7Mo1EwJk2Wa54rTFAVuHeK',NULL,NULL,NULL,NULL,1,NULL,'2026-02-15 17:34:00','2026-02-28 03:14:44',1),(65,1,4,'أنس السيد عطيه جاويش',NULL,NULL,NULL,'2432655849','$2y$10$WsZa0Dt17tfUtQwxHvbn8umVNRnUhMcHwU9O2qyrKnz9.0JrPVg5W',NULL,NULL,NULL,NULL,1,NULL,'2026-02-15 17:34:00','2026-02-28 03:14:44',1),(66,1,4,'احمد سلطان راشد الشلوان',NULL,NULL,NULL,'1148142092','$2y$10$QL62Z6EMzs1Q6SNjfyFVqeugDCikX.asaynnag5DQ9Z98uq2oTIia',NULL,NULL,NULL,NULL,1,NULL,'2026-02-15 17:34:00','2026-02-28 03:14:44',1),(67,1,4,'باسم سعود عوض الرشيدي',NULL,NULL,NULL,'1144966965','$2y$10$rwPAoZ5OvwjKqtmEQeoyhOR0vyVEY76Rm2pjS4KLruKRXUjTLQG7i',NULL,NULL,NULL,NULL,1,'2026-03-12 06:39:36','2026-02-15 17:34:00','2026-03-12 04:39:36',1),(68,1,4,'تركي عادل مطلق العازمي',NULL,NULL,NULL,'1161321599','$2y$10$19RipibJW4ik6EQP2VWejuLDQoxv6TgxorjjU.nXzrIwQK.WDlk7G',NULL,NULL,NULL,NULL,1,NULL,'2026-02-15 17:34:00','2026-02-28 03:14:44',1),(69,1,4,'خالد عبدالله بن علي بن عفتان',NULL,'','','1146343601','$2y$10$S5NjEwKHXwoXzYIq1cmaQuXhrrB/J9IuMBRukTTstya59hpKlBbau',NULL,NULL,NULL,NULL,1,'2026-03-12 09:04:09','2026-02-15 17:34:00','2026-03-12 07:04:09',0),(70,1,4,'راكان محمد بن عبدالله الدوسري',NULL,NULL,NULL,'1147603409','$2y$10$xhfi5aVbrOkeQg/NWDJWteeU6n5gPadB9EVBHf15y3EK2GHwBcn8G',NULL,NULL,NULL,NULL,1,NULL,'2026-02-15 17:34:00','2026-02-28 03:14:44',1),(71,1,4,'زياد وليد السيد الكتامى',NULL,NULL,NULL,'2315235305','$2y$10$i.dKUqM/b5ZXkbjHU1kPx.o/NZsfBPhDsVHwIHuLtRJ8Mtb5.6xr6',NULL,NULL,NULL,NULL,1,NULL,'2026-02-15 17:34:00','2026-02-28 03:14:44',1),(72,1,4,'صالح خالد صالح القدان',NULL,NULL,NULL,'1140641323','$2y$10$wl58icU4lA./6.oSTKX9a.O6Wbndb.BDHnDHFrZVLBX7mToCIVb0K',NULL,NULL,NULL,NULL,1,NULL,'2026-02-15 17:34:00','2026-02-28 03:14:44',1),(73,1,4,'طارق عبدالعزيز راشد الدريهم',NULL,NULL,NULL,'1146122633','$2y$10$WSF0N0ljwWNxyj2z2MchdeOjhNb1W73tbZ0epGdxrOpVeFoNS7MQ.',NULL,NULL,NULL,NULL,1,NULL,'2026-02-15 17:34:00','2026-02-28 03:14:44',1),(74,1,4,'عبدالاله محمد مناور المطيري',NULL,NULL,NULL,'1147901639','$2y$10$7nXPbXUA/FXOfa95klp6h.Yy0e2T1fl4smVMsOarstieZr0hQtJp.',NULL,NULL,NULL,NULL,1,NULL,'2026-02-15 17:34:00','2026-02-28 03:14:44',1),(75,1,4,'عبدالعزيز عبدالله عبدالعزيز البياهي',NULL,NULL,NULL,'1147610651','$2y$10$IzT0/Bw3vEBWoUEf/KBtxewm7m3BDURZeLyBB8ZOgg1eGeONsuPUm',NULL,NULL,NULL,NULL,1,NULL,'2026-02-15 17:34:00','2026-02-28 03:14:44',1),(76,1,4,'عبدالله سامي علي المكاوني',NULL,NULL,NULL,'1148400755','$2y$10$2kJEp6vwbV5RR2Wrw7szoergV4ZjX5IJYhYZx3OUDrqdhSmXpd2je',NULL,NULL,NULL,NULL,1,NULL,'2026-02-15 17:34:00','2026-02-28 03:14:44',1),(77,1,4,'عبدالله محسن بن عبدالله السبيعي',NULL,NULL,NULL,'1149352062','$2y$10$8Cj0G3JFwpNx4rx7WyqiZO.9.0Hu8Zan8QuLRzoXTZyszd8o07t1i',NULL,NULL,NULL,NULL,1,NULL,'2026-02-15 17:34:00','2026-02-28 03:14:44',1),(78,1,4,'عبيد فهد عبيد الدوسري',NULL,NULL,NULL,'1146690829','$2y$10$0NHhvCKzMUjpfwMAB86xTu/LhdJTzDCbp70nVJmcJ9MNlZBsE2gx6',NULL,NULL,NULL,NULL,1,NULL,'2026-02-15 17:34:00','2026-02-28 03:14:44',1),(79,1,4,'عماد غشام خضران الرشيدي',NULL,NULL,NULL,'1145518542','$2y$10$IVyPa1kieeeQA1O/Tr.kIu0pHuoD.6Pct/1VH6eOVN5bzmGff8f6W',NULL,NULL,NULL,NULL,1,NULL,'2026-02-15 17:34:00','2026-02-28 03:14:44',1),(80,1,4,'فهد مهناء فهد القباني',NULL,NULL,NULL,'1148181645','$2y$10$ItvQ/UuXeWu13WzLOPQs1eKx8EZ..DivUNYdnXVfjbxzx5XIdM/Bq',NULL,NULL,NULL,NULL,1,NULL,'2026-02-15 17:34:00','2026-02-28 03:14:44',1),(81,1,4,'فيصل سعيد عبدالله حسن',NULL,NULL,NULL,'1149743732','$2y$10$COSOTex3ukDpsNPtM37Mb.qLYrByK/Tqb37ri.d17k5liuaomXj8.',NULL,NULL,NULL,NULL,1,NULL,'2026-02-15 17:34:00','2026-02-28 03:14:44',1),(82,1,4,'فيصل محمد معجب الدوسري',NULL,NULL,NULL,'1146521636','$2y$10$qH45zUx7D.w0rdx8L0PnjudgawhNA1xa2YSBvzlguHHzLefsZE2.u',NULL,NULL,NULL,NULL,1,NULL,'2026-02-15 17:34:00','2026-02-28 03:14:44',1),(83,1,4,'محمد حسن بن محمد الباهلي',NULL,NULL,NULL,'1146843485','$2y$10$A/NTaSCsik5TH0rxPXsisOF8f/NRQ70LL/t3awkU9ShZEOqAxR83q',NULL,NULL,NULL,NULL,1,NULL,'2026-02-15 17:34:00','2026-02-28 03:14:44',1),(84,1,4,'محمد راشد بن محمد المري',NULL,NULL,NULL,'1155614876','$2y$10$rAH1m.rQkF0kSk7zlmAcw.Mya9NHKqHD9TGHaDhvOQa2aQejyyDd6',NULL,NULL,NULL,NULL,1,NULL,'2026-02-15 17:34:00','2026-02-28 03:14:44',1),(85,1,4,'محمد علي حمدان المطيري',NULL,NULL,NULL,'1147831497','$2y$10$T6xXP0rG76iwpP2hisuNruZWVLo0g5mIZrErJ1DEN13rLYwFvkNtO',NULL,NULL,NULL,NULL,1,NULL,'2026-02-15 17:34:00','2026-02-28 03:14:44',1),(86,1,4,'محمد فلاح علوش الدوسري',NULL,NULL,NULL,'1149999151','$2y$10$qRD6NxUrouG/aHR.ZBCXr.mfyjJm3WVjIPD3AV..pUIgUPVTKWdmy',NULL,NULL,NULL,NULL,1,NULL,'2026-02-15 17:34:00','2026-02-28 03:14:44',1),(87,1,4,'محمد فيصل حسن العييناء',NULL,NULL,NULL,'1147198962','$2y$10$dKzK4B3.iiNNjRYkTJ4gce1YLDAN./7CUoyiw4wskF1eDsdYRUz9C',NULL,NULL,NULL,NULL,1,NULL,'2026-02-15 17:34:00','2026-02-28 03:14:44',1),(88,1,4,'محمد ناصر محمد ال مبارك',NULL,NULL,NULL,'1146691454','$2y$10$bnr1.PDDWPCU58W2LSQlQ.iN5DfkB3DYIMzrjpHF8.nuw5KxbSU4y',NULL,NULL,NULL,NULL,1,NULL,'2026-02-15 17:34:00','2026-02-28 03:14:44',1),(89,1,4,'مشعل حزام بن محمد السبيعي',NULL,NULL,NULL,'1145454656','$2y$10$nMrOKLJ.t77ijVEkXdsxpOfS19WjScVi5a9rm3GtwvAAi9YvuH1FC',NULL,NULL,NULL,NULL,1,NULL,'2026-02-15 17:34:00','2026-02-28 03:14:44',1),(90,1,4,'مشعل فلاح بن عايض العنزي',NULL,NULL,NULL,'1146675358','$2y$10$Pr77T0XcH0cUAkGiWjc2/uTGBHB6lV4FI7v90fYLYRiRUz0hhyHZq',NULL,NULL,NULL,NULL,1,NULL,'2026-02-15 17:34:00','2026-02-28 03:14:44',1),(91,1,4,'مهاب يسري عبدالوهاب عبدالكريم طيب',NULL,NULL,NULL,'2585394311','$2y$10$OIr/Yg/dCmWftMsZy7G1fONtr/86yFgOTI864IyrvW3AHTG401SUa',NULL,NULL,NULL,NULL,1,NULL,'2026-02-15 17:34:00','2026-02-28 03:14:44',1),(92,1,4,'نادر تركي لاحق العتيبي',NULL,NULL,NULL,'1146357098','$2y$10$tkfcPsrPJVFwvfITpUuFhOEiIkQ2/OUpaHmUnmu9B3O7s9AbiG0Hi',NULL,NULL,NULL,NULL,1,NULL,'2026-02-15 17:34:00','2026-02-28 03:14:44',1),(93,1,4,'ياسر أحمد هادي عسيري',NULL,NULL,NULL,'1147669327','$2y$10$CgE2QGCOA78qs2qhP4gDluAyPljw11sXRsU6PZ3cMPLJmfEccq1Dy',NULL,NULL,NULL,NULL,1,NULL,'2026-02-15 17:34:00','2026-02-28 03:14:44',1),(94,1,4,'يوسف حامد حميد الرشيدي',NULL,NULL,NULL,'1148879545','$2y$10$9WUklcIHKwuwqtB2GvF4.eFBXJoAdKsk2G49EDVNwJOuE5cYaFMVm',NULL,NULL,NULL,NULL,1,NULL,'2026-02-15 17:34:00','2026-02-28 03:14:44',1),(95,1,5,'اسامه سعد سعد شلبى',NULL,NULL,NULL,'2281273884','$2y$10$qcWs4U/PgtEd7TGv.TXiqeK.76QUzYKtWsizudsRpGH3Ff/q9f7s.',NULL,NULL,NULL,NULL,1,NULL,'2026-02-15 17:34:00','2026-02-28 03:14:44',1),(96,1,5,'اياد بندر بن مقبل المطيري',NULL,NULL,NULL,'1144540968','$2y$10$JItvvRKQX3eFSWUVaeSSYeV3V74dy0GcQHmOd4f6i1p9Ia7qQJR.e',NULL,NULL,NULL,NULL,1,NULL,'2026-02-15 17:34:00','2026-02-28 03:14:44',1),(97,1,5,'بندر فهد محمد العتيبي',NULL,NULL,NULL,'1148667510','$2y$10$I0R8NuETySmk67ywd65mNejVK9BT8Zu1RU/Jxp6kvDzb9Gadf0aP2',NULL,NULL,NULL,NULL,1,NULL,'2026-02-15 17:34:00','2026-02-28 03:14:44',1),(98,1,5,'تركي خالد بن عيد الدوسري',NULL,NULL,NULL,'1143862900','$2y$10$.p7g8n5ND7W.25vkbL/7N.sio5hoLYNZQx7QYThOgbZLdy2sbNmb6',NULL,NULL,NULL,NULL,1,NULL,'2026-02-15 17:34:00','2026-02-28 03:14:44',1),(99,1,5,'تركي على عبدالعزيز الشقيفى',NULL,NULL,NULL,'1147727679','$2y$10$pcCjSH0AXqr8y/htZfH/uuUJeQWQn8kQ4YpELhF31rMzzMglqgKue',NULL,NULL,NULL,NULL,1,NULL,'2026-02-15 17:34:00','2026-02-28 03:14:44',1),(100,1,5,'حازم علي عائض الزهراني',NULL,NULL,NULL,'1149176628','$2y$10$pU5s.0CnkNkcDP4OFrwh1uUcQTLx/tbj342LDRjoKjnfVqIUp2FFa',NULL,NULL,NULL,NULL,1,NULL,'2026-02-15 17:34:00','2026-02-28 03:14:44',1),(101,1,5,'خالد رفاعي قريع الدوسري',NULL,NULL,NULL,'1153976905','$2y$10$vSWkJvWDrkoajXw6RwFeQ.o6U26CN/rCorwScslTe5pUNPioenLh2',NULL,NULL,NULL,NULL,1,NULL,'2026-02-15 17:34:00','2026-02-28 03:14:44',1),(102,1,5,'خالد طلال علي الشقيفي',NULL,NULL,NULL,'1147600892','$2y$10$08yMywKfsA8sA3LPlJXBnOm8exhl4yyh1sfcadVtiMuMdeer/2lpu',NULL,NULL,NULL,NULL,1,NULL,'2026-02-15 17:34:00','2026-02-28 03:14:44',1),(103,1,5,'راكان مسفر بن مقعد الدوسري',NULL,NULL,NULL,'1145575245','$2y$10$9s.GoNqNFHgD3cIz6F/C/Ofv3HDIrk97tJqwrrEUxsStmHZKzf.I2',NULL,NULL,NULL,NULL,1,NULL,'2026-02-15 17:34:00','2026-02-28 03:14:44',1),(104,1,5,'زياد محمد عبدالمقصود عبدالمقصود',NULL,NULL,NULL,'2272907805','$2y$10$ugyykYnKxdV8EWqrxx70Su95wr1EJRaHgOPfnPT.XLlsJ3.7FNCzK',NULL,NULL,NULL,NULL,1,NULL,'2026-02-15 17:34:00','2026-02-28 03:14:44',1),(105,1,5,'سلطان عبدالرحمن سلطان الدوسري',NULL,NULL,NULL,'1148989898','$2y$10$lj4UpVjZr5fMV.buEtjKwONvBF4oKK/QQtVywA0D9Z7bbqI2v7LB.',NULL,NULL,NULL,NULL,1,NULL,'2026-02-15 17:34:00','2026-02-28 03:14:44',1),(106,1,5,'سلمان سعد سلمان الدخيني',NULL,NULL,NULL,'1147432734','$2y$10$zZJDNUwI542odkJUnP84xe5Ba2bxeisHm.OMm9TUpWY7H93kuxck2',NULL,NULL,NULL,NULL,1,NULL,'2026-02-15 17:34:00','2026-02-28 03:14:44',1),(107,1,5,'صالح عبدالله صالح الموسى',NULL,NULL,NULL,'1145795272','$2y$10$oYAlLY6yToT8ZX9f2Wp6C.jgYurGoe5mh458xOWtD68VIHUs4OJzC',NULL,NULL,NULL,NULL,1,NULL,'2026-02-15 17:34:00','2026-02-28 03:14:44',1),(108,1,5,'طلال يوسف بن سعيد العتيبي',NULL,NULL,NULL,'1147406290','$2y$10$4e3Or3EpjxPudCqzERlZpOYrx.i9NktSmkZa4rQAPGrVjJE1naWK.',NULL,NULL,NULL,NULL,1,NULL,'2026-02-15 17:34:00','2026-02-28 03:14:44',1),(109,1,5,'عبدالرحمن مبارك بن عبدالرحمن العقيف',NULL,NULL,NULL,'1148653395','$2y$10$QM/ElKPowcX2QxeOzxvtte60RpbVBaCVv0.a7LpaoBCXr.LKcfyhy',NULL,NULL,NULL,NULL,1,NULL,'2026-02-15 17:34:00','2026-02-28 03:14:44',1),(110,1,5,'عبدالرحمن محمد بن موسم العتيبي',NULL,NULL,NULL,'1153338023','$2y$10$21aFt6yUeK5uhbZcsHNdU.BnAFB/6KiZL.jXQmACrm85ONR5sC.W6',NULL,NULL,NULL,NULL,1,NULL,'2026-02-15 17:34:00','2026-02-28 03:14:44',1),(111,1,5,'عبدالعزيز خالد ابراهيم الغنام',NULL,NULL,NULL,'1145159438','$2y$10$7RgfN/3spCJPAFlleEgowODCXsB4pfqeN1hUwcu3uxJOEpsfrCsLK',NULL,NULL,NULL,NULL,1,NULL,'2026-02-15 17:34:00','2026-02-28 03:14:44',1),(112,1,5,'عبدالله جمعان بن مطلق الدوسري',NULL,NULL,NULL,'1147820045','$2y$10$XzcSJVpAk.uuIpEzSJiqweE2cDBYY4cFwpcLBsUcD0rRb2TKckk9e',NULL,NULL,NULL,NULL,1,NULL,'2026-02-15 17:34:00','2026-02-28 03:14:44',1),(113,1,5,'فارس سعد محمد سعد عسيري',NULL,NULL,NULL,'1147327033','$2y$10$.l56UwLEoU57fK4R7sK/uuqxagGy1N0ToC9qvONOdNnitKGakSiCC',NULL,NULL,NULL,NULL,1,NULL,'2026-02-15 17:34:00','2026-02-28 03:14:44',1),(114,1,5,'فهد يوسف عثمان المطرود',NULL,NULL,NULL,'1148909623','$2y$10$IDjHfMS.l1aBbVDZmqxck.IFmin/JX/OLL8teMURk0nsQfMVz/Ukq',NULL,NULL,NULL,NULL,1,NULL,'2026-02-15 17:34:00','2026-02-28 03:14:44',1),(115,1,5,'محمد عبدالله بن محمد الخريش',NULL,NULL,NULL,'1145205132','$2y$10$cMcyjAOa6eJEMKJaPtiF7u/je20BwjpCPFvwE0bJhpGOTfigkY.mG',NULL,NULL,NULL,NULL,1,NULL,'2026-02-15 17:34:00','2026-02-28 03:14:44',1),(116,1,5,'محمد عبدالله بن محمد الخضير',NULL,NULL,NULL,'1147651317','$2y$10$5E2ve03XqJQ7kEA8gHSH7O9mQStv5wk64m4NUEKbCNMc0fqfysK7e',NULL,NULL,NULL,NULL,1,NULL,'2026-02-15 17:34:00','2026-02-28 03:14:44',1),(117,1,5,'محمد فالح محمد البلوي',NULL,NULL,NULL,'1146575277','$2y$10$Obiis6B5XDZH9lzNKP6O.eLmcVz.GVY/kjKG7Kv1BRs1tWjlg/SJ.',NULL,NULL,NULL,NULL,1,NULL,'2026-02-15 17:34:00','2026-02-28 03:14:44',1),(118,1,5,'محمد فهيد بخيتان الدوسري',NULL,NULL,NULL,'1147582223','$2y$10$hklSSijCgGMGLAvCNco45ub21mdlJHmV5rVBchgJMNbsXDxOUEiZS',NULL,NULL,NULL,NULL,1,NULL,'2026-02-15 17:34:00','2026-02-28 03:14:44',1),(119,1,5,'محمد مهند بن محمد القعيضب',NULL,NULL,NULL,'1147095424','$2y$10$16mn.S2DEPQeUY9ymNZt9OdjyMYMZ4M7iiPhc1axu5580yykFvDCu',NULL,NULL,NULL,NULL,1,NULL,'2026-02-15 17:34:00','2026-02-28 03:14:44',1),(120,1,5,'مشعل مسلط محصن الشيباني',NULL,NULL,NULL,'1158408862','$2y$10$T0bZeHH1UwRPAmKCIzWU7unkIAuNxRHgjn5OA14OdNZSp1Nru8QlW',NULL,NULL,NULL,NULL,1,NULL,'2026-02-15 17:34:00','2026-02-28 03:14:44',1),(121,1,5,'معاذ بن إبراهيم بن سليمان الهندي',NULL,NULL,NULL,'1146083439','$2y$10$klka2cqXEw2NjYXw90xv1ORglnKiNsp74/.E0Q9g8WRk7uenJGS.2',NULL,NULL,NULL,NULL,1,NULL,'2026-02-15 17:34:00','2026-02-28 03:14:44',1),(122,1,5,'ناصر عبدالعزيز بن خالد المطيويع',NULL,NULL,NULL,'1148375619','$2y$10$2XtdUVYUFz6Nx37VgdHI1.GRKTSbJRdNrBP8JZKum6xj55eheXfC.',NULL,NULL,NULL,NULL,1,NULL,'2026-02-15 17:34:00','2026-02-28 03:14:44',1),(123,1,5,'ناصر عبدالله سعد البعيجان',NULL,NULL,NULL,'1145623151','$2y$10$442PXQpl7ww/4Voj6KBDWeQ1CltUycST57bfQ9tekUAir4J5GjhCC',NULL,NULL,NULL,NULL,1,NULL,'2026-02-15 17:34:00','2026-02-28 03:14:44',1),(124,1,5,'نايف بن ممدوح بن عقاب بن نحيت',NULL,NULL,NULL,'1153492663','$2y$10$Sc1XSFV/htua.qCcIJ470eYpTpfsf5nNqABTIMQicR6UMojhaayNO',NULL,NULL,NULL,NULL,1,NULL,'2026-02-15 17:34:00','2026-02-28 03:14:44',1),(125,1,9,'أحمد شقدوف محمد عقدي','uploads/profiles/std_125_1773120126.jpg',NULL,'admin','1146521727','$2y$10$UJYmIe1cUilAU6r6LC.Ns.IxE/rlEEzZqn0UPNyOP00cL.wA0JsWu',NULL,NULL,NULL,NULL,1,'2026-03-12 06:50:28','2026-02-15 17:34:00','2026-03-12 04:50:28',0),(126,1,9,'تميم عبدالرحمن محمد العتيبي',NULL,NULL,NULL,'1148623059','$2y$10$GawH7jHwdhu35qzOPsDXDuAR9JrhIAeC7PhGT79QJjp.hwWYc9pPO',NULL,NULL,NULL,NULL,1,NULL,'2026-02-15 17:34:00','2026-02-28 03:14:44',1),(127,1,9,'خالد ناصر عبدالله المقابلة الدوسري',NULL,NULL,NULL,'1142615507','$2y$10$eCYWJ.kgdHrzdhEfLYFPAOPrFBA1oW24.QQt/qFxMgyi9ZXOC/y5O',NULL,NULL,NULL,NULL,1,NULL,'2026-02-15 17:34:00','2026-02-28 03:14:44',1),(128,1,9,'درع بن ناصر بن محمد الدرع',NULL,NULL,NULL,'1148644089','$2y$10$M76udBjh0dRWV7pdYYEVM.u3AmHaAcLo4tn4/Y45k.VbsOqucCQTO',NULL,NULL,NULL,NULL,1,'2026-03-12 07:03:09','2026-02-15 17:34:00','2026-03-12 05:03:20',0),(129,1,9,'راكان عبدالعزيز عبدالله الداعج',NULL,NULL,NULL,'1146753999','$2y$10$LpKEZM4aFeon3wI.d4UmV.nqxw.6NL8GaBX6drvNOnYNi9xs.aAqG',NULL,NULL,NULL,NULL,1,NULL,'2026-02-15 17:34:00','2026-02-28 03:14:44',1),(130,1,9,'سلطان خالد سعد الزمامي',NULL,NULL,NULL,'1154690927','$2y$10$yBjQOdAXxYETPMbJjPyyaeczOiCVYvLLYQZPTJ8r1YRrR8EZ/XslG',NULL,NULL,NULL,NULL,1,NULL,'2026-02-15 17:34:00','2026-02-28 03:14:44',1),(131,1,9,'سلطان رشيد سعد الحربي',NULL,NULL,NULL,'1145444046','$2y$10$mJqQ6DLClzZmKF79Kvo0SuYv1Pd5nEo0k8xHxTHWVEZcvCOeyz8OK',NULL,NULL,NULL,NULL,1,NULL,'2026-02-15 17:34:00','2026-02-28 03:14:44',1),(132,1,9,'طارد عبدالهادي ضيف الله الكبرى',NULL,NULL,NULL,'1145308498','$2y$10$Fc7zu0UMzWOwxczKE8KL7OKPyfOciw/bi.wtjWlnkS6OpmSC5NFIu',NULL,NULL,NULL,NULL,1,NULL,'2026-02-15 17:34:00','2026-02-28 03:14:44',1),(133,1,9,'عبدالعزيز ناصر عبدالله السبيعي',NULL,NULL,NULL,'1149034546','$2y$10$VRWiImgpefP0jS6Pjtd6XeubwBkiEIgBOV0UniQikX6lqYLSztYvK',NULL,NULL,NULL,NULL,1,NULL,'2026-02-15 17:34:00','2026-02-28 03:14:44',1),(134,1,9,'عبدالكريم فهد ميزان البدراني',NULL,NULL,NULL,'1146223019','$2y$10$YHvuGUhuKSZpcCIF7SiEeO.dQExCn/ctKE.NJ7FM/ceBnos5JNZBS',NULL,NULL,NULL,NULL,1,NULL,'2026-02-15 17:34:00','2026-02-28 03:14:44',1),(135,1,9,'عبدالله راشد عبدالرحمن الكنهل',NULL,NULL,NULL,'1148125436','$2y$10$ZH6FABFpYJoAX.MT5XP1O.MPaRchCe5//ItUdBz/vPFlu6yqQ7ofC',NULL,NULL,NULL,NULL,1,NULL,'2026-02-15 17:34:00','2026-02-28 03:14:44',1),(136,1,9,'عبدالله مبخوت محمد الدوسري',NULL,NULL,NULL,'1144720826','$2y$10$SOBlR4s3lpUwiPNjCuMJEOMvCt25WzWPpmDtlL0kiMuWcrFLsk9wO',NULL,NULL,NULL,NULL,1,NULL,'2026-02-15 17:34:00','2026-02-28 03:14:44',1),(137,1,9,'عبدالملك عبدالله محمد التميمي',NULL,NULL,NULL,'1147295370','$2y$10$SfzTXPG04zQSyQHw5LGvGuyz1PCtuECkgj1j.1PoSnkzSop/18oU.',NULL,NULL,NULL,NULL,1,NULL,'2026-02-15 17:34:00','2026-02-28 03:14:44',1),(138,1,9,'عزام طارق ناصر الجمعه',NULL,NULL,NULL,'1148192048','$2y$10$REndww4zPup3kk3imj/08ezQ2O2lBfuS1BybtQHrdhQAMX7xuKaEK',NULL,NULL,NULL,NULL,1,NULL,'2026-02-15 17:34:00','2026-02-28 03:14:44',1),(139,1,9,'عزام فهد بن سعد الجهيم',NULL,NULL,NULL,'1149668160','$2y$10$ujm6XOnM0mAfc0Z1CE/toOrOVrPHjTB07BCLIhP.PF0zBglc7ToUK',NULL,NULL,NULL,NULL,1,NULL,'2026-02-15 17:34:00','2026-02-28 03:14:44',1),(140,1,9,'فراج ناصر بن فراج الدوسري',NULL,NULL,NULL,'1151582861','$2y$10$5AqULSyyWurEHxvzhBvv1Oux2PVCNDFGoqVLSQobHMTMWfwqRDKwO',NULL,NULL,NULL,NULL,1,NULL,'2026-02-15 17:34:00','2026-02-28 03:14:44',1),(141,1,9,'فهد خالد نفل الحارثي',NULL,NULL,NULL,'1147289316','$2y$10$Eo9/fxF301ZiwBgF9OQd..5NEm1Sdi3PBZGEPtju2HS20USh0IO6u',NULL,NULL,NULL,NULL,1,NULL,'2026-02-15 17:34:00','2026-02-28 03:14:44',1),(142,1,9,'مشاري خالد بن هلال العتيبي',NULL,NULL,NULL,'1145764260','$2y$10$zTdbhdooOiseE71/LBll3Oq6TwpfNedSAXUUe5e..TxlRApKoWDv.',NULL,NULL,NULL,NULL,1,NULL,'2026-02-15 17:34:00','2026-02-28 03:14:44',1),(143,1,9,'معاذ بندر بن ابراهيم الفرحان',NULL,NULL,NULL,'1147262826','$2y$10$3gC7hjR/C9nRr43NNH9yCultZn73oLDGH.Ut/5hcm0sYn59PDNPmu',NULL,NULL,NULL,NULL,1,NULL,'2026-02-15 17:34:00','2026-02-28 03:14:44',1),(144,1,9,'معاذ مناحي عايض البقمي',NULL,NULL,NULL,'1148125865','$2y$10$A7PgRWWEjsF9EXCgBpL5TOxK2WXyEU1UBQVDya8oRDRCY2H/8CcK.',NULL,NULL,NULL,NULL,1,NULL,'2026-02-15 17:34:00','2026-02-28 03:14:44',1),(145,1,9,'معجب سالم عجب الدوسري',NULL,NULL,NULL,'1148964529','$2y$10$qaNgT1Z4nPXR0g2187tI8OWUNGh7oVN4PrM1.2Cf/HbTEmK1LKn0y',NULL,NULL,NULL,NULL,1,NULL,'2026-02-15 17:34:00','2026-02-28 03:14:44',1),(146,1,9,'نايف احمد بن ابراهيم الفرحان',NULL,NULL,NULL,'1147602039','$2y$10$kug39SEqvdlNkdNB1NggeeZpyj1opEdDCYdJPiMOimx9EncgonGZC',NULL,NULL,NULL,NULL,1,NULL,'2026-02-15 17:34:00','2026-02-28 03:14:44',1),(147,1,2,'أمير حسين بن أحمد محنشي',NULL,NULL,NULL,'1153670979','$2y$10$0b5yV3xAHP9ndqL/qFLNSu9DaY84gJMJi2vZHKJ.146iAw3yDzOde',NULL,'A+','esm1774',NULL,1,'2026-03-08 15:55:38','2026-02-15 17:34:00','2026-03-12 04:09:06',0),(148,1,2,'راكان عبدالله عبدالعزيز العبيداء',NULL,NULL,NULL,'1152855472','$2y$10$ACjc5o/5dZvIILd/1CIWceQAlwMRtPvoIbsG3SfnHlTb7.e56DxKC',NULL,NULL,NULL,NULL,1,NULL,'2026-02-15 17:34:00','2026-02-28 03:14:44',1),(149,1,2,'ريان عبدالعزيز بن سالم المبارك',NULL,NULL,NULL,'1153382880','$2y$10$EumRZqAH9gmvy94CwxoBIuBpRLGPlzl7/dLWCDy5PK7TOXPn.JgKy',NULL,NULL,NULL,NULL,1,NULL,'2026-02-15 17:34:00','2026-02-28 03:14:44',1),(150,1,2,'سالم حزيم سالم الدوسري',NULL,NULL,NULL,'1148082710','$2y$10$aqFG6z.wpuxoqaSroZN3t..PTkemGU9IQw84qpWiAMMmIgtQwuiBC',NULL,NULL,NULL,NULL,1,NULL,'2026-02-15 17:34:00','2026-02-28 03:14:44',1),(151,1,2,'سالم خالد سالم المبارك',NULL,NULL,NULL,'1152767503','$2y$10$Dsc5dsPXiObkUG7s0peI5ePB7Dp/OOjUWARtc7AEcgJuWZvX2v9I6',NULL,NULL,NULL,NULL,1,NULL,'2026-02-15 17:34:00','2026-02-28 03:14:44',1),(152,1,2,'عبدالاله ابراهيم بن علي العبيداء',NULL,NULL,NULL,'1153152812','$2y$10$jMrvFR4O7NXfmJnhjk6rBucAxj43VbNbcQjL1LdFFEzJtRQKGfc7W',NULL,NULL,NULL,NULL,1,NULL,'2026-02-15 17:34:00','2026-02-28 03:14:44',1),(153,1,2,'عبدالرحمن عبدالله بن نفل الدوسري',NULL,NULL,NULL,'1154521205','$2y$10$Nb/hL7sC2HLtullk/PF35.b9HGInl/NMk29hqDHLwJA3SY5a7DRgS',NULL,NULL,NULL,NULL,1,NULL,'2026-02-15 17:34:00','2026-02-28 03:14:44',1),(154,1,2,'عبدالرحمن يحيى علي بجوي',NULL,NULL,NULL,'1152797682','$2y$10$cpZ90ekjmnWrBl6mzXQ8d.UPJO/vfDylAHXjSxNbH4p.AzWq0CFF6',NULL,NULL,NULL,NULL,1,NULL,'2026-02-15 17:34:00','2026-02-28 03:14:44',1),(155,1,2,'عبدالله عبدالرحمن بن عويد الحربي',NULL,NULL,NULL,'1146635006','$2y$10$JTyY/yFGojrk9/vE05Rz5Ov.A4q2rLRKV1l6H9JQGlAmcRuQRYR6O',NULL,NULL,NULL,NULL,1,NULL,'2026-02-15 17:34:00','2026-02-28 03:14:44',1),(156,1,2,'عبدالله عبدالرحمن ناصر البعيجان',NULL,NULL,NULL,'1151476254','$2y$10$c7pn9DTkYnDF2/wimGYwUen.0./l3GhX3xHHVHf/8LIj4f8v/PE3C',NULL,NULL,NULL,NULL,1,NULL,'2026-02-15 17:34:00','2026-02-28 03:14:44',1),(157,1,2,'عبدالمجيد حسن محمد عسيري',NULL,NULL,NULL,'1151834700','$2y$10$WK8pNyfiZMoF9kInYhImReBV/eEsU6srrSiZ8JRHFOZBPwzeC5zY2',NULL,NULL,NULL,NULL,1,NULL,'2026-02-15 17:34:00','2026-02-28 03:14:44',1),(158,1,2,'فايز أحمد فايز الحربي',NULL,NULL,NULL,'1146675259','$2y$10$YvpqpSx7ZY1Swele0hvOMONO9rPNywCB5tYjZPmYJKPPzmzuXiTAm',NULL,NULL,NULL,NULL,1,NULL,'2026-02-15 17:34:00','2026-02-28 03:14:44',1),(159,1,2,'فهد نواف فهد القباني',NULL,NULL,NULL,'1173207109','$2y$10$OVN9YNPTOATIqqaRO76keeLSnCnLxYEMxDHMdAMNGwL0VXLh8.1Ji',NULL,NULL,NULL,NULL,1,NULL,'2026-02-15 17:34:00','2026-02-28 03:14:44',1),(160,1,2,'محمد بدر بن محمد الدوسري',NULL,NULL,NULL,'1151753389','$2y$10$WFV45bXlIiWhD5Qv9IEWJOiimz1UiLjVsBg6p1WAngkTGs7YFS8Se',NULL,NULL,NULL,NULL,1,NULL,'2026-02-15 17:34:00','2026-02-28 03:14:44',1),(161,1,2,'محمد خالد بن محمد الأحمري',NULL,NULL,NULL,'1153558240','$2y$10$rd1/bAQJRs/BMyiXvqUijeufQOlTCHgT7a71VaIRSClc6wfjRPgP2',NULL,NULL,NULL,NULL,1,NULL,'2026-02-15 17:34:00','2026-02-28 03:14:44',1),(162,1,2,'محمد ناصر معجب الدوسري',NULL,NULL,NULL,'1152446256','$2y$10$GluTF1/TjVq4XGfzWUyHTeCz140bL5oUmIIqW81xg3GnHNT9Y.2rm',NULL,NULL,NULL,NULL,1,NULL,'2026-02-15 17:34:00','2026-02-28 03:14:44',1),(163,1,2,'ناصر عبدالاله ناصر المعيبد',NULL,NULL,NULL,'1152800668','$2y$10$8csJf8mxrK7jZx2l4On9beFupjmEnJ2owSJd4CkR4FpMqhv/nfbaa',NULL,NULL,NULL,NULL,1,NULL,'2026-02-15 17:34:00','2026-02-28 03:14:44',1),(164,1,2,'وافي خالد محمد البقمي',NULL,NULL,NULL,'1152149785','$2y$10$bylneGgiSutZZm.8LzEoCuLcT.3dvL1/2UgvZ2KFMy1C6rlyzuiEi',NULL,NULL,NULL,NULL,1,NULL,'2026-02-15 17:34:00','2026-02-28 03:14:44',1),(165,1,2,'وسام احمد بن فالح الرشيدي',NULL,NULL,NULL,'1152244735','$2y$10$Goa6Zf.KuKfuwe0ZIhDu0u5Xzz1bH8dIEw6daTFL5B8V31406uvI.',NULL,NULL,NULL,NULL,1,NULL,'2026-02-15 17:34:00','2026-02-28 03:14:44',1),(173,1,1,'محمد أحمد العتيبي',NULL,NULL,NULL,'1001','$2y$10$ik/9EbFY.QwacGn/vmlPL.dIMdjuReSzvLMU66Keo2NOAHMlmHvMC','2008-05-15','A+','512345678',NULL,1,NULL,'2026-03-01 10:19:28','2026-03-02 09:32:50',1),(174,1,2,'خالد سعد الشمري',NULL,'','','1002','$2y$10$yo3uz0IL.KwlpV5abx0psuH40hRdr/k/AYKL2uhDfBQWRydUtXs2W',NULL,'B+','587654321','حساسية صدرية',1,'2026-03-12 06:57:39','2026-03-01 10:19:28','2026-03-12 04:57:39',0),(206,1,2,'عبدالاله ابراهيم بن علي العبيداء',NULL,NULL,NULL,'&#039;1153152812','$2y$10$xHjvTleNqJr.LTzuJWbtn.H8rMFDsZ.FtlMreRBx4u6SQk/kxa.Ym',NULL,NULL,NULL,NULL,1,NULL,'2026-03-02 08:00:44','2026-03-02 08:00:44',1),(207,1,2,'عبدالرحمن عبدالله بن نفل الدوسري',NULL,NULL,NULL,'&#039;1154521205','$2y$10$S81753RFxA9wHJ21GwmjRuk03y9KvewJo4TSTy8ReYeeUiNPCDKK2',NULL,NULL,NULL,NULL,1,NULL,'2026-03-02 08:00:44','2026-03-02 08:00:44',1),(208,1,2,'عبدالرحمن يحيى علي بجوي',NULL,NULL,NULL,'&#039;1152797682','$2y$10$8mw49ryG0dhDDUFDBOUHm.MBFfpoj.DD0Vlu7p/VpIxKw7KkFEI5e',NULL,NULL,NULL,NULL,1,NULL,'2026-03-02 08:00:44','2026-03-02 08:00:44',1),(209,1,2,'عبدالله عبدالرحمن بن عويد الحربي',NULL,NULL,NULL,'&#039;1146635006','$2y$10$JS3E6bJ4dKXzjclC/Y.Q7eHQHC5eaYLQkthMCOiFkXArFD5uy2AaC',NULL,NULL,NULL,NULL,1,NULL,'2026-03-02 08:00:44','2026-03-02 08:00:44',1),(210,1,2,'عبدالله عبدالرحمن ناصر البعيجان',NULL,NULL,NULL,'&#039;1151476254','$2y$10$729mVo09tZSxG/bzpecSNupYKymNAhyF7RhgBY23yKTTp2FIFFhSm',NULL,NULL,NULL,NULL,1,NULL,'2026-03-02 08:00:44','2026-03-02 08:00:44',1),(329,2,11,'محمد أحمد العتيبي',NULL,NULL,NULL,'1001','$2y$10$LlDHWmIiU7RXUP.yV7rUHeP9V3pml4eQyzOPSzP6SNJX9K20wFFR.','2009-03-05','A+','512345678',NULL,1,NULL,'2026-03-03 19:06:39','2026-03-03 19:06:39',1),(330,2,13,'خالد سعد الشمري',NULL,NULL,NULL,'1002','$2y$10$REcJzZKl4PtwqxICM.wNmuSk12FvDDxTt8PlCNs0bvHHL8X1VlKZ2','2008-08-11','B+','587654321','حساسية صدرية',1,NULL,'2026-03-03 19:06:39','2026-03-03 19:06:39',1),(331,2,11,'عبدالله فهد القحطاني',NULL,NULL,NULL,'32333','$2y$10$ZgBpEvrYkGzuY29z8SmRyOO6S1nT9lTVE22RH6DpI6WVIf5kGhMzy','2008-10-03','O+','556789012',NULL,1,NULL,'2026-03-03 19:06:39','2026-03-03 19:06:39',1);
/*!40000 ALTER TABLE `students` ENABLE KEYS */;
UNLOCK TABLES;

--
-- Table structure for table `teacher_classes`
--

DROP TABLE IF EXISTS `teacher_classes`;
/*!40101 SET @saved_cs_client     = @@character_set_client */;
/*!40101 SET character_set_client = utf8 */;
CREATE TABLE `teacher_classes` (
  `id` int(10) unsigned NOT NULL AUTO_INCREMENT,
  `school_id` int(10) unsigned DEFAULT 1,
  `teacher_id` int(10) unsigned NOT NULL,
  `class_id` int(10) unsigned NOT NULL,
  `is_temporary` tinyint(1) NOT NULL DEFAULT 0 COMMENT '1 = تعيين مؤقت من الإدارة',
  `assigned_by` int(10) unsigned DEFAULT NULL COMMENT 'من قام بالتعيين (admin_id)',
  `assigned_at` timestamp NOT NULL DEFAULT current_timestamp(),
  `expires_at` date DEFAULT NULL COMMENT 'تاريخ انتهاء التعيين المؤقت',
  PRIMARY KEY (`id`),
  UNIQUE KEY `uk_teacher_class` (`school_id`,`teacher_id`,`class_id`),
  KEY `idx_teacher` (`teacher_id`),
  KEY `idx_class` (`class_id`),
  KEY `idx_temp` (`is_temporary`),
  KEY `fk_tc_assigned` (`assigned_by`),
  KEY `idx_teacher_classes_school` (`school_id`),
  CONSTRAINT `fk_tc_assigned` FOREIGN KEY (`assigned_by`) REFERENCES `users` (`id`) ON DELETE SET NULL,
  CONSTRAINT `fk_tc_class` FOREIGN KEY (`class_id`) REFERENCES `classes` (`id`) ON DELETE CASCADE,
  CONSTRAINT `fk_tc_teacher` FOREIGN KEY (`teacher_id`) REFERENCES `users` (`id`) ON DELETE CASCADE
) ENGINE=InnoDB AUTO_INCREMENT=16 DEFAULT CHARSET=utf8mb4 COLLATE=utf8mb4_unicode_ci COMMENT='ربط المعلمين بفصولهم (دائم أو مؤقت)';
/*!40101 SET character_set_client = @saved_cs_client */;

--
-- Dumping data for table `teacher_classes`
--

LOCK TABLES `teacher_classes` WRITE;
/*!40000 ALTER TABLE `teacher_classes` DISABLE KEYS */;
INSERT INTO `teacher_classes` VALUES (1,1,2,1,0,NULL,'2026-02-20 23:21:29',NULL),(2,1,2,2,0,NULL,'2026-02-20 23:21:29',NULL),(3,1,2,4,0,NULL,'2026-02-20 23:21:29',NULL),(4,1,2,5,0,NULL,'2026-02-20 23:21:29',NULL),(8,1,2,9,0,NULL,'2026-02-20 23:21:29',NULL),(9,1,4,6,0,1,'2026-02-21 00:09:48',NULL),(10,1,4,7,0,1,'2026-02-21 00:09:53',NULL),(11,1,4,8,0,1,'2026-02-21 00:09:56',NULL),(12,1,8,1,0,1,'2026-02-21 00:10:12',NULL),(13,1,16,6,0,1,'2026-03-06 12:51:04',NULL),(14,1,16,7,0,1,'2026-03-06 12:51:09',NULL),(15,1,16,8,0,1,'2026-03-06 12:51:12',NULL);
/*!40000 ALTER TABLE `teacher_classes` ENABLE KEYS */;
UNLOCK TABLES;

--
-- Table structure for table `teacher_timetables`
--

DROP TABLE IF EXISTS `teacher_timetables`;
/*!40101 SET @saved_cs_client     = @@character_set_client */;
/*!40101 SET character_set_client = utf8 */;
CREATE TABLE `teacher_timetables` (
  `id` int(10) unsigned NOT NULL AUTO_INCREMENT,
  `school_id` int(10) unsigned NOT NULL,
  `teacher_id` int(10) unsigned NOT NULL,
  `class_id` int(10) unsigned NOT NULL,
  `day_of_week` tinyint(4) NOT NULL COMMENT '1=Sunday, 2=Monday, 3=Tuesday, 4=Wednesday, 5=Thursday',
  `period_number` tinyint(4) NOT NULL COMMENT '1 to 10',
  `created_at` timestamp NOT NULL DEFAULT current_timestamp(),
  PRIMARY KEY (`id`),
  UNIQUE KEY `unique_period` (`school_id`,`teacher_id`,`day_of_week`,`period_number`),
  KEY `class_id` (`class_id`),
  KEY `tmp_idx_migration` (`teacher_id`),
  CONSTRAINT `teacher_timetables_ibfk_1` FOREIGN KEY (`school_id`) REFERENCES `schools` (`id`) ON DELETE CASCADE,
  CONSTRAINT `teacher_timetables_ibfk_2` FOREIGN KEY (`teacher_id`) REFERENCES `users` (`id`) ON DELETE CASCADE,
  CONSTRAINT `teacher_timetables_ibfk_3` FOREIGN KEY (`class_id`) REFERENCES `classes` (`id`) ON DELETE CASCADE
) ENGINE=InnoDB AUTO_INCREMENT=85 DEFAULT CHARSET=utf8mb4 COLLATE=utf8mb4_unicode_ci;
/*!40101 SET character_set_client = @saved_cs_client */;

--
-- Dumping data for table `teacher_timetables`
--

LOCK TABLES `teacher_timetables` WRITE;
/*!40000 ALTER TABLE `teacher_timetables` DISABLE KEYS */;
INSERT INTO `teacher_timetables` VALUES (66,1,2,5,1,3,'2026-03-01 06:25:54'),(67,1,2,2,1,4,'2026-03-01 06:25:54'),(68,1,2,9,1,6,'2026-03-01 06:25:54'),(69,1,2,4,2,3,'2026-03-01 06:25:54'),(70,1,2,5,2,4,'2026-03-01 06:25:54'),(71,1,2,4,2,7,'2026-03-01 06:25:54'),(72,1,2,1,3,3,'2026-03-01 06:25:54'),(73,1,2,4,3,4,'2026-03-01 06:25:54'),(74,1,2,9,3,6,'2026-03-01 06:25:54'),(75,1,2,4,4,2,'2026-03-01 06:25:54'),(76,1,2,9,4,4,'2026-03-01 06:25:54'),(77,1,2,5,4,5,'2026-03-01 06:25:54'),(78,1,2,1,5,6,'2026-03-01 06:25:54'),(82,1,1,5,1,3,'2026-03-01 07:23:50'),(83,1,1,2,1,4,'2026-03-01 07:23:50'),(84,1,1,7,1,6,'2026-03-01 07:23:50');
/*!40000 ALTER TABLE `teacher_timetables` ENABLE KEYS */;
UNLOCK TABLES;

--
-- Table structure for table `team_members`
--

DROP TABLE IF EXISTS `team_members`;
/*!40101 SET @saved_cs_client     = @@character_set_client */;
/*!40101 SET character_set_client = utf8 */;
CREATE TABLE `team_members` (
  `id` int(10) unsigned NOT NULL AUTO_INCREMENT,
  `school_id` int(10) unsigned DEFAULT 1,
  `team_id` int(10) unsigned NOT NULL,
  `student_id` int(10) unsigned NOT NULL,
  `jersey_number` int(10) unsigned DEFAULT NULL,
  `position` varchar(50) DEFAULT NULL,
  `status` enum('active','substitute','injured','suspended') NOT NULL DEFAULT 'active',
  `joined_at` date DEFAULT NULL,
  `notes` text DEFAULT NULL,
  `created_at` timestamp NOT NULL DEFAULT current_timestamp(),
  `updated_at` timestamp NOT NULL DEFAULT current_timestamp() ON UPDATE current_timestamp(),
  PRIMARY KEY (`id`),
  UNIQUE KEY `uk_team_student` (`school_id`,`team_id`,`student_id`),
  KEY `idx_team` (`team_id`),
  KEY `idx_student` (`student_id`),
  KEY `idx_team_members_school` (`school_id`),
  CONSTRAINT `fk_tm_student` FOREIGN KEY (`student_id`) REFERENCES `students` (`id`) ON DELETE CASCADE,
  CONSTRAINT `fk_tm_team` FOREIGN KEY (`team_id`) REFERENCES `sports_teams` (`id`) ON DELETE CASCADE
) ENGINE=InnoDB AUTO_INCREMENT=208 DEFAULT CHARSET=utf8mb4 COLLATE=utf8mb4_unicode_ci;
/*!40101 SET character_set_client = @saved_cs_client */;

--
-- Dumping data for table `team_members`
--

LOCK TABLES `team_members` WRITE;
/*!40000 ALTER TABLE `team_members` DISABLE KEYS */;
INSERT INTO `team_members` VALUES (6,1,1,48,NULL,NULL,'substitute','2026-02-21',NULL,'2026-02-20 22:09:21','2026-02-20 22:12:53'),(7,1,1,49,NULL,NULL,'active','2026-02-21',NULL,'2026-02-20 22:09:21','2026-02-20 22:09:21'),(8,1,1,50,NULL,NULL,'active','2026-02-21',NULL,'2026-02-20 22:09:21','2026-02-20 22:09:21'),(9,1,1,51,NULL,NULL,'active','2026-02-21',NULL,'2026-02-20 22:09:21','2026-02-20 22:09:21'),(10,1,1,52,NULL,NULL,'active','2026-02-21',NULL,'2026-02-20 22:09:21','2026-02-20 22:09:21'),(11,1,1,53,NULL,NULL,'active','2026-02-21',NULL,'2026-02-20 22:09:21','2026-02-20 22:09:21'),(12,1,1,54,NULL,NULL,'active','2026-02-21',NULL,'2026-02-20 22:09:21','2026-02-20 22:09:21'),(13,1,1,55,NULL,NULL,'active','2026-02-21',NULL,'2026-02-20 22:09:21','2026-02-20 22:09:21'),(14,1,1,56,NULL,NULL,'active','2026-02-21',NULL,'2026-02-20 22:09:21','2026-02-20 22:09:21'),(15,1,1,57,NULL,NULL,'active','2026-02-21',NULL,'2026-02-20 22:09:21','2026-02-20 22:09:21'),(16,1,1,58,NULL,NULL,'active','2026-02-21',NULL,'2026-02-20 22:09:21','2026-02-20 22:09:21'),(17,1,1,59,NULL,NULL,'active','2026-02-21',NULL,'2026-02-20 22:09:21','2026-02-20 22:09:21'),(18,1,1,60,NULL,NULL,'active','2026-02-21',NULL,'2026-02-20 22:09:21','2026-02-20 22:09:21'),(19,1,1,61,NULL,NULL,'active','2026-02-21',NULL,'2026-02-20 22:09:21','2026-02-20 22:09:21'),(20,1,1,62,NULL,NULL,'active','2026-02-21',NULL,'2026-02-20 22:09:21','2026-02-20 22:09:21'),(21,1,1,63,NULL,NULL,'active','2026-02-21',NULL,'2026-02-20 22:09:21','2026-02-20 22:09:21'),(38,1,6,65,NULL,NULL,'active','2026-02-21',NULL,'2026-02-20 22:41:17','2026-02-20 22:41:17'),(39,1,6,67,NULL,NULL,'active','2026-02-21',NULL,'2026-02-20 22:41:17','2026-02-20 22:41:17'),(40,1,6,136,NULL,NULL,'active','2026-02-21',NULL,'2026-02-20 22:41:17','2026-02-20 22:41:17'),(41,1,6,43,NULL,NULL,'active','2026-02-21',NULL,'2026-02-20 22:41:17','2026-02-20 22:41:17'),(42,1,6,47,NULL,NULL,'active','2026-02-21',NULL,'2026-02-20 22:41:17','2026-02-20 22:41:17'),(64,1,11,7,NULL,NULL,'active','2026-02-23',NULL,'2026-02-23 00:50:54','2026-02-23 00:50:54'),(66,1,11,11,NULL,NULL,'active','2026-02-23',NULL,'2026-02-23 00:50:54','2026-02-23 00:50:54'),(68,1,11,13,NULL,NULL,'active','2026-02-23',NULL,'2026-02-23 00:50:54','2026-02-23 00:50:54'),(69,1,11,147,NULL,NULL,'active','2026-02-23',NULL,'2026-02-23 00:50:54','2026-02-23 00:50:54'),(70,1,11,148,NULL,NULL,'active','2026-02-23',NULL,'2026-02-23 00:50:54','2026-02-23 00:50:54'),(71,1,11,149,NULL,NULL,'active','2026-02-23',NULL,'2026-02-23 00:50:54','2026-02-23 00:50:54'),(73,1,11,151,NULL,NULL,'active','2026-02-23',NULL,'2026-02-23 00:50:54','2026-02-23 00:50:54'),(75,1,11,153,NULL,NULL,'active','2026-02-23',NULL,'2026-02-23 00:50:54','2026-02-23 00:50:54'),(76,1,11,154,NULL,NULL,'active','2026-02-23',NULL,'2026-02-23 00:50:54','2026-02-23 00:50:54'),(78,1,11,156,NULL,NULL,'active','2026-02-23',NULL,'2026-02-23 00:50:54','2026-02-23 00:50:54'),(80,1,11,158,NULL,NULL,'active','2026-02-23',NULL,'2026-02-23 00:50:54','2026-02-23 00:50:54'),(81,1,11,159,NULL,NULL,'active','2026-02-23',NULL,'2026-02-23 00:50:54','2026-02-23 00:50:54'),(82,1,11,160,NULL,NULL,'active','2026-02-23',NULL,'2026-02-23 00:50:54','2026-02-23 00:50:54'),(84,1,11,162,NULL,NULL,'active','2026-02-23',NULL,'2026-02-23 00:50:54','2026-02-23 00:50:54'),(88,1,12,3,NULL,NULL,'active','2026-02-23',NULL,'2026-02-23 01:03:02','2026-02-23 01:03:02'),(89,1,12,22,NULL,NULL,'active','2026-02-23',NULL,'2026-02-23 01:03:02','2026-02-23 01:03:02'),(90,1,12,23,NULL,NULL,'active','2026-02-23',NULL,'2026-02-23 01:03:02','2026-02-23 01:03:02'),(91,1,12,24,NULL,NULL,'active','2026-02-23',NULL,'2026-02-23 01:03:02','2026-02-23 01:03:02'),(92,1,12,25,NULL,NULL,'active','2026-02-23',NULL,'2026-02-23 01:03:02','2026-02-23 01:03:02'),(93,1,12,26,NULL,NULL,'active','2026-02-23',NULL,'2026-02-23 01:03:02','2026-02-23 01:03:02'),(94,1,12,27,NULL,NULL,'active','2026-02-23',NULL,'2026-02-23 01:03:02','2026-02-23 01:03:02'),(95,1,12,28,NULL,NULL,'active','2026-02-23',NULL,'2026-02-23 01:03:02','2026-02-23 01:03:02'),(96,1,12,29,NULL,NULL,'active','2026-02-23',NULL,'2026-02-23 01:03:02','2026-02-23 01:03:02'),(97,1,12,65,NULL,NULL,'active','2026-02-23',NULL,'2026-02-23 01:03:02','2026-02-23 01:03:02'),(98,1,12,66,NULL,NULL,'active','2026-02-23',NULL,'2026-02-23 01:03:02','2026-02-23 01:03:02'),(99,1,12,67,NULL,NULL,'active','2026-02-23',NULL,'2026-02-23 01:03:02','2026-02-23 01:03:02'),(100,1,12,68,NULL,NULL,'active','2026-02-23',NULL,'2026-02-23 01:03:02','2026-02-23 01:03:02'),(101,1,12,69,NULL,NULL,'active','2026-02-23',NULL,'2026-02-23 01:03:02','2026-02-23 01:03:02'),(102,1,12,70,NULL,NULL,'active','2026-02-23',NULL,'2026-02-23 01:03:02','2026-02-23 01:03:02'),(103,1,12,71,NULL,NULL,'active','2026-02-23',NULL,'2026-02-23 01:03:02','2026-02-23 01:03:02'),(104,1,12,72,NULL,NULL,'active','2026-02-23',NULL,'2026-02-23 01:03:02','2026-02-23 01:03:02'),(105,1,12,73,NULL,NULL,'active','2026-02-23',NULL,'2026-02-23 01:03:02','2026-02-23 01:03:02'),(106,1,12,74,NULL,NULL,'active','2026-02-23',NULL,'2026-02-23 01:03:02','2026-02-23 01:03:02'),(107,1,12,75,NULL,NULL,'active','2026-02-23',NULL,'2026-02-23 01:03:02','2026-02-23 01:03:02'),(108,1,12,76,NULL,NULL,'active','2026-02-23',NULL,'2026-02-23 01:03:02','2026-02-23 01:03:02'),(109,1,12,77,NULL,NULL,'active','2026-02-23',NULL,'2026-02-23 01:03:02','2026-02-23 01:03:02'),(110,1,12,78,NULL,NULL,'active','2026-02-23',NULL,'2026-02-23 01:03:02','2026-02-23 01:03:02'),(111,1,12,79,NULL,NULL,'active','2026-02-23',NULL,'2026-02-23 01:03:02','2026-02-23 01:03:02'),(112,1,12,80,NULL,NULL,'active','2026-02-23',NULL,'2026-02-23 01:03:02','2026-02-23 01:03:02'),(113,1,12,81,NULL,NULL,'active','2026-02-23',NULL,'2026-02-23 01:03:02','2026-02-23 01:03:02'),(114,1,12,82,NULL,NULL,'active','2026-02-23',NULL,'2026-02-23 01:03:02','2026-02-23 01:03:02'),(115,1,12,83,NULL,NULL,'active','2026-02-23',NULL,'2026-02-23 01:03:02','2026-02-23 01:03:02'),(116,1,12,84,NULL,NULL,'active','2026-02-23',NULL,'2026-02-23 01:03:02','2026-02-23 01:03:02'),(117,1,12,85,NULL,NULL,'active','2026-02-23',NULL,'2026-02-23 01:03:02','2026-02-23 01:03:02'),(118,1,12,86,NULL,NULL,'active','2026-02-23',NULL,'2026-02-23 01:03:02','2026-02-23 01:03:02'),(119,1,12,87,NULL,NULL,'active','2026-02-23',NULL,'2026-02-23 01:03:02','2026-02-23 01:03:02'),(120,1,12,88,NULL,NULL,'active','2026-02-23',NULL,'2026-02-23 01:03:02','2026-02-23 01:03:02'),(121,1,12,89,NULL,NULL,'active','2026-02-23',NULL,'2026-02-23 01:03:02','2026-02-23 01:03:02'),(122,1,12,90,NULL,NULL,'active','2026-02-23',NULL,'2026-02-23 01:03:02','2026-02-23 01:03:02'),(123,1,12,91,NULL,NULL,'active','2026-02-23',NULL,'2026-02-23 01:03:02','2026-02-23 01:03:02'),(124,1,12,92,NULL,NULL,'active','2026-02-23',NULL,'2026-02-23 01:03:02','2026-02-23 01:03:02'),(125,1,12,93,NULL,NULL,'active','2026-02-23',NULL,'2026-02-23 01:03:02','2026-02-23 01:03:02'),(126,1,12,94,NULL,NULL,'active','2026-02-23',NULL,'2026-02-23 01:03:02','2026-02-23 01:03:02'),(127,1,13,30,NULL,NULL,'active','2026-02-23',NULL,'2026-02-23 01:03:38','2026-02-23 01:03:38'),(128,1,13,32,NULL,NULL,'active','2026-02-23',NULL,'2026-02-23 01:03:38','2026-02-23 01:03:38'),(129,1,13,33,NULL,NULL,'active','2026-02-23',NULL,'2026-02-23 01:03:38','2026-02-23 01:03:38'),(130,1,13,34,NULL,NULL,'active','2026-02-23',NULL,'2026-02-23 01:03:38','2026-02-23 01:03:38'),(131,1,13,95,NULL,NULL,'active','2026-02-23',NULL,'2026-02-23 01:03:38','2026-02-23 01:03:38'),(132,1,13,96,NULL,NULL,'active','2026-02-23',NULL,'2026-02-23 01:03:38','2026-02-23 01:03:38'),(133,1,13,97,NULL,NULL,'active','2026-02-23',NULL,'2026-02-23 01:03:38','2026-02-23 01:03:38'),(134,1,13,98,NULL,NULL,'active','2026-02-23',NULL,'2026-02-23 01:03:38','2026-02-23 01:03:38'),(135,1,13,99,NULL,NULL,'active','2026-02-23',NULL,'2026-02-23 01:03:38','2026-02-23 01:03:38'),(136,1,13,100,NULL,NULL,'active','2026-02-23',NULL,'2026-02-23 01:03:38','2026-02-23 01:03:38'),(137,1,13,101,NULL,NULL,'active','2026-02-23',NULL,'2026-02-23 01:03:38','2026-02-23 01:03:38'),(138,1,13,102,NULL,NULL,'active','2026-02-23',NULL,'2026-02-23 01:03:38','2026-02-23 01:03:38'),(139,1,13,103,NULL,NULL,'active','2026-02-23',NULL,'2026-02-23 01:03:38','2026-02-23 01:03:38'),(140,1,13,104,NULL,NULL,'active','2026-02-23',NULL,'2026-02-23 01:03:38','2026-02-23 01:03:38'),(141,1,13,105,NULL,NULL,'active','2026-02-23',NULL,'2026-02-23 01:03:38','2026-02-23 01:03:38'),(142,1,13,106,NULL,NULL,'active','2026-02-23',NULL,'2026-02-23 01:03:38','2026-02-23 01:03:38'),(143,1,13,107,NULL,NULL,'active','2026-02-23',NULL,'2026-02-23 01:03:38','2026-02-23 01:03:38'),(144,1,13,108,NULL,NULL,'active','2026-02-23',NULL,'2026-02-23 01:03:38','2026-02-23 01:03:38'),(145,1,13,109,NULL,NULL,'active','2026-02-23',NULL,'2026-02-23 01:03:38','2026-02-23 01:03:38'),(146,1,13,110,NULL,NULL,'active','2026-02-23',NULL,'2026-02-23 01:03:38','2026-02-23 01:03:38'),(147,1,13,111,NULL,NULL,'active','2026-02-23',NULL,'2026-02-23 01:03:38','2026-02-23 01:03:38'),(148,1,13,112,NULL,NULL,'active','2026-02-23',NULL,'2026-02-23 01:03:38','2026-02-23 01:03:38'),(149,1,13,113,NULL,NULL,'active','2026-02-23',NULL,'2026-02-23 01:03:38','2026-02-23 01:03:38'),(150,1,13,114,NULL,NULL,'active','2026-02-23',NULL,'2026-02-23 01:03:38','2026-02-23 01:03:38'),(151,1,13,115,NULL,NULL,'active','2026-02-23',NULL,'2026-02-23 01:03:38','2026-02-23 01:03:38'),(152,1,13,116,NULL,NULL,'active','2026-02-23',NULL,'2026-02-23 01:03:38','2026-02-23 01:03:38'),(153,1,13,117,NULL,NULL,'active','2026-02-23',NULL,'2026-02-23 01:03:38','2026-02-23 01:03:38'),(154,1,13,118,NULL,NULL,'active','2026-02-23',NULL,'2026-02-23 01:03:38','2026-02-23 01:03:38'),(155,1,13,119,NULL,NULL,'active','2026-02-23',NULL,'2026-02-23 01:03:38','2026-02-23 01:03:38'),(156,1,13,120,NULL,NULL,'active','2026-02-23',NULL,'2026-02-23 01:03:38','2026-02-23 01:03:38'),(157,1,13,121,NULL,NULL,'active','2026-02-23',NULL,'2026-02-23 01:03:38','2026-02-23 01:03:38'),(158,1,13,122,NULL,NULL,'active','2026-02-23',NULL,'2026-02-23 01:03:38','2026-02-23 01:03:38'),(159,1,13,123,NULL,NULL,'active','2026-02-23',NULL,'2026-02-23 01:03:38','2026-02-23 01:03:38'),(160,1,13,124,NULL,NULL,'active','2026-02-23',NULL,'2026-02-23 01:03:38','2026-02-23 01:03:38'),(161,1,14,147,NULL,NULL,'active','2026-02-23',NULL,'2026-02-23 01:13:43','2026-02-23 01:13:43'),(162,1,14,48,NULL,NULL,'active','2026-02-23',NULL,'2026-02-23 01:13:48','2026-02-23 01:13:48'),(163,1,14,49,NULL,NULL,'active','2026-02-23',NULL,'2026-02-23 01:13:51','2026-02-23 01:13:51'),(164,1,14,65,NULL,NULL,'active','2026-02-23',NULL,'2026-02-23 01:13:55','2026-02-23 01:13:55'),(165,1,14,67,NULL,NULL,'active','2026-02-23',NULL,'2026-02-23 01:14:03','2026-02-23 01:14:03'),(166,1,14,96,NULL,NULL,'substitute','2026-02-23',NULL,'2026-02-23 01:15:13','2026-02-23 01:15:13'),(167,1,15,11,10,NULL,'active','2026-03-03',NULL,'2026-03-03 02:46:41','2026-03-03 02:47:28'),(168,1,15,148,NULL,NULL,'active','2026-03-03',NULL,'2026-03-03 02:46:41','2026-03-03 02:46:41'),(169,1,15,153,8,NULL,'substitute','2026-03-03',NULL,'2026-03-03 02:46:41','2026-03-03 02:47:41'),(170,1,15,207,NULL,NULL,'active','2026-03-03',NULL,'2026-03-03 02:46:41','2026-03-03 02:46:41'),(171,1,16,99,NULL,NULL,'active','2026-03-03',NULL,'2026-03-03 02:50:26','2026-03-03 02:50:26'),(172,1,16,103,NULL,NULL,'active','2026-03-03',NULL,'2026-03-03 02:50:26','2026-03-03 02:50:26'),(173,1,16,108,NULL,NULL,'active','2026-03-03',NULL,'2026-03-03 02:50:26','2026-03-03 02:50:26'),(174,1,16,34,NULL,NULL,'active','2026-03-03',NULL,'2026-03-03 02:50:26','2026-03-03 02:50:26'),(175,1,16,124,NULL,NULL,'active','2026-03-03',NULL,'2026-03-03 02:50:26','2026-03-03 02:50:26'),(176,1,16,117,NULL,NULL,'active','2026-03-03',NULL,'2026-03-03 02:50:26','2026-03-03 02:50:26'),(177,1,16,30,NULL,NULL,'active','2026-03-03',NULL,'2026-03-03 02:50:26','2026-03-03 02:50:26'),(178,1,16,113,NULL,NULL,'active','2026-03-03',NULL,'2026-03-03 02:50:26','2026-03-03 02:50:26'),(179,1,16,106,NULL,NULL,'active','2026-03-03',NULL,'2026-03-03 02:50:26','2026-03-03 02:50:26'),(189,1,18,122,NULL,NULL,'active','2026-03-03',NULL,'2026-03-03 02:50:26','2026-03-03 02:50:26'),(190,1,18,102,NULL,NULL,'active','2026-03-03',NULL,'2026-03-03 02:50:26','2026-03-03 02:50:26'),(191,1,18,112,NULL,NULL,'active','2026-03-03',NULL,'2026-03-03 02:50:26','2026-03-03 02:50:26'),(192,1,18,120,NULL,NULL,'active','2026-03-03',NULL,'2026-03-03 02:50:26','2026-03-03 02:50:26'),(193,1,18,111,NULL,NULL,'active','2026-03-03',NULL,'2026-03-03 02:50:26','2026-03-03 02:50:26'),(194,1,18,97,NULL,NULL,'active','2026-03-03',NULL,'2026-03-03 02:50:26','2026-03-03 02:50:26'),(195,1,18,110,NULL,NULL,'active','2026-03-03',NULL,'2026-03-03 02:50:26','2026-03-03 02:50:26'),(196,1,18,114,NULL,NULL,'active','2026-03-03',NULL,'2026-03-03 02:50:26','2026-03-03 02:50:26'),(197,1,19,119,NULL,NULL,'active','2026-03-03',NULL,'2026-03-03 02:50:26','2026-03-03 02:50:26'),(198,1,19,32,NULL,NULL,'active','2026-03-03',NULL,'2026-03-03 02:50:26','2026-03-03 02:50:26'),(199,1,19,95,NULL,NULL,'active','2026-03-03',NULL,'2026-03-03 02:50:26','2026-03-03 02:50:26'),(200,1,19,121,NULL,NULL,'active','2026-03-03',NULL,'2026-03-03 02:50:26','2026-03-03 02:50:26'),(201,1,19,115,NULL,NULL,'active','2026-03-03',NULL,'2026-03-03 02:50:26','2026-03-03 02:50:26'),(202,1,19,100,NULL,NULL,'active','2026-03-03',NULL,'2026-03-03 02:50:26','2026-03-03 02:50:26'),(203,1,19,33,NULL,NULL,'active','2026-03-03',NULL,'2026-03-03 02:50:26','2026-03-03 02:50:26'),(204,1,19,105,NULL,NULL,'active','2026-03-03',NULL,'2026-03-03 02:50:26','2026-03-03 02:50:26'),(205,1,20,331,NULL,NULL,'active','2026-03-03',NULL,'2026-03-03 19:38:54','2026-03-03 19:38:54'),(206,1,21,330,NULL,NULL,'active','2026-03-03',NULL,'2026-03-03 20:20:32','2026-03-03 20:20:32'),(207,1,15,96,10,'مهاجم','active','2026-03-06',NULL,'2026-03-06 12:21:34','2026-03-06 12:21:34');
/*!40000 ALTER TABLE `team_members` ENABLE KEYS */;
UNLOCK TABLES;

--
-- Table structure for table `tournament_player_stats`
--

DROP TABLE IF EXISTS `tournament_player_stats`;
/*!40101 SET @saved_cs_client     = @@character_set_client */;
/*!40101 SET character_set_client = utf8 */;
CREATE TABLE `tournament_player_stats` (
  `id` int(10) unsigned NOT NULL AUTO_INCREMENT,
  `tournament_id` int(10) unsigned NOT NULL,
  `school_id` int(10) unsigned DEFAULT NULL,
  `student_id` int(10) unsigned NOT NULL,
  `team_id` int(10) unsigned NOT NULL,
  `goals` int(10) unsigned DEFAULT 0,
  `own_goals` int(10) unsigned DEFAULT 0,
  `assists` int(10) unsigned DEFAULT 0,
  `yellow_cards` int(10) unsigned DEFAULT 0,
  `red_cards` int(10) unsigned DEFAULT 0,
  `man_of_match` int(10) unsigned DEFAULT 0,
  `matches_played` int(10) unsigned DEFAULT 0,
  `awards` varchar(255) DEFAULT NULL,
  `last_updated` timestamp NOT NULL DEFAULT current_timestamp() ON UPDATE current_timestamp(),
  `cheers_count` int(10) unsigned NOT NULL DEFAULT 0,
  PRIMARY KEY (`id`),
  UNIQUE KEY `uk_tps_tour_student` (`school_id`,`tournament_id`,`student_id`),
  KEY `idx_tps_goals` (`goals`),
  KEY `idx_tps_mom` (`man_of_match`),
  KEY `idx_saas_school` (`school_id`),
  KEY `tmp_idx_migration` (`tournament_id`),
  KEY `idx_fk_student_id` (`student_id`),
  CONSTRAINT `fk_tps_tournament` FOREIGN KEY (`tournament_id`) REFERENCES `tournaments` (`id`) ON DELETE CASCADE ON UPDATE CASCADE
) ENGINE=InnoDB AUTO_INCREMENT=28 DEFAULT CHARSET=utf8mb4 COLLATE=utf8mb4_unicode_ci;
/*!40101 SET character_set_client = @saved_cs_client */;

--
-- Dumping data for table `tournament_player_stats`
--

LOCK TABLES `tournament_player_stats` WRITE;
/*!40000 ALTER TABLE `tournament_player_stats` DISABLE KEYS */;
INSERT INTO `tournament_player_stats` VALUES (10,45,1,7,221,1,0,0,0,0,0,1,NULL,'2026-03-09 22:07:58',0),(11,45,1,207,224,1,0,0,0,0,0,1,NULL,'2026-03-09 22:07:58',0),(12,45,1,11,221,1,0,0,0,0,0,1,NULL,'2026-03-09 22:34:18',1),(13,45,1,147,221,0,0,0,1,0,0,1,NULL,'2026-03-09 22:07:58',0),(14,45,1,96,224,0,0,0,0,1,0,1,NULL,'2026-03-09 22:07:58',0),(15,45,1,100,227,1,0,0,0,0,0,0,NULL,'2026-03-09 22:20:04',0),(16,45,1,115,227,1,0,0,1,0,0,0,NULL,'2026-03-09 22:20:09',0),(18,45,1,121,227,0,0,0,0,1,0,0,NULL,'2026-03-09 22:20:12',0),(19,45,1,95,219,0,0,0,0,0,1,0,NULL,'2026-03-09 22:34:11',1),(20,47,2,330,229,2,0,0,1,0,1,1,NULL,'2026-03-10 04:19:15',0),(24,47,2,331,228,3,0,0,0,0,1,1,NULL,'2026-03-10 04:33:47',0);
/*!40000 ALTER TABLE `tournament_player_stats` ENABLE KEYS */;
UNLOCK TABLES;

--
-- Table structure for table `tournament_teams`
--

DROP TABLE IF EXISTS `tournament_teams`;
/*!40101 SET @saved_cs_client     = @@character_set_client */;
/*!40101 SET character_set_client = utf8 */;
CREATE TABLE `tournament_teams` (
  `id` int(10) unsigned NOT NULL AUTO_INCREMENT,
  `school_id` int(10) unsigned DEFAULT NULL,
  `tournament_id` int(10) unsigned NOT NULL COMMENT 'معرف البطولة',
  `class_id` int(10) unsigned DEFAULT NULL COMMENT 'معرف الفصل (اختياري)',
  `sports_team_id` int(10) unsigned DEFAULT NULL,
  `team_name` varchar(100) NOT NULL COMMENT 'اسم الفريق',
  `team_color` varchar(20) DEFAULT '#10b981' COMMENT 'لون الفريق',
  `seed_number` int(10) unsigned DEFAULT NULL COMMENT 'رقم البذرة/الترتيب',
  `is_eliminated` tinyint(1) NOT NULL DEFAULT 0 COMMENT 'هل تم إقصاؤه',
  `elimination_count` int(10) unsigned DEFAULT 0 COMMENT 'عدد مرات الخسارة (للخروج المزدوج)',
  `current_round` int(10) unsigned DEFAULT 1 COMMENT 'الجولة الحالية',
  `final_rank` int(10) unsigned DEFAULT NULL COMMENT 'الترتيب النهائي',
  `created_at` timestamp NULL DEFAULT current_timestamp(),
  `group_name` varchar(10) DEFAULT NULL,
  `cheers_count` int(10) unsigned NOT NULL DEFAULT 0,
  PRIMARY KEY (`id`),
  KEY `idx_tournament` (`tournament_id`),
  KEY `idx_class` (`class_id`),
  KEY `idx_eliminated` (`is_eliminated`),
  KEY `idx_seed` (`seed_number`),
  KEY `idx_school` (`school_id`),
  CONSTRAINT `fk_tt_class` FOREIGN KEY (`class_id`) REFERENCES `classes` (`id`) ON DELETE SET NULL ON UPDATE CASCADE,
  CONSTRAINT `fk_tt_tournament` FOREIGN KEY (`tournament_id`) REFERENCES `tournaments` (`id`) ON DELETE CASCADE ON UPDATE CASCADE
) ENGINE=InnoDB AUTO_INCREMENT=235 DEFAULT CHARSET=utf8mb4 COLLATE=utf8mb4_unicode_ci COMMENT='فرق البطولات';
/*!40101 SET character_set_client = @saved_cs_client */;

--
-- Dumping data for table `tournament_teams`
--

LOCK TABLES `tournament_teams` WRITE;
/*!40000 ALTER TABLE `tournament_teams` DISABLE KEYS */;
INSERT INTO `tournament_teams` VALUES (41,1,6,1,NULL,'الأول الثانوي - 1/1','#ef4444',4,0,1,1,NULL,'2026-02-15 07:46:59',NULL,0),(42,1,6,2,NULL,'الأول الثانوي - 1/2','#3b82f6',2,0,0,1,NULL,'2026-02-15 07:46:59',NULL,0),(43,1,6,3,NULL,'الأول الثانوي - 1/3','#10b981',5,0,1,1,NULL,'2026-02-15 07:46:59',NULL,0),(44,1,6,4,NULL,'الثاني الثانوي - 2/1','#f59e0b',7,0,1,1,NULL,'2026-02-15 07:46:59',NULL,0),(45,1,6,5,NULL,'الثاني الثانوي - 2/2','#8b5cf6',6,0,1,1,NULL,'2026-02-15 07:46:59',NULL,0),(46,1,6,6,NULL,'الثالث الثانوي - 3/1','#ec4899',1,0,1,1,NULL,'2026-02-15 07:46:59',NULL,0),(47,1,6,7,NULL,'الثالث الثانوي - 3/2','#06b6d4',3,0,1,1,NULL,'2026-02-15 07:46:59',NULL,0),(48,1,7,1,NULL,'الأول الثانوي - 1/1','#ef4444',3,0,0,1,NULL,'2026-02-15 08:40:15',NULL,0),(49,1,7,2,NULL,'الأول الثانوي - 1/2','#3b82f6',4,0,1,1,NULL,'2026-02-15 08:40:15',NULL,0),(50,1,7,3,NULL,'الأول الثانوي - 1/3','#10b981',5,0,0,1,NULL,'2026-02-15 08:40:15',NULL,0),(51,1,7,4,NULL,'الثاني الثانوي - 2/1','#f59e0b',6,0,1,1,NULL,'2026-02-15 08:40:15',NULL,0),(52,1,7,5,NULL,'الثاني الثانوي - 2/2','#8b5cf6',1,0,0,1,NULL,'2026-02-15 08:40:15',NULL,0),(53,1,7,6,NULL,'الثالث الثانوي - 3/1','#ec4899',7,0,0,1,NULL,'2026-02-15 08:40:15',NULL,0),(54,1,7,7,NULL,'الثالث الثانوي - 3/2','#06b6d4',2,0,1,1,NULL,'2026-02-15 08:40:15',NULL,0),(63,1,9,NULL,NULL,'Team A','#3b82f6',2,1,2,1,NULL,'2026-02-20 20:18:17',NULL,0),(64,1,9,NULL,NULL,'Team B','#10b981',3,1,2,1,NULL,'2026-02-20 20:18:50',NULL,0),(65,1,9,NULL,NULL,'Team C','#f59e0b',1,0,1,1,NULL,'2026-02-20 20:19:27',NULL,0),(66,1,9,NULL,NULL,'Team D','#ef4444',4,1,2,1,NULL,'2026-02-20 20:20:05',NULL,0),(79,1,17,NULL,NULL,'الأسود','#ef4444',2,0,0,1,NULL,'2026-02-22 01:38:42',NULL,0),(80,1,17,NULL,NULL,'النمور','#3b82f6',4,0,0,1,NULL,'2026-02-22 01:38:42',NULL,0),(81,1,17,NULL,NULL,'الصقور','#10b981',1,0,0,1,NULL,'2026-02-22 01:38:42',NULL,0),(82,1,17,NULL,NULL,'الفهود','#f59e0b',3,0,0,1,NULL,'2026-02-22 01:38:42',NULL,0),(100,1,20,1,NULL,'الأول الثانوي - 1/1','#ef4444',6,0,0,1,NULL,'2026-02-22 23:55:32','B',0),(101,1,20,2,NULL,'الأول الثانوي - 1/2','#3b82f6',1,0,0,1,NULL,'2026-02-22 23:55:32','A',0),(102,1,20,4,NULL,'الثاني الثانوي - 2/1','#10b981',7,0,0,1,NULL,'2026-02-22 23:55:32','A',0),(103,1,20,5,NULL,'الثاني الثانوي - 2/2','#f59e0b',5,0,0,1,NULL,'2026-02-22 23:55:32','A',0),(104,1,20,9,NULL,'الثاني الثانوي - 2/3','#8b5cf6',8,0,0,1,NULL,'2026-02-22 23:55:32','B',0),(105,1,20,6,NULL,'الثالث الثانوي - 3/1','#ec4899',3,0,0,1,NULL,'2026-02-22 23:55:32','A',0),(106,1,20,7,NULL,'الثالث الثانوي - 3/2','#06b6d4',2,0,0,1,NULL,'2026-02-22 23:55:32','B',0),(107,1,20,8,NULL,'الثالث الثانوي - 3/3','#84cc16',4,0,0,1,NULL,'2026-02-22 23:55:32','B',0),(145,1,16,NULL,1,'فصل ١ / ١','#1b10b7',1,0,0,1,NULL,'2026-02-23 03:09:09',NULL,0),(146,1,16,NULL,2,'منتخب كرة القدم بالمدرسة','#10b981',6,0,0,1,NULL,'2026-02-23 03:09:09',NULL,0),(147,1,16,NULL,6,'فريق النسور','#f59e0b',7,0,0,1,NULL,'2026-02-23 03:09:09',NULL,0),(148,1,16,NULL,11,'فريق فصل ١ / ٢','#b7107a',5,0,0,1,NULL,'2026-02-23 03:09:09',NULL,0),(149,1,16,NULL,12,'فصل ٢ / ١','#102cb7',2,0,0,1,NULL,'2026-02-23 03:09:09',NULL,0),(150,1,16,NULL,13,'فريق فصل ٢ / ٢','#8ab710',3,0,0,1,NULL,'2026-02-23 03:09:09',NULL,0),(151,1,16,NULL,14,'فصل ٣ / ١','#b71058',4,0,0,1,NULL,'2026-02-23 03:09:09',NULL,0),(185,2,37,NULL,NULL,'فريق ٤','#f59e0b',1,0,1,1,NULL,'2026-03-03 20:57:16',NULL,0),(186,2,37,NULL,20,'فريق فصل 1 / 1 (تنس طاولة)','#f43431',3,1,2,1,NULL,'2026-03-03 20:57:23',NULL,0),(187,2,37,NULL,21,'فريق فصل 2/1 (تنس طاولة)','#10b981',4,1,2,1,NULL,'2026-03-03 20:57:23',NULL,0),(188,2,37,NULL,22,'تنس','#1023b7',2,1,2,1,NULL,'2026-03-03 20:57:23',NULL,0),(189,2,38,NULL,20,'فريق فصل 1 / 1 (تنس طاولة)','#f43431',4,1,0,1,NULL,'2026-03-03 21:09:59',NULL,0),(190,2,38,NULL,21,'فريق فصل 2/1 (تنس طاولة)','#10b981',3,1,0,1,NULL,'2026-03-03 21:09:59',NULL,0),(191,2,38,NULL,22,'تنس','#1023b7',2,0,0,1,NULL,'2026-03-03 21:09:59',NULL,0),(192,2,38,NULL,NULL,'فريق٤','#8b5cf6',1,1,0,1,NULL,'2026-03-03 21:10:06',NULL,0),(204,2,43,NULL,20,'فريق6','#f43431',6,0,1,1,NULL,'2026-03-05 17:06:36',NULL,0),(205,2,43,NULL,21,'فريق ٤','#10b981',5,0,0,1,NULL,'2026-03-05 17:06:36',NULL,0),(206,2,43,NULL,22,'فريق ٧','#1023b7',3,0,0,1,NULL,'2026-03-05 17:06:36',NULL,0),(207,2,43,NULL,23,'فريق ٥','#10b981',1,0,1,1,NULL,'2026-03-05 17:06:36',NULL,0),(208,2,43,NULL,24,'فريق ١','#10b981',4,0,1,1,NULL,'2026-03-05 17:06:36',NULL,0),(209,2,43,NULL,25,'فريق ٢','#10b981',7,0,0,1,NULL,'2026-03-05 17:06:36',NULL,0),(210,2,43,NULL,26,'فريق ٣','#10b981',2,0,0,1,NULL,'2026-03-05 17:06:36',NULL,0),(211,2,44,NULL,20,'فريق6','#f43431',1,0,0,1,NULL,'2026-03-05 19:24:14',NULL,0),(212,2,44,NULL,21,'فريق ٤','#10b981',6,0,0,1,NULL,'2026-03-05 19:24:14',NULL,0),(213,2,44,NULL,22,'فريق ٧','#1023b7',4,0,0,1,NULL,'2026-03-05 19:24:14',NULL,0),(214,2,44,NULL,23,'فريق ٥','#10b981',5,0,0,1,NULL,'2026-03-05 19:24:14',NULL,0),(215,2,44,NULL,24,'فريق ١','#10b981',2,0,0,1,NULL,'2026-03-05 19:24:14',NULL,0),(216,2,44,NULL,25,'فريق ٢','#10b981',7,0,0,1,NULL,'2026-03-05 19:24:14',NULL,0),(217,2,44,NULL,26,'فريق ٣','#10b981',3,0,0,1,NULL,'2026-03-05 19:24:14',NULL,0),(218,1,45,NULL,1,'فصل ١ / ١','#1b10b7',8,0,0,1,NULL,'2026-03-09 21:31:16',NULL,0),(219,1,45,NULL,2,'منتخب كرة القدم بالمدرسة','#10b981',3,0,0,1,NULL,'2026-03-09 21:31:16',NULL,0),(220,1,45,NULL,6,'فريق النسور','#f59e0b',6,0,0,1,NULL,'2026-03-09 21:31:16',NULL,0),(221,1,45,NULL,11,'فريق فصل ١ / ٢','#b7107a',1,0,0,1,NULL,'2026-03-09 21:31:16',NULL,0),(222,1,45,NULL,12,'فصل ٢ / ١','#102cb7',9,0,0,1,NULL,'2026-03-09 21:31:16',NULL,0),(223,1,45,NULL,13,'فريق فصل ٢ / ٢','#8ab710',5,0,0,1,NULL,'2026-03-09 21:31:16',NULL,0),(224,1,45,NULL,15,'فصل ١ / ٢','#10b981',2,0,0,1,NULL,'2026-03-09 21:31:16',NULL,0),(225,1,45,NULL,16,'فريق الفيالق','#ef4444',10,0,0,1,NULL,'2026-03-09 21:31:16',NULL,0),(226,1,45,NULL,18,'فريق الأخضر','#10b981',7,0,0,1,NULL,'2026-03-09 21:31:16',NULL,0),(227,1,45,NULL,19,'فريق الدراجون','#f59e0b',4,0,0,1,NULL,'2026-03-09 21:31:16',NULL,0),(228,2,47,NULL,20,'فريق6','#f43431',3,0,0,1,NULL,'2026-03-10 04:14:50',NULL,0),(229,2,47,NULL,21,'فريق ٤','#10b981',5,0,0,1,NULL,'2026-03-10 04:14:50',NULL,0),(230,2,47,NULL,22,'فريق ٧','#1023b7',2,0,0,1,NULL,'2026-03-10 04:14:50',NULL,0),(231,2,47,NULL,23,'فريق ٥','#10b981',4,0,0,1,NULL,'2026-03-10 04:14:50',NULL,0),(232,2,47,NULL,24,'فريق ١','#10b981',6,0,0,1,NULL,'2026-03-10 04:14:50',NULL,0),(233,2,47,NULL,25,'فريق ٢','#10b981',7,0,0,1,NULL,'2026-03-10 04:14:50',NULL,0),(234,2,47,NULL,26,'فريق ٣','#10b981',1,0,0,1,NULL,'2026-03-10 04:14:50',NULL,0);
/*!40000 ALTER TABLE `tournament_teams` ENABLE KEYS */;
UNLOCK TABLES;

--
-- Table structure for table `tournaments`
--

DROP TABLE IF EXISTS `tournaments`;
/*!40101 SET @saved_cs_client     = @@character_set_client */;
/*!40101 SET character_set_client = utf8 */;
CREATE TABLE `tournaments` (
  `id` int(10) unsigned NOT NULL AUTO_INCREMENT,
  `school_id` int(10) unsigned DEFAULT NULL,
  `name` varchar(150) NOT NULL COMMENT 'اسم البطولة',
  `description` text DEFAULT NULL COMMENT 'وصف البطولة',
  `type` enum('single_elimination','double_elimination','round_robin_single','round_robin_double','mixed') NOT NULL,
  `team_mode` enum('class_based','student_based') NOT NULL DEFAULT 'class_based' COMMENT 'وضع الفرق',
  `sport_type` varchar(50) DEFAULT 'كرة قدم' COMMENT 'نوع الرياضة',
  `start_date` date DEFAULT NULL COMMENT 'تاريخ البدء',
  `end_date` date DEFAULT NULL COMMENT 'تاريخ الانتهاء',
  `randomize_teams` tinyint(1) NOT NULL DEFAULT 1 COMMENT 'ترتيب عشوائي للفرق',
  `balance_method` enum('none','skill_level','random') NOT NULL DEFAULT 'none',
  `auto_generate` tinyint(1) NOT NULL DEFAULT 1 COMMENT 'توليد المباريات تلقائياً',
  `teams_per_match` int(10) unsigned DEFAULT 2 COMMENT 'عدد الفرق في المباراة',
  `points_win` int(10) unsigned DEFAULT 3 COMMENT 'نقاط الفوز',
  `points_draw` int(10) unsigned DEFAULT 1 COMMENT 'نقاط التعادل',
  `points_loss` int(10) unsigned DEFAULT 0 COMMENT 'نقاط الخسارة',
  `status` enum('draft','registration','in_progress','completed','cancelled') NOT NULL DEFAULT 'draft' COMMENT 'حالة البطولة',
  `winner_team_id` int(10) unsigned DEFAULT NULL COMMENT 'الفريق الفائز',
  `public_token` varchar(64) DEFAULT NULL,
  `is_public` tinyint(1) NOT NULL DEFAULT 0,
  `created_by` int(10) unsigned DEFAULT NULL COMMENT 'منشئ البطولة',
  `created_at` timestamp NULL DEFAULT current_timestamp(),
  `updated_at` timestamp NULL DEFAULT current_timestamp() ON UPDATE current_timestamp(),
  PRIMARY KEY (`id`),
  UNIQUE KEY `public_token` (`public_token`),
  KEY `idx_status` (`status`),
  KEY `idx_type` (`type`),
  KEY `idx_dates` (`start_date`,`end_date`),
  KEY `idx_created_by` (`created_by`),
  KEY `idx_tournaments_school` (`school_id`)
) ENGINE=InnoDB AUTO_INCREMENT=48 DEFAULT CHARSET=utf8mb4 COLLATE=utf8mb4_unicode_ci COMMENT='جدول البطولات';
/*!40101 SET character_set_client = @saved_cs_client */;

--
-- Dumping data for table `tournaments`
--

LOCK TABLES `tournaments` WRITE;
/*!40000 ALTER TABLE `tournaments` DISABLE KEYS */;
INSERT INTO `tournaments` VALUES (6,1,'تجربة خروج المغلوب من مباراتين','','double_elimination','class_based','كرة قدم',NULL,NULL,1,'none',1,2,3,1,0,'in_progress',NULL,NULL,0,1,'2026-02-15 07:46:48','2026-02-28 03:14:44'),(7,1,'بطولة خروج المغلوب من مرتين تجربة (2)','','double_elimination','class_based','كرة قدم',NULL,NULL,1,'none',1,2,3,1,0,'in_progress',NULL,NULL,0,1,'2026-02-15 08:40:08','2026-02-28 03:14:44'),(9,1,'Test Double Elimination','','double_elimination','class_based','كرة قدم',NULL,NULL,1,'none',1,2,3,1,0,'in_progress',NULL,NULL,0,1,'2026-02-20 20:11:26','2026-02-28 03:14:44'),(16,1,'تجربة التوزيع العشوائي','','single_elimination','class_based','كرة قدم','2026-03-01',NULL,1,'skill_level',1,2,3,1,0,'in_progress',NULL,'cf937b6becb85add184e8ab25c30e3b9',1,1,'2026-02-22 01:37:13','2026-02-28 03:14:44'),(17,1,'تجربة خروج المغلوب من مرتين','','double_elimination','student_based','كرة قدم',NULL,NULL,1,'skill_level',1,2,3,1,0,'in_progress',NULL,'2f57f05228395015d8180a03396a6735',1,1,'2026-02-22 01:38:26','2026-03-09 07:29:47'),(20,1,'تجربة ٢ لطريقة المزيج','','mixed','class_based','كرة قدم',NULL,NULL,1,'none',1,2,3,1,0,'in_progress',NULL,NULL,0,1,'2026-02-22 23:55:18','2026-02-28 03:14:44'),(37,2,'خروج المغلوب من مرتين ٤ فرق','','double_elimination','class_based','تنس طاولة',NULL,NULL,1,'none',1,2,3,1,0,'in_progress',NULL,'6ee835ca4fbb994b147609ae9657c483',1,14,'2026-03-03 20:57:04','2026-03-03 20:58:01'),(38,2,'تنس خروج المغلوب من مرة  ٤ فرق','','single_elimination','class_based','تنس',NULL,NULL,1,'none',1,2,3,1,0,'in_progress',NULL,'f6f373bc9b60b0af3407fda200d19850',1,14,'2026-03-03 21:09:46','2026-03-03 21:10:25'),(41,2,'١','','single_elimination','class_based','كرة قدم',NULL,NULL,1,'none',1,2,3,1,0,'draft',NULL,NULL,0,14,'2026-03-03 23:50:27','2026-03-03 23:50:27'),(43,2,'تجربة ٣ خروج المغلوب من مرتين','','double_elimination','class_based','كرة قدم','2026-03-14',NULL,1,'none',1,2,3,1,0,'in_progress',NULL,'850e37707395779e0a7f2613180898ed',1,14,'2026-03-05 17:06:06','2026-03-05 17:07:18'),(44,2,'تجربة','','double_elimination','class_based','كرة قدم','2026-03-14',NULL,1,'none',1,2,3,1,0,'in_progress',NULL,'1bbfd7d8af8db6c60790085f790e31d1',1,14,'2026-03-05 17:12:46','2026-03-05 19:25:04'),(45,1,'تجربة دوري','','double_elimination','class_based','كرة يد',NULL,NULL,1,'none',1,2,3,1,0,'in_progress',NULL,'dd283fec0384222c5b613ffa271ae938',1,1,'2026-03-09 21:22:01','2026-03-09 21:34:08'),(47,2,'تجربة خروج المغلوب من مرتين','','single_elimination','class_based','كرة قدم',NULL,NULL,1,'none',1,2,3,1,0,'in_progress',NULL,'a64c5a6782a195192b5107a016134d6e',1,14,'2026-03-10 04:13:58','2026-03-10 04:15:40');
/*!40000 ALTER TABLE `tournaments` ENABLE KEYS */;
UNLOCK TABLES;

--
-- Table structure for table `training_attendance`
--

DROP TABLE IF EXISTS `training_attendance`;
/*!40101 SET @saved_cs_client     = @@character_set_client */;
/*!40101 SET character_set_client = utf8 */;
CREATE TABLE `training_attendance` (
  `id` int(10) unsigned NOT NULL AUTO_INCREMENT,
  `school_id` int(10) unsigned DEFAULT 1,
  `session_id` int(10) unsigned NOT NULL,
  `student_id` int(10) unsigned NOT NULL,
  `status` enum('present','absent','late','excused') NOT NULL DEFAULT 'present',
  `performance` tinyint(3) unsigned DEFAULT NULL,
  `notes` varchar(255) DEFAULT NULL,
  `created_at` timestamp NOT NULL DEFAULT current_timestamp(),
  PRIMARY KEY (`id`),
  UNIQUE KEY `uk_session_student` (`school_id`,`session_id`,`student_id`),
  KEY `idx_session` (`session_id`),
  KEY `idx_student` (`student_id`),
  KEY `idx_training_attendance_school` (`school_id`),
  CONSTRAINT `fk_ta_session` FOREIGN KEY (`session_id`) REFERENCES `training_sessions` (`id`) ON DELETE CASCADE,
  CONSTRAINT `fk_ta_student` FOREIGN KEY (`student_id`) REFERENCES `students` (`id`) ON DELETE CASCADE
) ENGINE=InnoDB AUTO_INCREMENT=55 DEFAULT CHARSET=utf8mb4 COLLATE=utf8mb4_unicode_ci;
/*!40101 SET character_set_client = @saved_cs_client */;

--
-- Dumping data for table `training_attendance`
--

LOCK TABLES `training_attendance` WRITE;
/*!40000 ALTER TABLE `training_attendance` DISABLE KEYS */;
INSERT INTO `training_attendance` VALUES (1,1,1,11,'present',NULL,NULL,'2026-03-03 02:48:21'),(2,1,1,148,'absent',NULL,NULL,'2026-03-03 02:48:21'),(3,1,1,153,'present',NULL,NULL,'2026-03-03 02:48:21'),(4,1,1,207,'present',NULL,NULL,'2026-03-03 02:48:21'),(9,1,2,11,'excused',1,NULL,'2026-03-06 12:20:41'),(10,1,2,148,'present',7,NULL,'2026-03-06 12:20:41'),(11,1,2,153,'present',9,NULL,'2026-03-06 12:20:41'),(12,1,2,207,'late',6,NULL,'2026-03-06 12:20:41'),(21,1,3,7,'present',NULL,NULL,'2026-03-06 12:44:05'),(22,1,3,11,'excused',NULL,NULL,'2026-03-06 12:44:05'),(23,1,3,13,'present',NULL,NULL,'2026-03-06 12:44:05'),(24,1,3,147,'present',NULL,NULL,'2026-03-06 12:44:05'),(25,1,3,148,'late',NULL,NULL,'2026-03-06 12:44:05'),(26,1,3,149,'present',NULL,NULL,'2026-03-06 12:44:05'),(27,1,3,150,'absent',NULL,NULL,'2026-03-06 12:44:05'),(28,1,3,151,'excused',NULL,NULL,'2026-03-06 12:44:05'),(29,1,3,153,'late',NULL,NULL,'2026-03-06 12:44:05'),(30,1,3,154,'excused',NULL,NULL,'2026-03-06 12:44:05'),(31,1,3,156,'present',NULL,NULL,'2026-03-06 12:44:05'),(32,1,3,158,'present',NULL,NULL,'2026-03-06 12:44:05'),(33,1,3,159,'present',NULL,NULL,'2026-03-06 12:44:05'),(34,1,3,160,'absent',NULL,NULL,'2026-03-06 12:44:05'),(35,1,3,162,'present',NULL,NULL,'2026-03-06 12:44:05'),(36,1,3,95,'present',NULL,NULL,'2026-03-06 12:44:53'),(37,1,3,125,'present',NULL,NULL,'2026-03-06 12:45:31');
/*!40000 ALTER TABLE `training_attendance` ENABLE KEYS */;
UNLOCK TABLES;

--
-- Table structure for table `training_sessions`
--

DROP TABLE IF EXISTS `training_sessions`;
/*!40101 SET @saved_cs_client     = @@character_set_client */;
/*!40101 SET character_set_client = utf8 */;
CREATE TABLE `training_sessions` (
  `id` int(10) unsigned NOT NULL AUTO_INCREMENT,
  `school_id` int(10) unsigned DEFAULT NULL,
  `team_id` int(10) unsigned NOT NULL,
  `title` varchar(150) NOT NULL DEFAULT 'تدريب',
  `session_date` date NOT NULL,
  `start_time` time DEFAULT NULL,
  `end_time` time DEFAULT NULL,
  `venue` varchar(100) DEFAULT NULL,
  `focus` varchar(200) DEFAULT NULL,
  `notes` text DEFAULT NULL,
  `coach_id` int(10) unsigned DEFAULT NULL,
  `created_at` timestamp NOT NULL DEFAULT current_timestamp(),
  PRIMARY KEY (`id`),
  KEY `idx_team` (`team_id`),
  KEY `idx_date` (`session_date`),
  KEY `idx_school` (`school_id`) USING BTREE,
  CONSTRAINT `fk_ts_team` FOREIGN KEY (`team_id`) REFERENCES `sports_teams` (`id`) ON DELETE CASCADE
) ENGINE=InnoDB AUTO_INCREMENT=4 DEFAULT CHARSET=utf8mb4 COLLATE=utf8mb4_unicode_ci;
/*!40101 SET character_set_client = @saved_cs_client */;

--
-- Dumping data for table `training_sessions`
--

LOCK TABLES `training_sessions` WRITE;
/*!40000 ALTER TABLE `training_sessions` DISABLE KEYS */;
INSERT INTO `training_sessions` VALUES (1,1,15,'تدريب','2026-03-03','08:50:00',NULL,'الصالة الرياضية','تدريب على الإرسال',NULL,1,'2026-03-03 02:48:21'),(2,1,15,'تدريب منتخب كرة القدم','2026-03-10',NULL,NULL,'ساحة المدرسة','الدريب على الركلات الركنية',NULL,1,'2026-03-06 12:20:41'),(3,1,11,'تدريب كرة القدم ','2026-03-10',NULL,NULL,'ساحة المدرسة الداخلية','التدريب على الركلات الحرة ',NULL,1,'2026-03-06 12:44:05');
/*!40000 ALTER TABLE `training_sessions` ENABLE KEYS */;
UNLOCK TABLES;

--
-- Table structure for table `users`
--

DROP TABLE IF EXISTS `users`;
/*!40101 SET @saved_cs_client     = @@character_set_client */;
/*!40101 SET character_set_client = utf8 */;
CREATE TABLE `users` (
  `id` int(10) unsigned NOT NULL AUTO_INCREMENT,
  `school_id` int(10) unsigned DEFAULT NULL,
  `username` varchar(50) NOT NULL,
  `password` varchar(255) NOT NULL,
  `name` varchar(100) NOT NULL,
  `photo_url` varchar(255) DEFAULT NULL,
  `email` varchar(100) DEFAULT NULL,
  `phone` varchar(20) DEFAULT NULL,
  `specialization` varchar(100) DEFAULT NULL,
  `education` varchar(100) DEFAULT NULL,
  `experience_years` int(10) unsigned DEFAULT NULL,
  `bio` text DEFAULT NULL,
  `birth_date` date DEFAULT NULL,
  `role` enum('admin','teacher','viewer','supervisor') NOT NULL DEFAULT 'teacher',
  `active` tinyint(1) NOT NULL DEFAULT 1,
  `last_login` timestamp NULL DEFAULT NULL,
  `created_at` timestamp NULL DEFAULT current_timestamp(),
  `updated_at` timestamp NULL DEFAULT current_timestamp() ON UPDATE current_timestamp(),
  `must_change_password` tinyint(1) NOT NULL DEFAULT 1,
  PRIMARY KEY (`id`),
  UNIQUE KEY `uk_school_username` (`school_id`,`username`),
  KEY `idx_role` (`role`),
  KEY `idx_active` (`active`),
  KEY `idx_users_school` (`school_id`)
) ENGINE=InnoDB AUTO_INCREMENT=17 DEFAULT CHARSET=utf8mb4 COLLATE=utf8mb4_unicode_ci;
/*!40101 SET character_set_client = @saved_cs_client */;

--
-- Dumping data for table `users`
--

LOCK TABLES `users` WRITE;
/*!40000 ALTER TABLE `users` DISABLE KEYS */;
INSERT INTO `users` VALUES (1,1,'admin','$2y$10$f4/27SAM7JP1ZCLYT9FDc.qJpD7JLPhFzdVj4VZjxG.QKfLpmPSfK','مدير المدرسة',NULL,'esm1774@gmail.com','0507949591','مصارعة','بكالوريوس تربية رياضية',25,'','1974-11-17','admin',1,'2026-03-12 05:37:52','2026-02-14 03:42:23','2026-03-12 05:52:43',0),(2,1,'teacher','$2y$10$3RhC/q6FxcXm14Y49aDSW.SYBkkcjY856Vv3VSWrFcvfxzA7dIrTy','إسماعيل محمد البساوي',NULL,'esm1774@gmail.com','0507949591','مصارعة','بكالوريوس تربية بدنية',26,'','1974-11-17','teacher',1,'2026-03-12 08:05:45','2026-02-14 03:42:23','2026-03-12 08:06:01',0),(3,1,'viewer','$2y$12$7ZfT/tVrdPGMxYoA17FQiecYmRGF5bHO7uUxnlAsyqVY9sfGoBPsi','مدير المدرسة',NULL,NULL,NULL,NULL,NULL,NULL,NULL,NULL,'viewer',1,'2026-02-15 17:43:27','2026-02-14 03:42:23','2026-02-28 03:14:44',1),(4,1,'teacher1','$2y$12$TfM1oBamBsXEiRkDrOmxVeB/54DgvI/c/RMCgfzzvS/jzO7U/f7z.','أيمن محمد',NULL,NULL,NULL,NULL,NULL,NULL,NULL,NULL,'teacher',0,'2026-02-15 19:02:34','2026-02-15 19:01:56','2026-03-06 12:50:33',1),(8,1,'testuser','$2y$12$LMGpAkB8oJt4MvkheOdqjeFA/RZYOV3BmSDoGz8DYPtgSPMXSHTbO','Test',NULL,NULL,NULL,NULL,NULL,NULL,NULL,NULL,'teacher',1,NULL,'2026-02-20 23:36:38','2026-02-28 03:14:44',1),(9,1,'testusersuper1','$2y$12$CEORltmwwzawvXZSH1hf5u1UW0FF/KD7wOaXkQjPLDjEe3qCMt52S','Supervisor Test',NULL,NULL,NULL,NULL,NULL,NULL,NULL,NULL,'supervisor',1,NULL,'2026-02-21 00:29:08','2026-02-28 03:14:44',1),(10,1,'testusermarwan','$2y$12$WQyDM/tknv2b86iqx8Vhee4iJEYbgkf6kvPNlj3dng8spi/yGp4uW','Marwan Supervisor',NULL,NULL,NULL,NULL,NULL,NULL,NULL,NULL,'teacher',0,NULL,'2026-02-21 00:37:40','2026-02-28 03:14:44',1),(14,2,'sch_test1','$2y$12$Ree6vplSKRPA.phu0czveOTPFxhBRXMM/ORfHVj9j4T8rpYM5jJnq','sch_test1',NULL,NULL,NULL,NULL,NULL,NULL,NULL,NULL,'admin',1,'2026-03-10 04:13:26','2026-02-28 03:19:45','2026-03-10 04:13:26',1),(15,2,'ali','$2y$12$QDnv6cZvGp6ZBhu0UuypZuuMwEqd/3HTOu2Cn4fLQPHsWHNBwAeCK','علي محمد',NULL,NULL,NULL,NULL,NULL,NULL,NULL,NULL,'teacher',1,NULL,'2026-03-03 23:54:56','2026-03-08 19:36:45',1),(16,1,'ali','$2y$12$xNn7nbw39eZ44DPRHJedsuuYPKc2UY72L3pIyz5IU2rQ.z9SIH20m','علي أحمد',NULL,NULL,NULL,NULL,NULL,NULL,NULL,NULL,'teacher',1,NULL,'2026-03-06 12:50:17','2026-03-06 12:50:17',1);
/*!40000 ALTER TABLE `users` ENABLE KEYS */;
UNLOCK TABLES;

--
-- Temporary table structure for view `v_attendance_summary`
--

DROP TABLE IF EXISTS `v_attendance_summary`;
/*!50001 DROP VIEW IF EXISTS `v_attendance_summary`*/;
SET @saved_cs_client     = @@character_set_client;
SET character_set_client = utf8;
/*!50001 CREATE VIEW `v_attendance_summary` AS SELECT
 1 AS `student_id`,
  1 AS `school_id`,
  1 AS `student_name`,
  1 AS `class_id`,
  1 AS `full_class_name`,
  1 AS `present_count`,
  1 AS `absent_count`,
  1 AS `late_count`,
  1 AS `total_records` */;
SET character_set_client = @saved_cs_client;

--
-- Temporary table structure for view `v_class_rankings`
--

DROP TABLE IF EXISTS `v_class_rankings`;
/*!50001 DROP VIEW IF EXISTS `v_class_rankings`*/;
SET @saved_cs_client     = @@character_set_client;
SET character_set_client = utf8;
/*!50001 CREATE VIEW `v_class_rankings` AS SELECT
 1 AS `class_id`,
  1 AS `school_id`,
  1 AS `class_name`,
  1 AS `grade_name`,
  1 AS `full_name`,
  1 AS `students_count`,
  1 AS `avg_score`,
  1 AS `total_score`,
  1 AS `points` */;
SET character_set_client = @saved_cs_client;

--
-- Temporary table structure for view `v_matches_full`
--

DROP TABLE IF EXISTS `v_matches_full`;
/*!50001 DROP VIEW IF EXISTS `v_matches_full`*/;
SET @saved_cs_client     = @@character_set_client;
SET character_set_client = utf8;
/*!50001 CREATE VIEW `v_matches_full` AS SELECT
 1 AS `id`,
  1 AS `tournament_id`,
  1 AS `school_id`,
  1 AS `round_number`,
  1 AS `match_number`,
  1 AS `bracket_type`,
  1 AS `team1_id`,
  1 AS `team2_id`,
  1 AS `team1_score`,
  1 AS `team2_score`,
  1 AS `winner_team_id`,
  1 AS `loser_team_id`,
  1 AS `is_bye`,
  1 AS `match_date`,
  1 AS `match_time`,
  1 AS `venue`,
  1 AS `status`,
  1 AS `next_match_id`,
  1 AS `next_match_slot`,
  1 AS `loser_next_match_id`,
  1 AS `loser_next_match_slot`,
  1 AS `notes`,
  1 AS `man_of_match_student_id`,
  1 AS `man_of_match_name`,
  1 AS `created_at`,
  1 AS `updated_at`,
  1 AS `group_name`,
  1 AS `tournament_name`,
  1 AS `tournament_type`,
  1 AS `team1_name`,
  1 AS `team1_color`,
  1 AS `team2_name`,
  1 AS `team2_color`,
  1 AS `winner_name` */;
SET character_set_client = @saved_cs_client;

--
-- Temporary table structure for view `v_standings_full`
--

DROP TABLE IF EXISTS `v_standings_full`;
/*!50001 DROP VIEW IF EXISTS `v_standings_full`*/;
SET @saved_cs_client     = @@character_set_client;
SET character_set_client = utf8;
/*!50001 CREATE VIEW `v_standings_full` AS SELECT
 1 AS `id`,
  1 AS `tournament_id`,
  1 AS `school_id`,
  1 AS `team_id`,
  1 AS `played`,
  1 AS `wins`,
  1 AS `draws`,
  1 AS `losses`,
  1 AS `goals_for`,
  1 AS `goals_against`,
  1 AS `goal_difference`,
  1 AS `points`,
  1 AS `form`,
  1 AS `last_updated`,
  1 AS `group_name`,
  1 AS `team_name`,
  1 AS `team_color`,
  1 AS `class_id`,
  1 AS `class_name`,
  1 AS `tournament_name`,
  1 AS `tournament_type` */;
SET character_set_client = @saved_cs_client;

--
-- Temporary table structure for view `v_student_latest_measurements`
--

DROP TABLE IF EXISTS `v_student_latest_measurements`;
/*!50001 DROP VIEW IF EXISTS `v_student_latest_measurements`*/;
SET @saved_cs_client     = @@character_set_client;
SET character_set_client = utf8;
/*!50001 CREATE VIEW `v_student_latest_measurements` AS SELECT
 1 AS `id`,
  1 AS `school_id`,
  1 AS `student_id`,
  1 AS `measurement_date`,
  1 AS `height_cm`,
  1 AS `weight_kg`,
  1 AS `bmi`,
  1 AS `bmi_category`,
  1 AS `waist_cm`,
  1 AS `resting_heart_rate`,
  1 AS `notes`,
  1 AS `recorded_by`,
  1 AS `created_at`,
  1 AS `updated_at` */;
SET character_set_client = @saved_cs_client;

--
-- Temporary table structure for view `v_students_full`
--

DROP TABLE IF EXISTS `v_students_full`;
/*!50001 DROP VIEW IF EXISTS `v_students_full`*/;
SET @saved_cs_client     = @@character_set_client;
SET character_set_client = utf8;
/*!50001 CREATE VIEW `v_students_full` AS SELECT
 1 AS `id`,
  1 AS `school_id`,
  1 AS `name`,
  1 AS `student_number`,
  1 AS `class_id`,
  1 AS `active`,
  1 AS `date_of_birth`,
  1 AS `blood_type`,
  1 AS `guardian_phone`,
  1 AS `medical_notes`,
  1 AS `class_name`,
  1 AS `section`,
  1 AS `grade_id`,
  1 AS `grade_name`,
  1 AS `grade_code`,
  1 AS `full_class_name`,
  1 AS `age` */;
SET character_set_client = @saved_cs_client;

--
-- Temporary table structure for view `v_tournaments_summary`
--

DROP TABLE IF EXISTS `v_tournaments_summary`;
/*!50001 DROP VIEW IF EXISTS `v_tournaments_summary`*/;
SET @saved_cs_client     = @@character_set_client;
SET character_set_client = utf8;
/*!50001 CREATE VIEW `v_tournaments_summary` AS SELECT
 1 AS `id`,
  1 AS `school_id`,
  1 AS `name`,
  1 AS `description`,
  1 AS `type`,
  1 AS `team_mode`,
  1 AS `sport_type`,
  1 AS `start_date`,
  1 AS `end_date`,
  1 AS `randomize_teams`,
  1 AS `balance_method`,
  1 AS `auto_generate`,
  1 AS `teams_per_match`,
  1 AS `points_win`,
  1 AS `points_draw`,
  1 AS `points_loss`,
  1 AS `status`,
  1 AS `winner_team_id`,
  1 AS `public_token`,
  1 AS `is_public`,
  1 AS `created_by`,
  1 AS `created_at`,
  1 AS `updated_at`,
  1 AS `team_count`,
  1 AS `match_count`,
  1 AS `completed_matches`,
  1 AS `created_by_name` */;
SET character_set_client = @saved_cs_client;

--
-- Final view structure for view `v_attendance_summary`
--

/*!50001 DROP VIEW IF EXISTS `v_attendance_summary`*/;
/*!50001 SET @saved_cs_client          = @@character_set_client */;
/*!50001 SET @saved_cs_results         = @@character_set_results */;
/*!50001 SET @saved_col_connection     = @@collation_connection */;
/*!50001 SET character_set_client      = utf8mb4 */;
/*!50001 SET character_set_results     = utf8mb4 */;
/*!50001 SET collation_connection      = utf8mb4_general_ci */;
/*!50001 CREATE ALGORITHM=UNDEFINED */
/*!50013 DEFINER=`root`@`localhost` SQL SECURITY DEFINER */
/*!50001 VIEW `v_attendance_summary` AS select `s`.`id` AS `student_id`,`s`.`school_id` AS `school_id`,`s`.`name` AS `student_name`,`s`.`class_id` AS `class_id`,concat(`g`.`name`,' - ',`c`.`name`) AS `full_class_name`,sum(case when `a`.`status` = 'present' then 1 else 0 end) AS `present_count`,sum(case when `a`.`status` = 'absent' then 1 else 0 end) AS `absent_count`,sum(case when `a`.`status` = 'late' then 1 else 0 end) AS `late_count`,count(`a`.`id`) AS `total_records` from (((`students` `s` join `classes` `c` on(`s`.`class_id` = `c`.`id`)) join `grades` `g` on(`c`.`grade_id` = `g`.`id`)) left join `attendance` `a` on(`a`.`student_id` = `s`.`id`)) where `s`.`active` = 1 group by `s`.`id`,`s`.`school_id`,`s`.`name`,`s`.`class_id`,concat(`g`.`name`,' - ',`c`.`name`) */;
/*!50001 SET character_set_client      = @saved_cs_client */;
/*!50001 SET character_set_results     = @saved_cs_results */;
/*!50001 SET collation_connection      = @saved_col_connection */;

--
-- Final view structure for view `v_class_rankings`
--

/*!50001 DROP VIEW IF EXISTS `v_class_rankings`*/;
/*!50001 SET @saved_cs_client          = @@character_set_client */;
/*!50001 SET @saved_cs_results         = @@character_set_results */;
/*!50001 SET @saved_col_connection     = @@collation_connection */;
/*!50001 SET character_set_client      = utf8mb4 */;
/*!50001 SET character_set_results     = utf8mb4 */;
/*!50001 SET collation_connection      = utf8mb4_general_ci */;
/*!50001 CREATE ALGORITHM=UNDEFINED */
/*!50013 DEFINER=`root`@`localhost` SQL SECURITY DEFINER */
/*!50001 VIEW `v_class_rankings` AS select `c`.`id` AS `class_id`,`c`.`school_id` AS `school_id`,`c`.`name` AS `class_name`,`g`.`name` AS `grade_name`,concat(`g`.`name`,' - ',`c`.`name`) AS `full_name`,count(distinct `s`.`id`) AS `students_count`,coalesce(avg(`sf`.`score`),0) AS `avg_score`,coalesce(sum(`sf`.`score`),0) AS `total_score`,round(coalesce(avg(`sf`.`score`),0) * 10,0) AS `points` from (((`classes` `c` join `grades` `g` on(`c`.`grade_id` = `g`.`id`)) left join `students` `s` on(`s`.`class_id` = `c`.`id` and `s`.`active` = 1)) left join `student_fitness` `sf` on(`sf`.`student_id` = `s`.`id`)) where `c`.`active` = 1 group by `c`.`id`,`c`.`school_id`,`c`.`name`,`g`.`name` */;
/*!50001 SET character_set_client      = @saved_cs_client */;
/*!50001 SET character_set_results     = @saved_cs_results */;
/*!50001 SET collation_connection      = @saved_col_connection */;

--
-- Final view structure for view `v_matches_full`
--

/*!50001 DROP VIEW IF EXISTS `v_matches_full`*/;
/*!50001 SET @saved_cs_client          = @@character_set_client */;
/*!50001 SET @saved_cs_results         = @@character_set_results */;
/*!50001 SET @saved_col_connection     = @@collation_connection */;
/*!50001 SET character_set_client      = utf8mb4 */;
/*!50001 SET character_set_results     = utf8mb4 */;
/*!50001 SET collation_connection      = utf8mb4_general_ci */;
/*!50001 CREATE ALGORITHM=UNDEFINED */
/*!50013 DEFINER=`root`@`localhost` SQL SECURITY DEFINER */
/*!50001 VIEW `v_matches_full` AS select `m`.`id` AS `id`,`m`.`tournament_id` AS `tournament_id`,`m`.`school_id` AS `school_id`,`m`.`round_number` AS `round_number`,`m`.`match_number` AS `match_number`,`m`.`bracket_type` AS `bracket_type`,`m`.`team1_id` AS `team1_id`,`m`.`team2_id` AS `team2_id`,`m`.`team1_score` AS `team1_score`,`m`.`team2_score` AS `team2_score`,`m`.`winner_team_id` AS `winner_team_id`,`m`.`loser_team_id` AS `loser_team_id`,`m`.`is_bye` AS `is_bye`,`m`.`match_date` AS `match_date`,`m`.`match_time` AS `match_time`,`m`.`venue` AS `venue`,`m`.`status` AS `status`,`m`.`next_match_id` AS `next_match_id`,`m`.`next_match_slot` AS `next_match_slot`,`m`.`loser_next_match_id` AS `loser_next_match_id`,`m`.`loser_next_match_slot` AS `loser_next_match_slot`,`m`.`notes` AS `notes`,`m`.`man_of_match_student_id` AS `man_of_match_student_id`,`m`.`man_of_match_name` AS `man_of_match_name`,`m`.`created_at` AS `created_at`,`m`.`updated_at` AS `updated_at`,`m`.`group_name` AS `group_name`,`t`.`name` AS `tournament_name`,`t`.`type` AS `tournament_type`,`t1`.`team_name` AS `team1_name`,`t1`.`team_color` AS `team1_color`,`t2`.`team_name` AS `team2_name`,`t2`.`team_color` AS `team2_color`,`w`.`team_name` AS `winner_name` from ((((`matches` `m` join `tournaments` `t` on(`m`.`tournament_id` = `t`.`id`)) left join `tournament_teams` `t1` on(`m`.`team1_id` = `t1`.`id`)) left join `tournament_teams` `t2` on(`m`.`team2_id` = `t2`.`id`)) left join `tournament_teams` `w` on(`m`.`winner_team_id` = `w`.`id`)) */;
/*!50001 SET character_set_client      = @saved_cs_client */;
/*!50001 SET character_set_results     = @saved_cs_results */;
/*!50001 SET collation_connection      = @saved_col_connection */;

--
-- Final view structure for view `v_standings_full`
--

/*!50001 DROP VIEW IF EXISTS `v_standings_full`*/;
/*!50001 SET @saved_cs_client          = @@character_set_client */;
/*!50001 SET @saved_cs_results         = @@character_set_results */;
/*!50001 SET @saved_col_connection     = @@collation_connection */;
/*!50001 SET character_set_client      = utf8mb4 */;
/*!50001 SET character_set_results     = utf8mb4 */;
/*!50001 SET collation_connection      = utf8mb4_general_ci */;
/*!50001 CREATE ALGORITHM=UNDEFINED */
/*!50013 DEFINER=`root`@`localhost` SQL SECURITY DEFINER */
/*!50001 VIEW `v_standings_full` AS select `s`.`id` AS `id`,`s`.`tournament_id` AS `tournament_id`,`s`.`school_id` AS `school_id`,`s`.`team_id` AS `team_id`,`s`.`played` AS `played`,`s`.`wins` AS `wins`,`s`.`draws` AS `draws`,`s`.`losses` AS `losses`,`s`.`goals_for` AS `goals_for`,`s`.`goals_against` AS `goals_against`,`s`.`goal_difference` AS `goal_difference`,`s`.`points` AS `points`,`s`.`form` AS `form`,`s`.`last_updated` AS `last_updated`,`s`.`group_name` AS `group_name`,`tt`.`team_name` AS `team_name`,`tt`.`team_color` AS `team_color`,`tt`.`class_id` AS `class_id`,`c`.`name` AS `class_name`,`t`.`name` AS `tournament_name`,`t`.`type` AS `tournament_type` from (((`standings` `s` join `tournament_teams` `tt` on(`s`.`team_id` = `tt`.`id`)) join `tournaments` `t` on(`s`.`tournament_id` = `t`.`id`)) left join `classes` `c` on(`tt`.`class_id` = `c`.`id`)) order by `s`.`tournament_id`,`s`.`points` desc,`s`.`goal_difference` desc,`s`.`goals_for` desc */;
/*!50001 SET character_set_client      = @saved_cs_client */;
/*!50001 SET character_set_results     = @saved_cs_results */;
/*!50001 SET collation_connection      = @saved_col_connection */;

--
-- Final view structure for view `v_student_latest_measurements`
--

/*!50001 DROP VIEW IF EXISTS `v_student_latest_measurements`*/;
/*!50001 SET @saved_cs_client          = @@character_set_client */;
/*!50001 SET @saved_cs_results         = @@character_set_results */;
/*!50001 SET @saved_col_connection     = @@collation_connection */;
/*!50001 SET character_set_client      = utf8mb4 */;
/*!50001 SET character_set_results     = utf8mb4 */;
/*!50001 SET collation_connection      = utf8mb4_general_ci */;
/*!50001 CREATE ALGORITHM=UNDEFINED */
/*!50013 DEFINER=`root`@`localhost` SQL SECURITY DEFINER */
/*!50001 VIEW `v_student_latest_measurements` AS select `sm`.`id` AS `id`,`sm`.`school_id` AS `school_id`,`sm`.`student_id` AS `student_id`,`sm`.`measurement_date` AS `measurement_date`,`sm`.`height_cm` AS `height_cm`,`sm`.`weight_kg` AS `weight_kg`,`sm`.`bmi` AS `bmi`,`sm`.`bmi_category` AS `bmi_category`,`sm`.`waist_cm` AS `waist_cm`,`sm`.`resting_heart_rate` AS `resting_heart_rate`,`sm`.`notes` AS `notes`,`sm`.`recorded_by` AS `recorded_by`,`sm`.`created_at` AS `created_at`,`sm`.`updated_at` AS `updated_at` from (`student_measurements` `sm` join (select `student_measurements`.`student_id` AS `student_id`,max(`student_measurements`.`measurement_date`) AS `max_date` from `student_measurements` group by `student_measurements`.`student_id`) `latest` on(`sm`.`student_id` = `latest`.`student_id` and `sm`.`measurement_date` = `latest`.`max_date`)) */;
/*!50001 SET character_set_client      = @saved_cs_client */;
/*!50001 SET character_set_results     = @saved_cs_results */;
/*!50001 SET collation_connection      = @saved_col_connection */;

--
-- Final view structure for view `v_students_full`
--

/*!50001 DROP VIEW IF EXISTS `v_students_full`*/;
/*!50001 SET @saved_cs_client          = @@character_set_client */;
/*!50001 SET @saved_cs_results         = @@character_set_results */;
/*!50001 SET @saved_col_connection     = @@collation_connection */;
/*!50001 SET character_set_client      = utf8mb4 */;
/*!50001 SET character_set_results     = utf8mb4 */;
/*!50001 SET collation_connection      = utf8mb4_general_ci */;
/*!50001 CREATE ALGORITHM=UNDEFINED */
/*!50013 DEFINER=`root`@`localhost` SQL SECURITY DEFINER */
/*!50001 VIEW `v_students_full` AS select `s`.`id` AS `id`,`s`.`school_id` AS `school_id`,`s`.`name` AS `name`,`s`.`student_number` AS `student_number`,`s`.`class_id` AS `class_id`,`s`.`active` AS `active`,`s`.`date_of_birth` AS `date_of_birth`,`s`.`blood_type` AS `blood_type`,`s`.`guardian_phone` AS `guardian_phone`,`s`.`medical_notes` AS `medical_notes`,`c`.`name` AS `class_name`,`c`.`section` AS `section`,`c`.`grade_id` AS `grade_id`,`g`.`name` AS `grade_name`,`g`.`code` AS `grade_code`,concat(`g`.`name`,' - ',`c`.`name`) AS `full_class_name`,timestampdiff(YEAR,`s`.`date_of_birth`,curdate()) AS `age` from ((`students` `s` join `classes` `c` on(`s`.`class_id` = `c`.`id`)) join `grades` `g` on(`c`.`grade_id` = `g`.`id`)) */;
/*!50001 SET character_set_client      = @saved_cs_client */;
/*!50001 SET character_set_results     = @saved_cs_results */;
/*!50001 SET collation_connection      = @saved_col_connection */;

--
-- Final view structure for view `v_tournaments_summary`
--

/*!50001 DROP VIEW IF EXISTS `v_tournaments_summary`*/;
/*!50001 SET @saved_cs_client          = @@character_set_client */;
/*!50001 SET @saved_cs_results         = @@character_set_results */;
/*!50001 SET @saved_col_connection     = @@collation_connection */;
/*!50001 SET character_set_client      = utf8mb4 */;
/*!50001 SET character_set_results     = utf8mb4 */;
/*!50001 SET collation_connection      = utf8mb4_general_ci */;
/*!50001 CREATE ALGORITHM=UNDEFINED */
/*!50013 DEFINER=`root`@`localhost` SQL SECURITY DEFINER */
/*!50001 VIEW `v_tournaments_summary` AS select `t`.`id` AS `id`,`t`.`school_id` AS `school_id`,`t`.`name` AS `name`,`t`.`description` AS `description`,`t`.`type` AS `type`,`t`.`team_mode` AS `team_mode`,`t`.`sport_type` AS `sport_type`,`t`.`start_date` AS `start_date`,`t`.`end_date` AS `end_date`,`t`.`randomize_teams` AS `randomize_teams`,`t`.`balance_method` AS `balance_method`,`t`.`auto_generate` AS `auto_generate`,`t`.`teams_per_match` AS `teams_per_match`,`t`.`points_win` AS `points_win`,`t`.`points_draw` AS `points_draw`,`t`.`points_loss` AS `points_loss`,`t`.`status` AS `status`,`t`.`winner_team_id` AS `winner_team_id`,`t`.`public_token` AS `public_token`,`t`.`is_public` AS `is_public`,`t`.`created_by` AS `created_by`,`t`.`created_at` AS `created_at`,`t`.`updated_at` AS `updated_at`,count(distinct `tt`.`id`) AS `team_count`,count(distinct `m`.`id`) AS `match_count`,sum(case when `m`.`status` = 'completed' then 1 else 0 end) AS `completed_matches`,`u`.`name` AS `created_by_name` from (((`tournaments` `t` left join `tournament_teams` `tt` on(`tt`.`tournament_id` = `t`.`id`)) left join `matches` `m` on(`m`.`tournament_id` = `t`.`id`)) left join `users` `u` on(`u`.`id` = `t`.`created_by`)) group by `t`.`id` */;
/*!50001 SET character_set_client      = @saved_cs_client */;
/*!50001 SET character_set_results     = @saved_cs_results */;
/*!50001 SET collation_connection      = @saved_col_connection */;
/*!40103 SET TIME_ZONE=@OLD_TIME_ZONE */;

/*!40101 SET SQL_MODE=@OLD_SQL_MODE */;
/*!40014 SET FOREIGN_KEY_CHECKS=@OLD_FOREIGN_KEY_CHECKS */;
/*!40014 SET UNIQUE_CHECKS=@OLD_UNIQUE_CHECKS */;
/*!40101 SET CHARACTER_SET_CLIENT=@OLD_CHARACTER_SET_CLIENT */;
/*!40101 SET CHARACTER_SET_RESULTS=@OLD_CHARACTER_SET_RESULTS */;
/*!40101 SET COLLATION_CONNECTION=@OLD_COLLATION_CONNECTION */;
/*!40111 SET SQL_NOTES=@OLD_SQL_NOTES */;

-- Dump completed on 2026-03-12 16:51:16
